genotype,environment,yield_1_0,yield_0_8,yield_0_5,yield_0_3
16511,Dalby_Dry,155.0196879,158.9004179,140.2348907,139.9984718
16511,Dalby_Wet,526.5143168,522.8975129,549.2151609,543.3539782
16511,Emerald_Dry,98.80743579,90.022997,136.8224626,103.9126999
16511,Emerald_Wet,537.1311737,531.6157706,515.4793802,651.0355078
16512,Dalby_Dry,166.4818761,183.8986012,180.8164501,129.8226811
16512,Dalby_Wet,514.3268921,505.3493087,495.0724329,454.2061847
16512,Emerald_Dry,106.238695,111.5421933,114.0752202,69.52145132
16512,Emerald_Wet,542.322128,539.86214,565.5631746,495.1420972
16513,Dalby_Dry,138.8834682,128.8483131,149.781366,153.2163637
16513,Dalby_Wet,491.7896338,491.7131609,478.1411436,469.4982645
16513,Emerald_Dry,103.8151404,117.6161395,133.276264,159.2041957
16513,Emerald_Wet,521.4769587,517.7779186,492.4813842,580.856893
16514,Dalby_Dry,154.9629475,136.6485707,141.9964697,218.4464496
16514,Dalby_Wet,521.479406,526.7344045,528.4279093,500.2501581
16514,Emerald_Dry,100.5074976,128.0462097,106.7372057,115.0934254
16514,Emerald_Wet,529.5658198,507.0171148,546.6371872,492.4962452
16515,Dalby_Dry,171.1098812,167.9814942,186.638125,186.72936
16515,Dalby_Wet,521.7145511,531.1675332,500.3298689,527.3798286
16515,Emerald_Dry,104.5377092,100.780672,53.52170507,100.7719759
16515,Emerald_Wet,557.7827735,550.0267718,564.7987987,551.7369496
16516,Dalby_Dry,197.9507957,213.1590787,203.6904478,241.8772731
16516,Dalby_Wet,540.3816358,513.9082591,535.3188115,500.698573
16516,Emerald_Dry,116.5020552,93.05584658,105.9179211,142.9089906
16516,Emerald_Wet,564.612428,584.6363113,584.6076622,652.2303281
16517,Dalby_Dry,253.7093017,250.7208279,210.5472429,184.9243031
16517,Dalby_Wet,527.1630951,554.7163597,544.0384106,542.3400073
16517,Emerald_Dry,195.1190261,197.7054624,262.1579013,212.6582002
16517,Emerald_Wet,497.210694,487.2110046,495.4913044,505.4766531
16518,Dalby_Dry,155.0068832,144.1425865,163.7870159,190.4101091
16518,Dalby_Wet,523.5564816,545.2756544,557.9875707,527.4949465
16518,Emerald_Dry,98.74554275,93.71304557,126.394869,56.05744588
16518,Emerald_Wet,531.1272535,536.0056475,521.5384622,549.2787415
16519,Dalby_Dry,155.9728365,152.5093386,126.1747166,127.1066337
16519,Dalby_Wet,499.8844748,502.7122649,493.1648514,544.4070709
16519,Emerald_Dry,103.4005844,70.85727842,66.08349414,182.2344
16519,Emerald_Wet,526.6026003,528.7298707,489.0539335,529.10487
16520,Dalby_Dry,212.6761924,195.8647318,211.3638367,246.0967659
16520,Dalby_Wet,544.6423515,555.524417,565.9737366,439.2669685
16520,Emerald_Dry,135.5688642,154.2618563,149.0608941,87.99320671
16520,Emerald_Wet,562.3602492,546.0823062,587.6254049,524.1694269
16521,Dalby_Dry,199.8320569,215.9201053,157.8801428,270.2071256
16521,Dalby_Wet,535.9187944,558.0143798,535.6550336,512.5696056
16521,Emerald_Dry,118.6939313,137.2632597,145.3697098,120.599827
16521,Emerald_Wet,559.4481712,536.6340452,579.6814854,555.0911819
16522,Dalby_Dry,191.8948583,199.0152437,204.5883848,232.8855621
16522,Dalby_Wet,528.6126145,538.7120642,511.577004,481.0944083
16522,Emerald_Dry,114.3069797,119.0234635,176.515656,86.9706007
16522,Emerald_Wet,547.323579,564.0635525,578.4762693,589.0206931
16523,Dalby_Dry,253.7846233,260.9850704,239.096044,263.762363
16523,Dalby_Wet,529.0847455,544.5194534,536.0734997,507.3155961
16523,Emerald_Dry,195.0475079,168.4910052,229.5412047,152.871782
16523,Emerald_Wet,496.5476741,482.7663975,454.370527,486.8629451
16524,Dalby_Dry,231.6433884,246.9586349,245.1961188,200.5574677
16524,Dalby_Wet,542.4579091,534.75747,540.3446084,539.6505011
16524,Emerald_Dry,155.8546439,127.2082321,131.8611133,141.9866225
16524,Emerald_Wet,539.4463065,530.7064521,541.360075,410.1010025
16525,Dalby_Dry,192.9949032,171.3378914,150.2195256,180.8654689
16525,Dalby_Wet,526.5912371,532.769381,594.4912343,594.4501299
16525,Emerald_Dry,115.471847,137.1176299,61.58581925,17.11959873
16525,Emerald_Wet,548.6724754,554.4520029,508.2591519,547.4190636
16526,Dalby_Dry,199.3327786,218.4525574,184.3056885,160.0424243
16526,Dalby_Wet,525.3187793,508.5439936,539.7055133,397.2305292
16526,Emerald_Dry,120.4746929,120.3931733,80.33382337,124.0550137
16526,Emerald_Wet,536.0615907,549.4217186,537.7344382,525.4693064
16527,Dalby_Dry,171.6855833,165.4056999,195.2180728,234.94194
16527,Dalby_Wet,526.3086599,520.2546252,531.7312777,528.2736641
16527,Emerald_Dry,101.5401563,90.56780334,116.9298429,102.6528597
16527,Emerald_Wet,565.4752519,561.3464724,593.400558,559.0778782
16528,Dalby_Dry,199.0582585,174.9360188,177.9451076,299.5398048
16528,Dalby_Wet,537.5337445,535.3838022,488.3493115,635.5339164
16528,Emerald_Dry,125.1883206,146.2797966,85.59618696,177.3139755
16528,Emerald_Wet,560.3836426,558.3151026,573.5956986,616.0559335
16529,Dalby_Dry,171.3336362,188.8336032,140.7771815,225.2256844
16529,Dalby_Wet,532.6121328,549.1383178,519.0500234,456.8602302
16529,Emerald_Dry,103.0266782,99.39370157,119.9871207,24.21201449
16529,Emerald_Wet,544.6924396,543.9677491,572.9264388,561.8685386
16530,Dalby_Dry,221.4996909,240.1684302,190.555676,183.8779047
16530,Dalby_Wet,542.6427371,522.531598,571.2750084,524.8867405
16530,Emerald_Dry,140.0926626,132.3097818,96.03201375,183.1236885
16530,Emerald_Wet,554.498428,539.4764596,497.8800943,528.9162304
16531,Dalby_Dry,143.5819668,143.7763052,203.6315702,70.12368121
16531,Dalby_Wet,508.2903134,516.8797236,517.3685552,572.8572444
16531,Emerald_Dry,104.6601757,119.5975481,110.8534211,146.2049615
16531,Emerald_Wet,522.1600184,537.1385307,553.9369294,605.2687148
16532,Dalby_Dry,161.1071844,138.1597701,178.3477178,96.51985127
16532,Dalby_Wet,516.2920824,526.6237079,502.0030981,524.2678517
16532,Emerald_Dry,101.485646,96.14300931,53.64552316,144.8898201
16532,Emerald_Wet,543.0984773,529.9111692,609.6980118,556.5160151
16533,Dalby_Dry,199.2771261,198.1541194,210.3470683,242.0047899
16533,Dalby_Wet,522.8702558,521.8893548,492.3852072,450.8141632
16533,Emerald_Dry,119.9198766,130.6142332,132.573884,91.18771979
16533,Emerald_Wet,540.0463293,563.2760101,541.6453477,598.9473899
16534,Dalby_Dry,133.1764317,119.5406306,221.3263115,104.4170055
16534,Dalby_Wet,480.9729411,468.6182404,486.3897516,480.61527
16534,Emerald_Dry,102.7444716,81.26749814,63.13297859,41.49976216
16534,Emerald_Wet,503.7530991,506.0533282,478.917504,527.0359863
16535,Dalby_Dry,192.493146,167.2077439,200.1253671,187.2947977
16535,Dalby_Wet,529.4154746,543.2216546,542.9242203,579.1319278
16535,Emerald_Dry,110.7219182,96.33093838,68.08322923,113.3263124
16535,Emerald_Wet,550.4068699,567.5017746,582.4670555,518.1652076
16536,Dalby_Dry,181.7398817,188.3770885,200.1149091,157.0318238
16536,Dalby_Wet,526.2341649,495.1058349,507.8815369,543.3423318
16536,Emerald_Dry,113.7905168,104.9924924,134.6706,77.84958437
16536,Emerald_Wet,535.5997663,553.6606686,557.1489377,605.5673134
16537,Dalby_Dry,237.0630964,213.3588429,188.832846,181.0986646
16537,Dalby_Wet,522.579613,526.9805977,500.9308103,520.0632124
16537,Emerald_Dry,165.4222083,156.2556391,138.4696776,116.5820903
16537,Emerald_Wet,500.6769293,495.0983989,502.8982911,580.3681976
16538,Dalby_Dry,212.6847549,217.2609482,265.2081931,148.6391214
16538,Dalby_Wet,538.3777524,522.2454181,531.9413226,496.5220866
16538,Emerald_Dry,128.435884,147.5311668,193.1100913,182.4390615
16538,Emerald_Wet,569.9396158,567.4327944,549.905252,613.4062693
16539,Dalby_Dry,139.1030415,108.064429,135.3539455,65.73009373
16539,Dalby_Wet,492.200354,508.3304414,467.160834,517.246669
16539,Emerald_Dry,105.0767661,123.2465351,141.1805345,116.1662057
16539,Emerald_Wet,520.8070792,537.343872,525.3967487,543.6771862
16540,Dalby_Dry,161.1327554,127.8326845,155.6976755,148.7236667
16540,Dalby_Wet,518.5403158,527.2516618,530.3566042,586.2073926
16540,Emerald_Dry,99.83346338,92.03175773,100.1991063,81.09339194
16540,Emerald_Wet,548.1659046,563.5790243,590.8827264,591.7316469
16541,Dalby_Dry,215.0638208,191.6309226,229.5417829,159.0580673
16541,Dalby_Wet,525.979667,522.5202646,571.6633377,529.9795406
16541,Emerald_Dry,142.1130401,120.9890858,145.495471,68.64678866
16541,Emerald_Wet,531.1194136,512.951592,518.9058032,545.0843255
16542,Dalby_Dry,267.9137919,270.1209174,271.7706095,296.5508531
16542,Dalby_Wet,515.0410083,536.4162273,499.3122874,459.3935029
16542,Emerald_Dry,217.5145197,228.0849388,237.5938206,164.5566907
16542,Emerald_Wet,487.9728438,475.3412082,490.8011389,423.7440194
16543,Dalby_Dry,269.3898096,269.2326446,259.6176707,278.4069049
16543,Dalby_Wet,493.918929,492.5252035,488.4733707,417.0617346
16543,Emerald_Dry,213.24597,235.4044871,216.719595,171.7741489
16543,Emerald_Wet,468.6248635,461.1225004,491.3067979,488.7023203
16544,Dalby_Dry,242.0299884,187.9690346,276.3408734,177.6938953
16544,Dalby_Wet,542.8514824,519.7928444,492.2443811,556.321956
16544,Emerald_Dry,171.0633828,151.3982486,134.9104156,208.9978828
16544,Emerald_Wet,525.3029416,518.2829638,501.3364657,594.6785905
16545,Dalby_Dry,138.0069918,118.6943314,135.4716333,108.0426033
16545,Dalby_Wet,494.1673077,493.9920279,510.2188917,424.5415782
16545,Emerald_Dry,104.1312664,103.6919019,85.2279586,99.18178071
16545,Emerald_Wet,521.5355281,529.9274521,526.9339884,574.8657511
16546,Dalby_Dry,254.8648682,248.3575525,311.2560194,222.9688453
16546,Dalby_Wet,534.3281763,524.931092,523.2942129,557.8061517
16546,Emerald_Dry,177.5207152,164.6213634,230.4803447,134.2190424
16546,Emerald_Wet,505.1933725,517.8266413,529.9284656,609.4422317
16547,Dalby_Dry,165.7119301,182.4833434,74.4604292,224.933363
16547,Dalby_Wet,526.383208,495.4921857,511.5483071,444.8336715
16547,Emerald_Dry,102.4394675,119.5759502,148.8346723,98.70410841
16547,Emerald_Wet,538.5118887,560.9347082,556.2416019,464.3923962
16548,Dalby_Dry,232.0230233,243.3966288,187.8116095,262.7642833
16548,Dalby_Wet,536.0691241,549.855777,550.2603175,527.993488
16548,Emerald_Dry,161.1577539,176.7463155,207.719847,230.9753535
16548,Emerald_Wet,514.6947042,536.8844051,551.4559397,532.3597774
16549,Dalby_Dry,208.1671882,227.7892771,190.4095836,342.1214711
16549,Dalby_Wet,538.1419215,534.4245595,507.9203169,559.507743
16549,Emerald_Dry,129.7611891,118.0183755,92.67605496,174.3267822
16549,Emerald_Wet,535.7114486,522.8081856,483.4066503,488.7412165
16550,Dalby_Dry,190.3638129,203.3379721,214.3584055,233.7579681
16550,Dalby_Wet,542.5111102,534.3903454,567.6622713,480.6301286
16550,Emerald_Dry,108.97697,108.0176465,123.8189402,115.9401483
16550,Emerald_Wet,575.9938945,565.8535499,562.8174224,587.0727153
16551,Dalby_Dry,155.8483428,160.5388505,177.8586517,163.6961324
16551,Dalby_Wet,499.4650356,486.9271222,542.0864217,560.1146466
16551,Emerald_Dry,103.2490078,114.2054989,31.6067059,175.4655859
16551,Emerald_Wet,525.9905511,546.5393867,515.7380967,500.9005737
16552,Dalby_Dry,155.0602681,150.7626714,120.713756,137.5280156
16552,Dalby_Wet,521.9548625,495.2810791,548.2890501,517.7575397
16552,Emerald_Dry,102.257535,92.40586247,94.71100493,11.08325205
16552,Emerald_Wet,530.3326693,541.942904,488.4856635,551.3674142
16553,Dalby_Dry,166.529403,177.1092942,175.2485467,203.2603497
16553,Dalby_Wet,512.4830993,505.5254041,498.975147,579.1107033
16553,Emerald_Dry,106.9592664,72.2775684,100.2555915,110.7669754
16553,Emerald_Wet,535.8047249,533.9606068,575.7487999,494.668084
16554,Dalby_Dry,172.1994902,163.3763918,179.2733564,147.4499569
16554,Dalby_Wet,524.747019,564.7017848,519.6227188,556.0986621
16554,Emerald_Dry,105.297003,113.5765717,132.2823864,173.9329473
16554,Emerald_Wet,542.6805736,508.315243,522.082186,541.9434423
16555,Dalby_Dry,205.1747452,179.9902401,175.5436115,214.8429851
16555,Dalby_Wet,532.5804634,526.8441365,580.4061873,529.7142245
16555,Emerald_Dry,126.2753891,120.4314044,125.4293962,169.4830836
16555,Emerald_Wet,548.5385124,550.6991237,585.1390361,491.5172856
16556,Dalby_Dry,205.4315955,232.5064218,194.8415349,204.3207426
16556,Dalby_Wet,541.8512942,550.1350755,561.7021118,613.6277078
16556,Emerald_Dry,137.0575008,113.4626633,152.9439523,259.6632404
16556,Emerald_Wet,553.424894,551.6101014,551.2360585,565.2896214
16557,Dalby_Dry,232.6674732,222.4522639,228.5075404,230.1288762
16557,Dalby_Wet,530.3831819,510.0429322,567.6196605,579.1852514
16557,Emerald_Dry,160.4944386,161.7120436,181.2738363,252.3295794
16557,Emerald_Wet,516.7788505,498.5512116,491.7588722,552.4119707
16558,Dalby_Dry,179.6781221,161.679675,148.0485056,248.2390626
16558,Dalby_Wet,524.1881147,551.4233051,516.9964983,499.5919526
16558,Emerald_Dry,107.7940867,104.4012702,38.99091571,121.5692885
16558,Emerald_Wet,533.3797803,540.3154623,525.6437088,452.3152288
16559,Dalby_Dry,199.0880603,228.204662,160.4776171,118.4969995
16559,Dalby_Wet,524.7720584,531.3750887,527.5598621,499.0682581
16559,Emerald_Dry,115.0790298,129.8870972,165.8591905,163.3565953
16559,Emerald_Wet,546.2097427,543.868546,533.1846691,465.0181202
16560,Dalby_Dry,199.7019777,233.0382787,288.8426599,209.4749261
16560,Dalby_Wet,535.7293722,498.196679,530.6534421,618.4567451
16560,Emerald_Dry,118.7076903,151.7049461,128.7360971,124.1146023
16560,Emerald_Wet,559.7380023,575.0737887,554.1452134,588.7677008
16561,Dalby_Dry,178.8152539,176.2294398,220.7116085,156.870578
16561,Dalby_Wet,523.3445611,546.3736624,564.3010346,461.3705552
16561,Emerald_Dry,104.2229373,68.1886937,85.57545935,174.5618488
16561,Emerald_Wet,555.5298718,556.0369924,521.5551864,561.2500661
16562,Dalby_Dry,197.7242502,209.2340913,171.7716638,209.1817214
16562,Dalby_Wet,534.9382083,551.7078374,582.072132,576.2150435
16562,Emerald_Dry,116.4015576,143.2415879,142.6060771,133.6379146
16562,Emerald_Wet,565.1630967,566.303469,585.2613773,482.1852293
16563,Dalby_Dry,205.4613295,214.4711469,221.3794168,174.8926445
16563,Dalby_Wet,542.4815541,540.905094,532.595418,660.8719938
16563,Emerald_Dry,131.0229308,156.2672741,100.0979285,161.750885
16563,Emerald_Wet,553.4338442,568.205712,530.5358007,560.2698117
16564,Dalby_Dry,224.3667616,199.0925464,224.7346271,130.3969769
16564,Dalby_Wet,541.7664354,576.1911884,522.1866573,543.4797605
16564,Emerald_Dry,142.1909432,112.5619857,105.4550623,148.5895924
16564,Emerald_Wet,553.9751116,576.8462548,595.7323511,579.0763907
16565,Dalby_Dry,269.6428381,248.9440374,251.9594676,169.1967518
16565,Dalby_Wet,490.3368847,498.3614701,453.4165148,449.593773
16565,Emerald_Dry,212.6020779,200.2565004,220.244542,232.0522462
16565,Emerald_Wet,466.5988381,456.6740218,553.643594,452.3530571
16566,Dalby_Dry,173.0303357,160.1676978,166.1970101,143.7438602
16566,Dalby_Wet,525.8696571,514.8610631,542.7704427,483.158565
16566,Emerald_Dry,107.9088399,114.0483043,80.20429911,120.7542805
16566,Emerald_Wet,542.3454296,513.6395399,548.6536371,640.2198123
16567,Dalby_Dry,199.240566,191.4364289,280.9047019,258.7169972
16567,Dalby_Wet,536.4937241,543.8179652,569.3606311,512.0686335
16567,Emerald_Dry,118.6866212,137.6031811,159.1237606,152.1834261
16567,Emerald_Wet,558.5003143,582.3464732,523.7802954,572.665757
16568,Dalby_Dry,243.7328585,252.3307292,245.4568221,264.1402132
16568,Dalby_Wet,535.089358,542.7604962,527.7705948,567.0097361
16568,Emerald_Dry,167.3132681,194.795313,178.2415799,209.078699
16568,Emerald_Wet,516.9400786,515.2670481,529.9293994,495.9281242
16569,Dalby_Dry,156.4527018,146.9912339,140.2400475,161.9951523
16569,Dalby_Wet,507.1662027,463.0551577,410.0276592,565.7359592
16569,Emerald_Dry,107.9268213,117.2181799,91.42344714,97.33762747
16569,Emerald_Wet,516.3117312,505.8596318,522.0193313,549.3636474
16570,Dalby_Dry,192.4938289,179.9823213,186.0659259,307.6978943
16570,Dalby_Wet,530.3907011,505.0286819,467.682608,483.2869859
16570,Emerald_Dry,116.5881658,118.6583209,84.39435172,123.1750216
16570,Emerald_Wet,540.454986,542.0512461,546.9711248,605.5127623
16571,Dalby_Dry,161.6953151,137.3189606,178.5308422,129.4883407
16571,Dalby_Wet,515.7615739,534.3891563,499.0404855,531.4598355
16571,Emerald_Dry,101.4115422,111.2664821,79.63447773,65.31254352
16571,Emerald_Wet,543.8293559,534.3621995,524.2697524,538.8509876
16572,Dalby_Dry,232.2814923,260.4691198,284.0171101,246.6001245
16572,Dalby_Wet,534.0022925,509.7841744,491.5477111,629.4145445
16572,Emerald_Dry,159.6455328,166.801462,150.8205983,213.9738837
16572,Emerald_Wet,525.7792382,498.6161325,514.7854588,503.5130089
16573,Dalby_Dry,180.5601176,162.3051418,152.0269088,309.2096885
16573,Dalby_Wet,532.0594004,550.0360582,539.271228,481.1367754
16573,Emerald_Dry,107.5572338,147.3647304,88.66541618,186.9505652
16573,Emerald_Wet,557.1033026,550.5222016,596.5719704,579.1278599
16574,Dalby_Dry,214.7169021,225.3488097,232.2259025,192.9468199
16574,Dalby_Wet,535.2041558,508.5430995,569.5133668,511.2463111
16574,Emerald_Dry,145.1388775,152.144267,108.063286,127.7202477
16574,Emerald_Wet,534.0134135,535.9400603,557.5023893,588.6108243
16575,Dalby_Dry,223.694651,241.2284142,272.568875,246.1169388
16575,Dalby_Wet,532.5876089,523.4250666,533.4409834,498.8069912
16575,Emerald_Dry,150.6422542,139.3419097,134.3280758,144.7085555
16575,Emerald_Wet,535.0149409,548.348992,537.8594047,568.8151657
16576,Dalby_Dry,193.378344,187.0203142,227.25419,81.08847156
16576,Dalby_Wet,523.0776209,531.4747989,534.1936462,593.4872284
16576,Emerald_Dry,115.6623871,107.7174536,187.8531796,104.8831119
16576,Emerald_Wet,541.3900812,541.5863396,570.0555145,523.9533532
16577,Dalby_Dry,192.473448,198.4077465,163.427927,114.471251
16577,Dalby_Wet,529.1822527,515.2795665,515.7946454,520.1808138
16577,Emerald_Dry,114.5587695,126.4663037,37.24769308,88.78091137
16577,Emerald_Wet,548.6181758,557.598777,639.0598029,501.2271171
16578,Dalby_Dry,165.4827214,153.0560736,142.6046446,158.4064786
16578,Dalby_Wet,518.0263216,529.027593,497.8661209,493.0100431
16578,Emerald_Dry,102.0513535,70.54491862,76.05828566,156.422515
16578,Emerald_Wet,546.6776364,537.8868232,585.0450618,543.5213842
16579,Dalby_Dry,180.7885153,141.6711287,211.985507,222.3123356
16579,Dalby_Wet,536.2579189,533.8070522,549.0432632,519.1750503
16579,Emerald_Dry,107.9517272,91.0335031,114.4282896,114.9975471
16579,Emerald_Wet,559.2320197,556.6049089,603.6733959,581.5524654
16580,Dalby_Dry,155.1024973,133.289917,137.3274543,134.1134214
16580,Dalby_Wet,519.2937155,501.3964858,557.2410839,607.7028159
16580,Emerald_Dry,101.1490323,87.7773209,169.2509986,118.2065733
16580,Emerald_Wet,546.6950023,555.4774586,496.292476,550.7250084
16581,Dalby_Dry,253.223506,245.5485736,226.8455134,313.8632325
16581,Dalby_Wet,535.038075,542.6703883,486.8317772,591.3607993
16581,Emerald_Dry,187.3221803,193.6080796,197.3423423,158.7535704
16581,Emerald_Wet,500.776559,494.3143512,430.7336997,515.8254776
16582,Dalby_Dry,192.1426049,165.5313898,247.1569338,235.9951748
16582,Dalby_Wet,527.1381151,527.9676069,522.1803601,482.9424691
16582,Emerald_Dry,114.3488389,147.9978629,128.5451088,142.7825255
16582,Emerald_Wet,561.4360223,565.7938965,586.2375864,523.7670684
16583,Dalby_Dry,205.3259364,213.4418844,164.8045881,221.1566392
16583,Dalby_Wet,544.8916041,544.3958361,534.3249435,514.389338
16583,Emerald_Dry,131.4349016,140.8229599,137.7343461,160.7339141
16583,Emerald_Wet,558.8410255,568.7849158,532.5047259,484.4712229
16584,Dalby_Dry,154.7731087,126.6753721,134.1127441,152.2014083
16584,Dalby_Wet,506.7527316,533.3596619,524.0754049,598.255366
16584,Emerald_Dry,100.4273188,55.96989853,82.40353812,142.9075418
16584,Emerald_Wet,519.8489305,486.1614637,525.7556107,463.2293005
16585,Dalby_Dry,163.0687969,192.6271394,160.7386492,150.4588805
16585,Dalby_Wet,515.5369086,509.0690282,565.4290241,545.8748323
16585,Emerald_Dry,106.1479023,105.7307119,159.0863737,212.0893831
16585,Emerald_Wet,525.3221338,510.6706484,544.3282196,535.790813
16586,Dalby_Dry,154.9993565,122.502792,173.0423653,171.2997765
16586,Dalby_Wet,505.6884521,515.4027082,497.7019782,552.1360024
16586,Emerald_Dry,101.7830858,84.88952475,123.542697,56.76309266
16586,Emerald_Wet,538.0892905,548.3136359,575.9814772,424.7244426
16587,Dalby_Dry,197.7367999,209.4586004,196.3435964,146.7380301
16587,Dalby_Wet,538.5774494,532.9736864,540.3869964,510.3683223
16587,Emerald_Dry,116.6583699,128.5352571,81.85172443,113.4276873
16587,Emerald_Wet,562.9142511,546.2282278,520.150204,527.8476561
16588,Dalby_Dry,185.1388892,156.7179655,168.1975591,197.6325566
16588,Dalby_Wet,532.2296038,534.6877805,468.9034351,541.0620323
16588,Emerald_Dry,110.7528664,104.3932352,83.95071812,89.82899578
16588,Emerald_Wet,553.9945047,528.2420948,575.0071013,499.8176294
16589,Dalby_Dry,154.4318001,174.5927169,176.0164154,173.8753289
16589,Dalby_Wet,504.5103497,511.415263,502.8659743,484.3342013
16589,Emerald_Dry,101.1849116,110.5920785,86.03294318,66.37695512
16589,Emerald_Wet,529.513268,555.334594,557.2661999,461.7911068
16590,Dalby_Dry,191.7416674,174.4315842,186.6900074,301.5003885
16590,Dalby_Wet,542.7946263,538.4440657,500.4076531,477.0783908
16590,Emerald_Dry,109.4216734,116.2821237,109.1608162,175.6954535
16590,Emerald_Wet,570.8472821,565.8331304,603.3152462,618.3486781
16591,Dalby_Dry,193.4522904,185.8687235,205.2922939,198.0246255
16591,Dalby_Wet,527.2488993,515.5933743,477.3712751,521.0185058
16591,Emerald_Dry,116.3839649,103.2058499,125.645957,109.4265579
16591,Emerald_Wet,549.8702882,579.8858947,475.5980434,536.2420547
16592,Dalby_Dry,197.6050601,218.7530005,142.5469799,290.8028178
16592,Dalby_Wet,532.5504199,511.8409051,530.7629278,611.8456916
16592,Emerald_Dry,116.1712184,116.1531005,144.4358303,192.797302
16592,Emerald_Wet,559.5497,550.5406704,554.0149906,562.9371282
16593,Dalby_Dry,223.7387636,202.6891361,209.4181435,242.1776947
16593,Dalby_Wet,534.8511235,531.7488811,545.6528385,552.1137737
16593,Emerald_Dry,144.1548373,142.4233264,108.4784248,146.92966
16593,Emerald_Wet,547.275832,524.1613716,503.0261285,548.3023215
16594,Dalby_Dry,200.2755894,195.5077181,199.0977392,153.7377045
16594,Dalby_Wet,533.8770084,540.972976,526.4615758,477.6001858
16594,Emerald_Dry,123.8736539,116.4452846,121.0669581,132.6744544
16594,Emerald_Wet,554.2001389,551.1408639,558.8080517,682.1392342
16595,Dalby_Dry,182.4312008,174.6650689,133.8220935,189.5093146
16595,Dalby_Wet,527.3837584,511.499475,508.2339906,534.4842306
16595,Emerald_Dry,116.0579124,104.2101811,154.3817935,71.52852314
16595,Emerald_Wet,535.1409436,539.5740292,535.1613379,578.1755376
16596,Dalby_Dry,184.7053881,187.437688,185.6555311,195.6009127
16596,Dalby_Wet,532.3004822,554.0300037,515.2612363,569.8396513
16596,Emerald_Dry,106.8219126,103.0724578,127.953517,54.07545215
16596,Emerald_Wet,555.7221882,559.0894733,540.394685,571.1440682
16597,Dalby_Dry,166.2328831,157.0372255,214.4711608,165.2215667
16597,Dalby_Wet,526.1362058,527.3217975,543.1194146,566.3361455
16597,Emerald_Dry,100.519281,112.7168516,117.090441,133.5719061
16597,Emerald_Wet,564.4833413,555.33304,456.4777789,507.5875025
16598,Dalby_Dry,186.0630766,179.8042123,157.5854259,134.8927761
16598,Dalby_Wet,531.3256571,539.4332699,513.5693452,545.3984876
16598,Emerald_Dry,115.988839,113.4739327,93.91553925,41.08961504
16598,Emerald_Wet,543.8165667,552.7984557,521.5805296,542.0985817
16599,Dalby_Dry,244.9376042,241.9532868,223.2560475,261.6968804
16599,Dalby_Wet,540.164806,535.2290317,540.8462475,511.6786709
16599,Emerald_Dry,176.1914297,187.9632144,123.3914759,150.620763
16599,Emerald_Wet,510.6685926,491.1025111,565.3875535,578.9372123
16600,Dalby_Dry,199.4739066,164.8547892,156.2816723,227.1851972
16600,Dalby_Wet,522.2148439,529.1747404,494.8382998,530.6841199
16600,Emerald_Dry,120.5866899,126.4756188,156.9528535,28.58487399
16600,Emerald_Wet,544.1651689,528.8144247,545.5944059,554.0841679
16601,Dalby_Dry,225.7751434,207.7118028,232.7340639,296.2410323
16601,Dalby_Wet,526.1260889,536.1913385,512.8243542,603.1700189
16601,Emerald_Dry,158.4841911,167.1150513,127.7619509,170.4605999
16601,Emerald_Wet,512.466152,518.9458887,475.5863629,461.3454962
16602,Dalby_Dry,132.206023,125.9954095,142.7012203,116.2950052
16602,Dalby_Wet,494.5518592,468.7437769,503.0256089,447.3528388
16602,Emerald_Dry,105.3502296,109.1162771,132.504872,172.0372662
16602,Emerald_Wet,524.4404238,505.9221386,517.8643173,535.1769626
16603,Dalby_Dry,179.7738714,198.1940486,135.2478837,195.2497655
16603,Dalby_Wet,533.7289376,536.8326655,562.3196616,638.520095
16603,Emerald_Dry,106.0022733,94.77426576,126.4857321,88.09813504
16603,Emerald_Wet,561.6550077,525.3560923,570.8437524,569.806518
16604,Dalby_Dry,172.4471977,162.9304225,171.4366551,88.31067644
16604,Dalby_Wet,514.4718117,500.6926644,513.8145891,516.4528494
16604,Emerald_Dry,108.2771953,92.66959219,145.8838422,106.3922423
16604,Emerald_Wet,521.1111163,540.9655489,515.4610251,523.258207
16605,Dalby_Dry,221.3601236,201.8123594,248.1100009,228.8929867
16605,Dalby_Wet,544.8197218,563.4714461,494.0703751,422.35208
16605,Emerald_Dry,148.0881033,173.607048,89.71466243,91.03814602
16605,Emerald_Wet,543.3978934,523.0514519,479.712915,427.2610726
16606,Dalby_Dry,179.7315421,187.0617357,208.0941999,229.8275871
16606,Dalby_Wet,532.5484146,531.6773545,559.9512134,609.6343979
16606,Emerald_Dry,105.7043954,114.194612,119.2032958,19.02007539
16606,Emerald_Wet,558.1989533,570.9942913,551.7978434,522.5692981
16607,Dalby_Dry,192.1254684,185.7556622,223.3301981,180.0135865
16607,Dalby_Wet,533.1980162,534.9144843,579.476757,595.5180886
16607,Emerald_Dry,111.6354021,113.1139288,121.7198901,159.5068696
16607,Emerald_Wet,550.4920521,570.0238303,551.6253668,481.5457115
16608,Dalby_Dry,213.4177738,211.2923042,217.9612146,255.2787807
16608,Dalby_Wet,541.1569857,535.3983158,500.3235664,631.068627
16608,Emerald_Dry,141.8359392,163.1788826,148.2810064,148.4779282
16608,Emerald_Wet,557.7477284,536.8129906,584.315236,488.0318672
16609,Dalby_Dry,134.6828412,121.9152483,102.9819002,112.5554775
16609,Dalby_Wet,484.1829789,480.5583255,504.5946752,512.6045598
16609,Emerald_Dry,109.2640191,144.5856172,157.0533882,111.5933177
16609,Emerald_Wet,495.2863092,464.4674152,506.3805783,530.863303
16610,Dalby_Dry,184.4120094,170.8994945,221.192135,201.2857827
16610,Dalby_Wet,533.5685819,545.1268723,522.7491794,579.0674273
16610,Emerald_Dry,107.97893,109.8440254,150.46713,127.7525644
16610,Emerald_Wet,554.0630418,540.7648474,609.7424707,658.7776323
16611,Dalby_Dry,213.1507247,220.570666,190.1685475,358.3655053
16611,Dalby_Wet,545.0024886,545.6772514,560.7847499,539.5854135
16611,Emerald_Dry,133.980001,135.0748756,180.4862216,144.3036916
16611,Emerald_Wet,549.1832508,549.1561347,562.9448593,522.3483231
16612,Dalby_Dry,199.9332384,189.0729099,232.5511379,222.6122643
16612,Dalby_Wet,534.6184587,533.2337949,531.790681,539.1584653
16612,Emerald_Dry,119.0641726,102.3233542,137.5496388,115.5259279
16612,Emerald_Wet,554.2894444,562.3699831,549.6425082,576.3748073
16613,Dalby_Dry,212.8546811,223.6430282,184.7992235,160.0124958
16613,Dalby_Wet,536.8035675,573.7886338,540.157269,559.4590732
16613,Emerald_Dry,134.9940432,163.8305276,140.587527,196.0322402
16613,Emerald_Wet,564.2838308,595.58176,533.1017533,693.5474698
16614,Dalby_Dry,190.466975,187.517246,208.3587795,144.7748008
16614,Dalby_Wet,531.9404339,534.9411197,479.9653464,581.6247885
16614,Emerald_Dry,109.8347194,98.24661465,111.0844557,145.6056451
16614,Emerald_Wet,549.7909467,559.1159847,532.3785089,568.5612025
16615,Dalby_Dry,261.2281427,257.1903783,256.7812146,192.2595826
16615,Dalby_Wet,510.595471,510.758534,537.5687485,460.377661
16615,Emerald_Dry,197.2825171,195.0972911,235.3630001,166.7959489
16615,Emerald_Wet,487.6242968,467.0573471,516.7850976,470.3787
16616,Dalby_Dry,204.2552358,212.5098821,165.247284,261.3202096
16616,Dalby_Wet,547.9448732,591.1834472,567.3248626,546.9357235
16616,Emerald_Dry,123.5689888,141.6000759,119.8835756,103.9224143
16616,Emerald_Wet,569.8944386,547.6574278,579.1135719,610.2629601
16617,Dalby_Dry,192.3035374,203.1502326,163.730425,191.6813127
16617,Dalby_Wet,527.4869256,539.5329166,540.5095581,429.8188384
16617,Emerald_Dry,114.8741759,87.43386593,110.4835853,120.9426203
16617,Emerald_Wet,547.4608493,554.4737309,611.3980228,546.3706135
16618,Dalby_Dry,204.8809209,198.5090766,212.9334291,199.4041156
16618,Dalby_Wet,535.7114939,506.5714678,489.4714794,480.351367
16618,Emerald_Dry,121.2872855,142.0917541,100.9250351,140.7579111
16618,Emerald_Wet,565.3326541,556.2913211,541.9585563,522.4477125
16619,Dalby_Dry,179.1559363,162.7478164,129.7547223,141.9811127
16619,Dalby_Wet,524.3174934,522.9031591,530.0780777,546.6684788
16619,Emerald_Dry,108.1298117,97.01889061,79.50668962,0
16619,Emerald_Wet,534.5957037,548.0148838,532.7419051,397.5919931
16620,Dalby_Dry,261.0162508,221.3957397,275.3905287,271.8413817
16620,Dalby_Wet,517.9595375,497.3865961,516.1285538,523.4764738
16620,Emerald_Dry,192.9641657,197.6431241,161.590035,138.2515037
16620,Emerald_Wet,488.291877,471.1394008,495.7858289,522.0415387
16621,Dalby_Dry,253.3139407,269.3846293,315.3396829,215.6299573
16621,Dalby_Wet,522.423842,517.3221485,517.5078372,608.0712265
16621,Emerald_Dry,188.0455786,205.5951487,168.696792,105.6706945
16621,Emerald_Wet,497.8638079,491.66778,543.2213251,494.8535874
16622,Dalby_Dry,200.2987547,190.9416325,212.4916304,188.2790701
16622,Dalby_Wet,522.7010801,524.2739081,570.0941826,538.5483332
16622,Emerald_Dry,124.6248854,108.1077807,82.15185946,85.25978861
16622,Emerald_Wet,535.0804692,537.675936,551.2451176,574.3178491
16623,Dalby_Dry,192.3984902,176.3992345,211.1159458,210.3672065
16623,Dalby_Wet,526.5135507,511.3202194,538.4078027,452.5504673
16623,Emerald_Dry,115.3132715,96.77350442,95.50918585,53.62664748
16623,Emerald_Wet,543.3318464,560.4922116,535.2738105,572.8212733
16624,Dalby_Dry,191.7702497,204.95801,190.8187006,206.2815061
16624,Dalby_Wet,531.080862,572.97225,509.3909758,492.764048
16624,Emerald_Dry,111.8277858,117.2945037,175.1374388,108.5097248
16624,Emerald_Wet,553.8400409,548.9755689,524.4669334,603.4241847
16625,Dalby_Dry,160.7138875,144.8668542,98.26034208,227.6502105
16625,Dalby_Wet,521.1205806,537.9206216,555.1196023,484.0152272
16625,Emerald_Dry,103.4766861,118.9097102,73.59730904,19.91761119
16625,Emerald_Wet,524.7174581,509.9053485,510.895507,580.1680509
16626,Dalby_Dry,253.738549,246.3631127,251.8813769,299.965635
16626,Dalby_Wet,526.2860538,546.4102938,507.9788972,501.8825644
16626,Emerald_Dry,193.9396936,197.0301727,161.2526,245.5301737
16626,Emerald_Wet,500.2414207,523.5972133,467.7069434,485.933002
16627,Dalby_Dry,217.9113061,223.8654249,182.1788369,171.3659705
16627,Dalby_Wet,537.6473154,518.070837,601.0108469,556.145218
16627,Emerald_Dry,146.4780575,129.0647553,144.3053954,192.8255441
16627,Emerald_Wet,537.5689024,521.2156451,542.1392391,484.395034
16628,Dalby_Dry,219.3168323,225.1643776,194.6796491,136.9634325
16628,Dalby_Wet,547.6069253,531.9210004,571.1380587,442.0271036
16628,Emerald_Dry,138.1502535,143.5800341,176.652881,58.88192918
16628,Emerald_Wet,569.9790012,582.6862456,625.5654546,531.5007428
16629,Dalby_Dry,156.5002504,148.1708263,180.3417678,155.4019293
16629,Dalby_Wet,507.5897779,506.5038902,509.846156,597.9729907
16629,Emerald_Dry,106.7071029,106.9704427,47.67594579,127.7455439
16629,Emerald_Wet,515.8593555,494.9494476,502.9051086,510.9099503
16630,Dalby_Dry,234.0431393,245.483908,258.3097081,260.505624
16630,Dalby_Wet,533.3312561,534.3788951,543.7861917,565.0833699
16630,Emerald_Dry,157.9012626,136.7916334,137.8130451,65.90576925
16630,Emerald_Wet,526.752097,512.9509714,525.846392,488.9150451
16631,Dalby_Dry,166.5617159,150.1699372,190.7528496,91.05545133
16631,Dalby_Wet,514.153139,510.9584646,541.943097,543.3413065
16631,Emerald_Dry,107.3670291,117.1305865,125.4995636,92.92499988
16631,Emerald_Wet,520.2519799,528.5126927,547.0847001,543.6122763
16632,Dalby_Dry,245.3463571,240.5356344,253.4193236,200.2234685
16632,Dalby_Wet,538.6926882,535.4052482,505.5639495,531.9327745
16632,Emerald_Dry,175.6996237,163.1129188,172.7685689,257.9169546
16632,Emerald_Wet,516.0265733,524.8501377,583.1896121,527.9811814
16633,Dalby_Dry,215.0783058,183.3947525,220.0236107,232.7277413
16633,Dalby_Wet,541.0272516,544.0223737,519.1531036,524.62846
16633,Emerald_Dry,138.1899953,132.5208161,120.2207027,149.815068
16633,Emerald_Wet,554.5640125,552.7185176,608.5071075,590.6418755
16634,Dalby_Dry,212.4334309,208.3928384,197.528425,265.8025892
16634,Dalby_Wet,536.5725915,554.9253275,528.8285112,590.662449
16634,Emerald_Dry,133.8211704,156.7829593,176.690801,154.0220567
16634,Emerald_Wet,560.7647184,543.9861604,545.1535229,588.847575
16635,Dalby_Dry,224.1851903,231.68437,259.2186226,257.5194312
16635,Dalby_Wet,540.2731658,540.5288435,532.3392962,582.8546563
16635,Emerald_Dry,150.9399565,125.9111571,121.6230734,128.0164225
16635,Emerald_Wet,526.1384512,550.0219853,537.7375521,555.9388304
16636,Dalby_Dry,172.7747623,152.9640979,210.3170764,167.5768102
16636,Dalby_Wet,525.2743538,509.9720982,486.8140335,553.1734026
16636,Emerald_Dry,108.0778875,128.211706,57.6256853,63.0934438
16636,Emerald_Wet,540.7097058,521.4733753,566.5447114,556.5604893
16637,Dalby_Dry,261.1993188,249.8756588,283.1535081,337.5204347
16637,Dalby_Wet,516.3063909,498.6712733,522.1352974,420.146721
16637,Emerald_Dry,194.5504273,193.6183651,200.6576003,184.0160634
16637,Emerald_Wet,474.6068018,481.1968552,520.9901711,467.527252
16638,Dalby_Dry,155.457242,145.5045475,138.1102163,139.8681159
16638,Dalby_Wet,502.5610713,491.1989111,489.1175653,469.7325791
16638,Emerald_Dry,99.90644277,80.83367948,107.6951751,168.069943
16638,Emerald_Wet,529.8436346,529.156895,527.1613474,573.5880583
16639,Dalby_Dry,135.1022854,131.8056571,113.1464477,182.5022311
16639,Dalby_Wet,495.5840071,483.8146046,510.9723757,324.7092922
16639,Emerald_Dry,104.0902413,78.1804191,143.8438211,71.67366847
16639,Emerald_Wet,526.3540773,526.9068869,545.2917986,532.9266794
16640,Dalby_Dry,154.9546166,134.7851898,161.8756778,161.8691005
16640,Dalby_Wet,526.0139504,517.3292777,523.861176,597.3438043
16640,Emerald_Dry,101.4528066,76.01152996,119.068373,99.72652423
16640,Emerald_Wet,531.5386923,536.708616,521.4869148,497.1602796
16641,Dalby_Dry,224.4996029,208.3335114,244.9329076,250.4134128
16641,Dalby_Wet,539.2684884,552.9121504,606.6825471,513.2229394
16641,Emerald_Dry,151.5994159,132.7973685,111.5743361,250.9316329
16641,Emerald_Wet,527.1312745,538.7183061,566.701455,494.498784
16642,Dalby_Dry,199.5282633,209.1440182,170.4323074,249.3094261
16642,Dalby_Wet,536.9133642,531.2791968,573.6024968,518.3840461
16642,Emerald_Dry,126.1505493,137.5435577,132.2593477,139.0046295
16642,Emerald_Wet,555.798002,563.4800194,579.9276921,449.4457758
16643,Dalby_Dry,198.9768007,162.3413648,219.4022731,335.6254476
16643,Dalby_Wet,538.2436682,519.8815415,490.90211,665.5106
16643,Emerald_Dry,117.4643042,84.29340449,90.20402684,261.4084868
16643,Emerald_Wet,562.8313626,588.2830946,557.6641859,587.4142435
16644,Dalby_Dry,160.9664299,159.8691516,143.6273698,102.4036568
16644,Dalby_Wet,516.2727029,509.2471395,470.9368393,451.672567
16644,Emerald_Dry,103.0757681,118.1960747,115.577397,136.193374
16644,Emerald_Wet,542.5831233,542.1535916,562.8243291,517.0642966
16645,Dalby_Dry,198.0215476,175.2160409,162.346117,227.4885887
16645,Dalby_Wet,538.7320957,552.9295589,486.0805991,561.5188603
16645,Emerald_Dry,113.7187428,115.207453,124.8352775,86.22950496
16645,Emerald_Wet,565.3234038,558.0027314,550.3231192,589.1004434
16646,Dalby_Dry,199.4105524,189.2322657,173.8594964,157.0341204
16646,Dalby_Wet,531.0006465,499.8227353,508.3818771,433.0998175
16646,Emerald_Dry,126.3625641,157.888665,115.7947455,139.0100163
16646,Emerald_Wet,557.1063578,546.6479393,544.3092556,523.3849136
16647,Dalby_Dry,193.2309596,167.2093987,167.2203552,194.6500114
16647,Dalby_Wet,531.6372742,548.2267838,531.7100321,455.350741
16647,Emerald_Dry,117.8629331,125.9947051,134.2201202,170.5550922
16647,Emerald_Wet,546.5766475,554.7569069,543.1237873,604.8639822
16648,Dalby_Dry,242.7215015,272.3106343,181.795127,224.7866479
16648,Dalby_Wet,538.7905627,526.6944526,556.15236,600.9555055
16648,Emerald_Dry,165.2645492,169.3576468,147.1946081,253.7845593
16648,Emerald_Wet,524.8781449,510.0072018,504.0909432,532.6478785
16649,Dalby_Dry,215.2949327,232.9610783,184.4841095,190.4377718
16649,Dalby_Wet,540.8378344,555.7798515,495.6628058,596.546077
16649,Emerald_Dry,137.4996701,142.67134,86.08355737,199.3404658
16649,Emerald_Wet,552.5729204,560.3868852,470.1259563,525.3356603
16650,Dalby_Dry,214.9995045,220.0235072,196.0642202,77.95205297
16650,Dalby_Wet,538.3885176,533.056913,536.1905869,536.2504268
16650,Emerald_Dry,138.0964307,133.5574086,188.0383399,129.9520121
16650,Emerald_Wet,542.8428379,535.2584827,501.6532621,526.8198107
16651,Dalby_Dry,261.249575,272.9353524,193.2924286,199.3359479
16651,Dalby_Wet,516.2241333,533.2439299,535.557078,606.0974192
16651,Emerald_Dry,195.6163378,185.0906794,200.9286165,267.6606346
16651,Emerald_Wet,478.7942947,485.2056896,458.150175,484.744733
16652,Dalby_Dry,205.4936987,192.770349,196.0822508,247.2711146
16652,Dalby_Wet,545.9577686,539.0475275,557.5815588,538.2711237
16652,Emerald_Dry,130.9038125,159.912778,145.1277921,171.0292282
16652,Emerald_Wet,546.2898466,548.3120079,544.108449,584.5847615
16653,Dalby_Dry,162.1302174,208.2335554,162.149401,180.574226
16653,Dalby_Wet,515.0356887,522.5235572,476.6567145,537.843252
16653,Emerald_Dry,105.595293,116.4117899,123.4489345,107.2761768
16653,Emerald_Wet,523.4824979,518.4925225,541.3649761,539.2745367
16654,Dalby_Dry,231.5953502,254.3367172,233.3489781,211.5798397
16654,Dalby_Wet,537.6881124,530.3229276,586.7464105,470.5453135
16654,Emerald_Dry,159.380617,145.5140535,176.7183229,115.5037868
16654,Emerald_Wet,511.5875203,513.5739618,492.1934202,586.8118214
16655,Dalby_Dry,242.7641251,241.1192808,223.9952829,266.2572967
16655,Dalby_Wet,531.5334545,517.2074973,558.7141158,566.464899
16655,Emerald_Dry,168.2655629,171.0127736,106.151323,198.3022059
16655,Emerald_Wet,511.0970028,513.0759314,471.1203496,505.8877561
16656,Dalby_Dry,227.3985128,207.0239714,195.5980282,297.6995018
16656,Dalby_Wet,526.5673141,484.2383806,552.7449394,413.5751647
16656,Emerald_Dry,160.6191956,161.5807177,204.8814716,125.0900506
16656,Emerald_Wet,506.4807516,514.4423948,518.6776823,546.0763581
16657,Dalby_Dry,200.2071408,227.9139949,213.4971237,164.0689711
16657,Dalby_Wet,524.2522551,518.7132651,533.6346924,480.7351506
16657,Emerald_Dry,119.9416442,125.3037202,85.93098612,235.1976074
16657,Emerald_Wet,541.017539,554.3069698,526.364922,606.594443
16658,Dalby_Dry,161.7915535,167.7851108,168.509921,192.267107
16658,Dalby_Wet,517.9646806,526.5504479,525.2126798,562.5048594
16658,Emerald_Dry,102.4580617,83.46016436,123.8058106,67.40527033
16658,Emerald_Wet,524.1200648,534.4822601,500.2102051,530.7075495
16659,Dalby_Dry,180.4978426,178.5179794,143.8300042,184.5437374
16659,Dalby_Wet,527.8310059,525.1169937,569.1749014,575.5180337
16659,Emerald_Dry,111.0287756,121.0460737,90.39107347,120.4800394
16659,Emerald_Wet,539.322688,527.5576508,584.153077,517.3499357
16660,Dalby_Dry,181.3909641,171.7539213,182.2232687,271.9395767
16660,Dalby_Wet,533.3491477,552.9248057,477.094466,437.6568705
16660,Emerald_Dry,112.3255257,120.439375,64.71301568,97.82594523
16660,Emerald_Wet,545.8156063,568.697843,547.7549903,554.0918479
16661,Dalby_Dry,174.5852418,149.8058384,174.2062873,212.4375917
16661,Dalby_Wet,525.6864424,517.9382596,547.7320439,496.6735101
16661,Emerald_Dry,112.8808118,124.1461261,89.80972147,74.66401092
16661,Emerald_Wet,513.1709823,525.858025,456.4952028,512.623663
16662,Dalby_Dry,244.8583917,247.8237698,260.5413095,236.60278
16662,Dalby_Wet,538.1472485,527.0311957,536.4837672,552.1252823
16662,Emerald_Dry,174.175583,190.2317761,181.5132018,110.655738
16662,Emerald_Wet,519.8044236,513.8074024,466.3785581,602.0354138
16663,Dalby_Dry,215.3416639,198.1085616,218.3395695,198.7312937
16663,Dalby_Wet,541.0899233,564.5563765,527.9541375,499.163214
16663,Emerald_Dry,137.4871109,99.13683985,223.1175593,103.6710127
16663,Emerald_Wet,552.5017742,592.2833982,540.5921776,530.7064776
16664,Dalby_Dry,212.808753,206.8301071,179.5131285,206.3012316
16664,Dalby_Wet,543.2696823,559.0815364,605.0603007,482.0345162
16664,Emerald_Dry,135.8905414,153.4867189,154.8826355,90.34418228
16664,Emerald_Wet,559.8429338,540.1368589,598.6908707,586.7717124
16665,Dalby_Dry,172.0077196,169.1524328,165.8200641,76.95560608
16665,Dalby_Wet,527.8399942,535.3710295,541.6917429,458.8566939
16665,Emerald_Dry,106.7016527,116.3150365,133.2448349,43.04953117
16665,Emerald_Wet,535.1553565,554.2376491,553.541146,600.7231157
16666,Dalby_Dry,252.385774,253.3318789,289.9034655,200.0976844
16666,Dalby_Wet,525.6895548,511.7824998,502.754394,610.2553476
16666,Emerald_Dry,186.0775578,171.9365137,192.6448614,153.3169525
16666,Emerald_Wet,495.4548648,489.4553617,469.0165013,480.0122924
16667,Dalby_Dry,167.8826755,160.8388354,183.0366818,283.0224998
16667,Dalby_Wet,529.5460199,528.8624808,498.3297782,479.4949647
16667,Emerald_Dry,106.8326039,96.78206915,149.4096624,148.7360615
16667,Emerald_Wet,542.1102463,569.2297167,514.235592,478.7764744
16668,Dalby_Dry,206.2961097,211.6290631,250.2280989,282.6540611
16668,Dalby_Wet,528.2756925,523.3670815,509.6827909,559.5274538
16668,Emerald_Dry,132.9431765,120.3187317,152.920628,152.312655
16668,Emerald_Wet,548.0636976,571.6767523,507.3407782,454.8002492
16669,Dalby_Dry,181.4966497,167.5512928,177.3335538,147.5850634
16669,Dalby_Wet,517.5273922,512.4399637,529.0991987,432.427052
16669,Emerald_Dry,112.8927991,107.6460279,125.9545531,124.5793248
16669,Emerald_Wet,534.3893739,539.894257,579.1004597,425.6475276
16670,Dalby_Dry,204.2411736,246.0475961,206.7137977,220.1208545
16670,Dalby_Wet,548.2464622,550.793367,496.2341866,598.842363
16670,Emerald_Dry,123.6816958,119.4931896,174.4952964,99.30515832
16670,Emerald_Wet,574.2123394,590.4165284,536.4704031,609.2613007
16671,Dalby_Dry,160.9185517,163.7486139,127.0471067,149.5774081
16671,Dalby_Wet,518.6209456,488.3223995,490.2035263,587.599181
16671,Emerald_Dry,101.6963265,78.04901248,113.8768679,101.8565996
16671,Emerald_Wet,549.1266748,568.1694734,555.7798226,505.6075796
16672,Dalby_Dry,129.6580755,132.8773235,112.2308752,173.4098648
16672,Dalby_Wet,497.8371242,485.2723967,525.8775906,504.0853561
16672,Emerald_Dry,101.2893965,78.94426973,56.01542643,92.33670917
16672,Emerald_Wet,528.341714,490.7165024,473.634332,548.0494349
16673,Dalby_Dry,154.7357672,129.3559796,132.2793939,96.41625523
16673,Dalby_Wet,503.9663614,491.1076643,538.6345314,537.0192686
16673,Emerald_Dry,101.2341378,70.66570883,129.1028605,91.43394082
16673,Emerald_Wet,530.9368358,545.2119209,519.8855136,456.6230933
16674,Dalby_Dry,198.2846877,179.708094,214.1603917,138.0095162
16674,Dalby_Wet,539.920006,555.1744474,489.9776686,526.3702905
16674,Emerald_Dry,120.6356845,99.73391268,127.5021007,156.6516373
16674,Emerald_Wet,562.3107047,568.8540558,568.5931165,481.4638164
16675,Dalby_Dry,218.2416073,228.4275253,228.8921805,169.2857799
16675,Dalby_Wet,532.8727325,544.7936467,548.1034933,469.8511318
16675,Emerald_Dry,150.4185038,134.6272022,175.5170855,134.0861655
16675,Emerald_Wet,524.9396796,540.9613258,484.2664675,484.1750138
16676,Dalby_Dry,180.271201,184.1822855,145.7667691,110.6327255
16676,Dalby_Wet,522.3553236,545.231335,459.0976794,499.9789706
16676,Emerald_Dry,106.5398458,98.14344243,76.7156027,95.38979679
16676,Emerald_Wet,556.6238344,544.9497762,628.4261156,595.8702937
16677,Dalby_Dry,260.3175543,271.8200229,242.3812472,257.601193
16677,Dalby_Wet,513.73383,498.5372174,469.1644067,393.8165545
16677,Emerald_Dry,194.6060037,174.3608208,241.387293,185.787105
16677,Emerald_Wet,494.393796,492.2883127,550.4857869,491.63651
16678,Dalby_Dry,156.4551348,150.676942,136.0592344,177.4329827
16678,Dalby_Wet,499.2840977,508.2735842,490.3855605,559.023945
16678,Emerald_Dry,102.3851157,71.53672527,121.4092235,21.00787785
16678,Emerald_Wet,524.8705622,500.3882406,499.6205605,544.4502347
16679,Dalby_Dry,179.9027366,178.7494522,196.7306467,157.9873864
16679,Dalby_Wet,521.1756673,521.3818667,552.2304769,500.3667156
16679,Emerald_Dry,106.526294,96.44727364,189.5257224,137.0291515
16679,Emerald_Wet,548.7649425,531.7591962,585.3308367,513.339538
16680,Dalby_Dry,224.0661477,227.5268229,259.7801912,212.2305414
16680,Dalby_Wet,542.4179966,521.5363888,524.681521,569.7263997
16680,Emerald_Dry,150.9718393,156.1309887,68.56790594,43.59073562
16680,Emerald_Wet,534.8603364,498.116117,515.1871398,528.7682521
16681,Dalby_Dry,242.2110384,236.1626301,277.0675528,172.0392819
16681,Dalby_Wet,530.4022251,536.0975213,464.4520404,568.0027188
16681,Emerald_Dry,169.9011775,146.3180957,164.7030799,193.5556106
16681,Emerald_Wet,515.9949207,507.9156019,525.7844564,397.0610976
16682,Dalby_Dry,179.4592849,161.4650649,164.8621805,217.6026607
16682,Dalby_Wet,537.4472818,550.1675773,523.0836004,541.8449408
16682,Emerald_Dry,101.4388153,87.98028877,65.40015524,48.37375648
16682,Emerald_Wet,560.6402341,579.7448689,567.3448617,525.4838987
16683,Dalby_Dry,200.1588067,179.5160874,187.5867598,245.8214167
16683,Dalby_Wet,522.8096834,511.2453749,507.3052065,497.7565275
16683,Emerald_Dry,125.1528344,118.9330686,138.800236,137.380428
16683,Emerald_Wet,543.0079226,530.2543653,498.5362185,471.7217404
16684,Dalby_Dry,214.6252377,235.4578546,221.5201104,258.9174442
16684,Dalby_Wet,533.8994592,529.003756,489.1689739,523.6715745
16684,Emerald_Dry,143.7129979,154.3087114,120.4110902,225.5557109
16684,Emerald_Wet,538.3832404,566.5074253,577.5693611,467.0969361
16685,Dalby_Dry,224.5478618,231.1201243,193.8777457,292.5208349
16685,Dalby_Wet,533.8225888,545.1189333,544.8467525,488.2873193
16685,Emerald_Dry,145.8030705,131.8912012,150.1410242,187.6073707
16685,Emerald_Wet,535.257959,530.9077005,528.2539118,560.4791768
16686,Dalby_Dry,143.3337214,134.2774765,120.1415533,112.9130371
16686,Dalby_Wet,507.346048,492.6330308,503.6640712,512.4273213
16686,Emerald_Dry,103.5594874,111.7279087,88.52021732,143.5057623
16686,Emerald_Wet,531.9824993,521.9264888,508.1619334,553.3122129
16687,Dalby_Dry,253.2897467,253.9168947,229.1546297,203.3094287
16687,Dalby_Wet,522.5497277,483.2233248,499.2744365,608.4058281
16687,Emerald_Dry,187.9574068,191.1769608,209.3257277,221.1364876
16687,Emerald_Wet,498.1508666,508.7323196,558.7930664,450.3048408
16688,Dalby_Dry,266.602863,248.5406054,287.0402756,276.0787921
16688,Dalby_Wet,522.1832869,501.3912579,516.2610523,472.1241475
16688,Emerald_Dry,203.6830864,200.0651223,177.7206553,201.2886728
16688,Emerald_Wet,497.0792389,514.3851332,543.2944031,461.1621015
16689,Dalby_Dry,245.2237057,267.0388296,298.301376,246.8694669
16689,Dalby_Wet,532.8189709,542.3883058,571.4774492,470.5968285
16689,Emerald_Dry,176.3819459,187.5476481,164.0804563,22.77673836
16689,Emerald_Wet,521.4726069,522.2174652,570.5461285,459.3727834
16690,Dalby_Dry,185.244546,173.3326636,140.8421332,308.2894627
16690,Dalby_Wet,533.3516837,538.8986072,529.7516795,594.0914477
16690,Emerald_Dry,108.3291255,99.42789977,116.9247939,220.5010891
16690,Emerald_Wet,558.1081725,532.9277078,541.9820265,547.4300326
16691,Dalby_Dry,154.8488679,134.8080396,133.2766874,155.0155113
16691,Dalby_Wet,523.6540813,512.3947934,538.4125529,474.1278166
16691,Emerald_Dry,100.6510473,98.32122703,131.6670811,44.37221228
16691,Emerald_Wet,528.2632825,525.9051592,538.4855234,501.3383054
16692,Dalby_Dry,184.9718475,190.195092,170.9784123,217.0271607
16692,Dalby_Wet,532.0707826,549.2790856,560.8601003,481.5556729
16692,Emerald_Dry,110.9065982,126.3121104,61.97515984,104.9424205
16692,Emerald_Wet,550.3356957,536.5623309,578.0085513,500.8463737
16693,Dalby_Dry,255.5790223,270.193401,254.010165,396.5830354
16693,Dalby_Wet,507.7390835,513.8750155,463.4243357,433.0112192
16693,Emerald_Dry,189.8238678,201.2157432,190.6180596,134.9849224
16693,Emerald_Wet,477.6396693,443.55839,444.6444753,532.9513518
16694,Dalby_Dry,208.200597,205.8003878,227.1294975,355.2717133
16694,Dalby_Wet,537.1935429,527.3854256,573.0293769,489.7848542
16694,Emerald_Dry,129.2446381,127.2237358,122.5661641,149.7697476
16694,Emerald_Wet,530.3373982,556.6848286,499.4424883,541.3380535
16695,Dalby_Dry,204.0604881,189.0805574,243.5724148,219.2781533
16695,Dalby_Wet,548.7532857,531.4392831,564.935206,477.4680309
16695,Emerald_Dry,123.6835506,107.7603231,172.254153,177.9872017
16695,Emerald_Wet,572.183435,567.6811946,556.8849522,692.0120214
16696,Dalby_Dry,156.5499524,157.8190695,189.1424184,161.5443983
16696,Dalby_Wet,500.7511356,488.0629042,525.8322122,470.2181747
16696,Emerald_Dry,106.2412477,113.3638319,71.22268799,128.7887705
16696,Emerald_Wet,522.9823353,534.7031461,484.9484558,531.4546403
16697,Dalby_Dry,180.2763593,181.9109171,225.6227763,53.23693185
16697,Dalby_Wet,524.0211671,520.5451534,561.4909634,574.8718495
16697,Emerald_Dry,106.928703,100.8609261,120.2550384,195.9417764
16697,Emerald_Wet,540.4819937,506.8141251,555.8530471,454.8110838
16698,Dalby_Dry,214.9997639,207.7417768,262.3876291,200.5552802
16698,Dalby_Wet,538.2123005,546.4187105,538.794247,533.995022
16698,Emerald_Dry,138.1567631,108.400176,136.7041724,129.3746159
16698,Emerald_Wet,542.4887257,540.4458514,525.5272335,589.3294433
16699,Dalby_Dry,243.7312287,227.7820225,297.1495522,244.6256663
16699,Dalby_Wet,538.2000793,536.7852746,572.3769232,551.4695225
16699,Emerald_Dry,164.2458795,158.469534,131.7492256,200.7514442
16699,Emerald_Wet,531.3904859,515.9417792,498.2664667,497.9707485
16700,Dalby_Dry,154.418337,156.4346722,218.8159746,111.8602138
16700,Dalby_Wet,504.2762156,518.2887888,528.0881659,567.0478519
16700,Emerald_Dry,101.5295894,125.1789709,131.1632216,4.788023026
16700,Emerald_Wet,529.7903705,521.0031434,492.0569573,477.4858825
16701,Dalby_Dry,199.4121291,177.8620655,155.4193217,189.291179
16701,Dalby_Wet,536.250181,571.8467243,460.1032416,559.580221
16701,Emerald_Dry,121.479736,93.3869134,168.4437813,91.85173687
16701,Emerald_Wet,562.9099719,576.3603189,555.4778461,645.9510314
16702,Dalby_Dry,243.3102131,254.3153866,172.6297873,229.8618753
16702,Dalby_Wet,532.911571,535.4562902,491.3998194,518.953882
16702,Emerald_Dry,168.0384576,160.3331484,166.1353359,207.28411
16702,Emerald_Wet,507.88676,474.8830077,522.5427873,468.1421963
16703,Dalby_Dry,205.4418864,197.1835106,228.9942892,147.0856284
16703,Dalby_Wet,530.1047626,514.3877456,530.7167747,531.2017328
16703,Emerald_Dry,132.4158174,146.054315,107.4551196,37.16728509
16703,Emerald_Wet,553.2726865,581.1200031,497.1905627,551.5349223
16704,Dalby_Dry,191.949611,186.8646611,190.9328885,220.3924493
16704,Dalby_Wet,528.6788322,545.6412032,515.0165636,469.60283
16704,Emerald_Dry,114.2662216,111.0724418,144.0449766,165.2539806
16704,Emerald_Wet,547.6025084,538.6800384,506.4386891,533.885622
16705,Dalby_Dry,197.6051694,199.7898879,176.5043034,189.0964525
16705,Dalby_Wet,538.3003833,526.0084987,560.9092304,563.3607256
16705,Emerald_Dry,116.4963626,139.1324497,117.5758832,113.9570064
16705,Emerald_Wet,563.6423218,583.8182515,612.1331883,620.3912681
16706,Dalby_Dry,199.1447175,187.0771833,153.4803922,178.5224449
16706,Dalby_Wet,537.9183233,544.3413546,552.4425613,429.4136758
16706,Emerald_Dry,117.9330059,135.4356068,107.5288019,22.38887716
16706,Emerald_Wet,567.1505088,582.6304199,531.6394923,515.8367456
16707,Dalby_Dry,224.0075303,207.6265418,167.481852,225.1901578
16707,Dalby_Wet,537.6372724,535.1586748,530.9632207,520.6064764
16707,Emerald_Dry,152.3771359,188.8213313,197.2158977,206.9784212
16707,Emerald_Wet,523.1185913,528.4439069,550.9930575,509.6031081
16708,Dalby_Dry,160.5161616,146.2600481,149.5255462,134.7559202
16708,Dalby_Wet,520.5480085,506.7925708,523.582837,534.4020732
16708,Emerald_Dry,100.7024272,117.7233219,45.22302375,34.12262649
16708,Emerald_Wet,526.8424984,511.8340323,515.8321606,522.5198681
16709,Dalby_Dry,165.2414749,145.6925741,161.4691986,208.6926723
16709,Dalby_Wet,517.613812,521.3503561,555.9502393,523.7013944
16709,Emerald_Dry,101.9611134,105.1922266,133.1961502,93.05246635
16709,Emerald_Wet,544.4695191,549.3442928,533.1224214,608.7502292
16710,Dalby_Dry,186.8643915,194.1184793,191.6070636,242.2008102
16710,Dalby_Wet,529.8214145,547.0692242,537.4158243,501.5073454
16710,Emerald_Dry,116.6554878,118.0817311,107.6821163,100.875152
16710,Emerald_Wet,540.0715532,549.736442,563.9779583,541.5363752
16711,Dalby_Dry,166.7672685,169.3569646,191.1414436,77.26410528
16711,Dalby_Wet,512.781025,521.1902043,512.6005314,537.6444146
16711,Emerald_Dry,106.3742224,101.4075788,122.8576614,152.9804354
16711,Emerald_Wet,540.1688443,550.4771555,550.0512029,543.8818081
16712,Dalby_Dry,154.9364983,142.3452389,161.6102379,95.67084603
16712,Dalby_Wet,504.1626086,490.8179715,467.5379171,488.8663758
16712,Emerald_Dry,98.78036791,121.1653547,82.46523861,136.7582637
16712,Emerald_Wet,536.385588,537.0398878,576.1590642,491.9847393
16713,Dalby_Dry,193.6563007,200.1669512,192.3129776,193.1865792
16713,Dalby_Wet,532.079158,515.1593359,507.1212249,564.144169
16713,Emerald_Dry,117.7524364,150.1328721,90.83167421,154.5407469
16713,Emerald_Wet,546.9382457,526.5985536,526.4695989,549.6140286
16714,Dalby_Dry,166.9642908,170.3737186,126.0043755,167.3821994
16714,Dalby_Wet,512.758689,490.3204044,514.3866549,540.9342656
16714,Emerald_Dry,108.7933179,132.7862375,90.29678584,183.0048903
16714,Emerald_Wet,540.8315423,544.7240104,567.1136515,571.2466885
16715,Dalby_Dry,204.8736403,208.8751338,226.563164,278.4143186
16715,Dalby_Wet,535.7198769,524.4776678,563.4895997,486.8604767
16715,Emerald_Dry,121.2769842,130.6881178,128.1430566,156.2233817
16715,Emerald_Wet,565.376498,574.8909943,611.3942141,594.5975129
16716,Dalby_Dry,262.1406602,259.426429,294.4806395,314.9047684
16716,Dalby_Wet,505.7498213,489.344595,581.9357502,501.2467296
16716,Emerald_Dry,196.4982271,186.4372832,155.5971604,200.6001251
16716,Emerald_Wet,476.5042396,503.955938,453.9550277,469.3644804
16717,Dalby_Dry,180.1775893,175.7319393,163.1328883,191.3964004
16717,Dalby_Wet,522.6498707,528.7451476,555.4971338,571.6866244
16717,Emerald_Dry,107.1725913,91.70552429,79.52004081,84.04386419
16717,Emerald_Wet,556.8058887,559.3240818,560.1748129,590.9689512
16718,Dalby_Dry,205.7295135,193.5977392,181.9318012,224.7642127
16718,Dalby_Wet,532.0989905,523.1242031,540.3077187,585.210324
16718,Emerald_Dry,126.0919936,112.9583371,183.4232851,83.55398788
16718,Emerald_Wet,555.429184,552.0438451,452.3117062,566.7055329
16719,Dalby_Dry,180.5580493,160.9105967,157.5693458,228.5406217
16719,Dalby_Wet,532.134539,536.0999506,554.319008,440.8089358
16719,Emerald_Dry,105.788798,114.2602503,83.72706936,126.9938477
16719,Emerald_Wet,557.6914506,548.3729927,496.224469,499.2498257
16720,Dalby_Dry,192.3318776,220.8583236,153.9431792,218.1132361
16720,Dalby_Wet,526.0624541,545.1311963,517.0625014,520.964424
16720,Emerald_Dry,115.0313012,107.3627268,171.7403953,131.8556539
16720,Emerald_Wet,545.344261,541.3705781,500.846335,466.1369559
16721,Dalby_Dry,197.9781846,190.8245958,153.5819085,175.1363942
16721,Dalby_Wet,542.9518508,542.7821847,572.9869561,526.0372688
16721,Emerald_Dry,116.2974308,100.440969,81.27825502,123.3024939
16721,Emerald_Wet,570.7771028,603.8487261,547.1601486,539.6709724
16722,Dalby_Dry,212.2501099,214.2363408,142.9752549,205.767778
16722,Dalby_Wet,546.6255522,558.9144796,526.0511404,536.1173606
16722,Emerald_Dry,133.6572168,147.7146547,124.7455272,168.9536457
16722,Emerald_Wet,556.7368123,576.3756266,546.0842845,518.5090115
16723,Dalby_Dry,192.8963304,200.8124754,206.5458032,236.4714922
16723,Dalby_Wet,526.11332,561.2043167,455.2420645,565.1416149
16723,Emerald_Dry,115.6725185,109.2561045,113.648653,116.5769696
16723,Emerald_Wet,541.5359599,514.764016,564.5177342,547.4354803
16724,Dalby_Dry,154.8440631,150.2163775,142.9084045,137.9471514
16724,Dalby_Wet,524.7816124,512.0343295,510.7161301,563.5690749
16724,Emerald_Dry,98.53637758,65.42659617,46.10571849,108.7758432
16724,Emerald_Wet,529.1395514,521.3901329,547.4540652,592.0483473
16725,Dalby_Dry,199.8709639,191.5247212,202.4673585,201.2579449
16725,Dalby_Wet,535.9651813,521.9914892,534.4241683,569.77007
16725,Emerald_Dry,122.7180503,125.9769623,156.6883046,186.8351203
16725,Emerald_Wet,555.699138,544.1806606,616.313903,593.2530633
16726,Dalby_Dry,212.3341041,223.6293316,249.8399248,157.6127611
16726,Dalby_Wet,551.5723011,548.5293246,514.2114005,505.2571921
16726,Emerald_Dry,127.0270875,152.8595758,160.3378628,133.6946555
16726,Emerald_Wet,568.2416768,537.9736866,549.5002842,585.9052435
16727,Dalby_Dry,250.4480385,263.4963323,185.3239213,195.1248465
16727,Dalby_Wet,549.1653296,531.3633633,595.0174785,545.4083806
16727,Emerald_Dry,180.1979736,176.3303525,175.2624664,168.1619268
16727,Emerald_Wet,542.2992373,560.8378116,548.4177716,431.2502115
16728,Dalby_Dry,167.7195681,173.9895314,141.4987838,176.4718818
16728,Dalby_Wet,517.0144679,523.4709571,503.4784913,619.3052855
16728,Emerald_Dry,110.7999797,115.4846708,72.45847884,57.16842512
16728,Emerald_Wet,522.8756768,530.3626199,526.8392297,554.0452741
16729,Dalby_Dry,205.7138868,225.9039544,174.5622311,244.5460264
16729,Dalby_Wet,537.6906585,510.2020747,574.616656,514.4057524
16729,Emerald_Dry,126.5607792,109.7814053,118.2022711,204.362664
16729,Emerald_Wet,560.2910388,586.6241047,584.3170123,627.3329644
16730,Dalby_Dry,199.9006705,178.79423,171.1232884,223.2497841
16730,Dalby_Wet,537.1967672,555.9433154,542.2747973,463.3427512
16730,Emerald_Dry,125.0657212,153.5619328,113.9718692,138.219053
16730,Emerald_Wet,539.0361244,550.7397916,500.3865639,577.6805461
16731,Dalby_Dry,162.1382556,139.5676735,192.0232493,98.46834997
16731,Dalby_Wet,517.2785759,496.7066502,523.5651618,520.7863476
16731,Emerald_Dry,103.2000004,106.7280121,184.3265808,161.0455678
16731,Emerald_Wet,525.3877938,521.0370895,508.4810893,553.4510711
16732,Dalby_Dry,200.1670334,195.1920821,249.8502943,217.9432802
16732,Dalby_Wet,534.8879756,524.3642956,552.7046865,565.652206
16732,Emerald_Dry,123.6656477,114.4052899,108.5073317,120.3751094
16732,Emerald_Wet,552.7079968,571.7189826,526.7633301,596.3299101
16733,Dalby_Dry,244.1277522,216.1430344,304.6802181,224.842732
16733,Dalby_Wet,536.4598516,542.7603537,524.9093159,585.2363758
16733,Emerald_Dry,175.0739555,186.862894,107.7958748,143.6943102
16733,Emerald_Wet,520.4913098,512.6389648,523.3191197,509.5330038
16734,Dalby_Dry,197.5880679,213.9475575,235.7234675,255.962912
16734,Dalby_Wet,523.438335,494.1316986,524.649483,527.5004876
16734,Emerald_Dry,114.1720174,103.9081535,127.5918767,41.82713761
16734,Emerald_Wet,564.7955109,555.6054096,578.845007,589.9864454
16735,Dalby_Dry,213.230396,198.3276635,230.2214791,214.1475966
16735,Dalby_Wet,534.1452754,551.9103509,504.7259538,435.9792326
16735,Emerald_Dry,135.8452093,151.1517845,134.8303403,106.7202642
16735,Emerald_Wet,557.3430801,591.3706158,531.7206854,604.3029875
16736,Dalby_Dry,154.7415284,165.8388936,100.7304001,165.6274444
16736,Dalby_Wet,520.4407195,492.1323938,576.6213901,607.9175003
16736,Emerald_Dry,101.7614793,67.13462546,117.4271494,102.6141656
16736,Emerald_Wet,526.896858,526.2514435,546.7174487,506.9067492
16737,Dalby_Dry,161.2592387,142.0079944,185.6346142,268.8914829
16737,Dalby_Wet,519.1219956,517.4882826,487.7336189,567.090528
16737,Emerald_Dry,103.2542499,87.04645109,84.32446535,86.53633958
16737,Emerald_Wet,548.3888209,530.3944112,600.7987461,558.2850763
16738,Dalby_Dry,235.5699122,227.5482193,268.6737263,228.6980734
16738,Dalby_Wet,530.2070534,541.4455468,555.5092652,391.2798368
16738,Emerald_Dry,162.3723254,185.0286986,146.9239969,162.2326588
16738,Emerald_Wet,511.9552063,544.041285,548.1299857,465.7088257
16739,Dalby_Dry,186.065747,170.1157608,237.3409567,265.4373861
16739,Dalby_Wet,530.6117452,557.6541361,503.8542055,552.9318111
16739,Emerald_Dry,111.3344253,109.3980743,132.7431889,45.51227924
16739,Emerald_Wet,555.1908362,587.2211411,522.5753693,510.4421574
16740,Dalby_Dry,198.8256853,211.568857,177.1416923,219.8471946
16740,Dalby_Wet,525.3518914,515.4675925,571.1518431,513.4690508
16740,Emerald_Dry,118.5190712,161.0524746,144.9711202,81.43875967
16740,Emerald_Wet,555.9581247,537.8839323,553.0349239,611.8314208
16741,Dalby_Dry,214.9242667,187.5366826,174.6041634,218.4472885
16741,Dalby_Wet,538.3655089,519.6416661,459.5568311,568.0177746
16741,Emerald_Dry,137.9218287,113.8744454,119.7755092,130.5847629
16741,Emerald_Wet,543.9306463,536.5316504,518.9927023,523.1553515
16742,Dalby_Dry,221.6876372,219.8816433,195.996648,170.3444949
16742,Dalby_Wet,542.2836466,533.7086099,487.2690048,555.6782517
16742,Emerald_Dry,152.2804386,169.7691734,163.0533611,30.69867008
16742,Emerald_Wet,539.6421454,509.3486215,529.6033197,580.395127
16743,Dalby_Dry,154.8489289,167.1647503,141.9053229,141.9018133
16743,Dalby_Wet,523.2796593,508.7271935,534.1876326,507.6073268
16743,Emerald_Dry,100.0536567,110.513386,75.60867475,90.4177374
16743,Emerald_Wet,529.4635673,516.830001,521.2494619,502.8102633
16744,Dalby_Dry,166.3981415,169.8504666,160.9916902,97.69201586
16744,Dalby_Wet,515.9154365,509.742807,524.9250538,468.8823757
16744,Emerald_Dry,105.7356933,107.1448733,115.4153328,87.61450547
16744,Emerald_Wet,543.7229485,552.9838695,533.5153608,534.6496151
16745,Dalby_Dry,165.9843508,196.8145735,201.2695933,281.0792203
16745,Dalby_Wet,514.4681486,544.1718039,447.2973315,501.3757097
16745,Emerald_Dry,103.357135,97.83485484,150.6386648,21.92652048
16745,Emerald_Wet,540.6373078,509.2675215,516.2515917,492.5343503
16746,Dalby_Dry,184.2043932,190.9695177,183.0150781,213.0056292
16746,Dalby_Wet,524.2505095,489.1929482,588.3199457,592.129154
16746,Emerald_Dry,109.5088807,96.2550281,158.4356081,169.0668657
16746,Emerald_Wet,570.1418812,590.0301536,616.5444578,538.268677
16747,Dalby_Dry,233.5055417,223.9695227,239.1682019,226.5832718
16747,Dalby_Wet,531.9369769,508.912116,516.996627,471.2854347
16747,Emerald_Dry,162.1775723,139.4035878,156.5580825,122.2670769
16747,Emerald_Wet,517.7884902,515.8916531,526.9970794,458.605633
16748,Dalby_Dry,205.6271646,220.7322668,207.1372701,212.8141368
16748,Dalby_Wet,544.0879713,534.5326202,535.2886367,535.5272858
16748,Emerald_Dry,125.2233244,115.2893535,158.7432596,41.53452827
16748,Emerald_Wet,559.951817,538.2472276,556.1807596,632.1659335
16749,Dalby_Dry,132.2775647,139.535223,107.965987,144.9882529
16749,Dalby_Wet,496.7078773,495.0483497,569.8782899,434.9398756
16749,Emerald_Dry,106.093844,89.18572181,99.38053279,85.32983371
16749,Emerald_Wet,506.1238301,498.0724378,572.2444035,509.8803512
16750,Dalby_Dry,212.8211687,229.9756908,227.8962464,178.4602876
16750,Dalby_Wet,543.191854,538.954633,585.9822334,457.4029548
16750,Emerald_Dry,129.1861911,153.4125889,152.7852492,121.6361876
16750,Emerald_Wet,557.2935743,542.1338382,548.9870582,590.517127
16751,Dalby_Dry,205.7862653,193.7093564,208.4758937,176.4398988
16751,Dalby_Wet,541.6234946,540.6809604,527.8375844,529.8331784
16751,Emerald_Dry,128.1006428,126.4115523,110.4563979,0
16751,Emerald_Wet,565.6099638,563.6144974,608.4757049,574.0137606
16752,Dalby_Dry,155.5122414,138.2964196,178.5369186,176.1755232
16752,Dalby_Wet,498.4647929,488.0267549,502.2200031,526.1932199
16752,Emerald_Dry,101.1485864,95.34527442,119.8884586,105.3751036
16752,Emerald_Wet,527.3623364,538.3512765,510.8695938,543.139449
16753,Dalby_Dry,232.254305,222.1936918,225.3196035,163.8021128
16753,Dalby_Wet,543.741463,547.0023552,528.8087313,552.6296991
16753,Emerald_Dry,160.5296129,138.0510385,123.2606586,201.2185561
16753,Emerald_Wet,540.4984365,527.6919019,537.156412,505.0098376
16754,Dalby_Dry,223.794834,195.8233752,290.1086236,332.634872
16754,Dalby_Wet,533.8387441,532.0387999,529.0161204,605.6661126
16754,Emerald_Dry,144.501259,146.4116184,157.8688401,99.97950216
16754,Emerald_Wet,545.0518295,532.8063575,561.3977554,507.061164
16755,Dalby_Dry,204.2733648,205.5359571,208.6398692,195.485496
16755,Dalby_Wet,530.0164372,518.7800231,517.6104739,581.4691613
16755,Emerald_Dry,128.9089363,137.584682,185.833462,86.73973686
16755,Emerald_Wet,533.3447157,535.4370623,549.9908519,590.241764
16756,Dalby_Dry,154.2631547,151.990489,163.1584219,196.6075786
16756,Dalby_Wet,505.3912858,493.4087284,498.0558878,536.4392521
16756,Emerald_Dry,102.5204962,96.64000123,144.7806966,139.2275758
16756,Emerald_Wet,515.6730028,509.5299332,454.5306649,508.4468003
16757,Dalby_Dry,199.898838,172.9971887,187.2352198,274.0910812
16757,Dalby_Wet,522.8989631,509.3881254,515.7802267,437.0783381
16757,Emerald_Dry,124.0546953,103.0041862,116.0801628,93.72921213
16757,Emerald_Wet,538.2971701,539.2131168,529.9665709,548.8873398
16758,Dalby_Dry,223.9571862,228.2504743,188.7627738,229.4760146
16758,Dalby_Wet,537.0123379,531.0501174,503.8165375,524.4702481
16758,Emerald_Dry,143.9439419,121.3717636,120.663123,211.200333
16758,Emerald_Wet,548.9570128,551.2452031,527.0387551,453.8615341
16759,Dalby_Dry,236.427392,226.3680946,249.0616967,274.7268649
16759,Dalby_Wet,525.0336744,511.4562115,526.4330724,616.0880043
16759,Emerald_Dry,174.7363524,185.5256263,195.3189705,152.2432008
16759,Emerald_Wet,505.5849485,490.0635137,463.2445912,543.9920126
16760,Dalby_Dry,231.8734542,219.6335551,231.3152862,196.7562549
16760,Dalby_Wet,539.6406144,511.8518004,550.3492745,489.2147917
16760,Emerald_Dry,156.6194228,149.3309608,190.4025243,76.90478847
16760,Emerald_Wet,539.2453748,556.6481585,539.6099044,481.0330439
16761,Dalby_Dry,231.1589003,228.2125979,197.9154109,140.2130311
16761,Dalby_Wet,546.3355068,555.1605819,529.61666,513.9295817
16761,Emerald_Dry,152.1960644,152.0012629,156.4889305,181.8126654
16761,Emerald_Wet,555.5291307,548.9973495,521.6859005,548.227919
16762,Dalby_Dry,166.2909431,158.1517663,184.2564885,251.6438441
16762,Dalby_Wet,514.9289201,511.213454,579.963077,558.135102
16762,Emerald_Dry,105.3235594,113.7146188,126.4972122,174.8619144
16762,Emerald_Wet,544.9284698,574.4131162,521.9871602,536.8927267
16763,Dalby_Dry,166.5311528,180.6360796,111.7012781,156.9846407
16763,Dalby_Wet,515.4543384,506.656792,511.0292353,490.6670894
16763,Emerald_Dry,105.6944572,122.9018644,120.4389588,39.33833345
16763,Emerald_Wet,543.1710218,546.5549876,564.7154217,562.6772917
16764,Dalby_Dry,205.2592415,180.7905655,217.9574417,172.4598272
16764,Dalby_Wet,528.8134734,543.328135,500.0252607,525.006707
16764,Emerald_Dry,132.3794402,143.1167959,142.511447,198.3921872
16764,Emerald_Wet,549.7509724,535.7436324,521.2808859,522.2188022
16765,Dalby_Dry,165.9997311,191.369547,219.1070227,204.2259096
16765,Dalby_Wet,530.9486553,519.8791261,537.8447596,440.7510217
16765,Emerald_Dry,103.1339307,75.72272949,136.5878127,2.889769725
16765,Emerald_Wet,542.0753177,538.4021936,544.4474189,493.7701936
16766,Dalby_Dry,223.7101241,246.5265952,238.889796,230.3530072
16766,Dalby_Wet,541.8533471,517.5499523,470.6329277,497.0551604
16766,Emerald_Dry,150.4246261,142.4368491,123.3101123,181.0476443
16766,Emerald_Wet,532.3394969,561.5958165,548.0957789,576.6656691
16767,Dalby_Dry,223.7031445,239.2829622,195.0515318,295.0119556
16767,Dalby_Wet,541.3452634,547.0277855,547.9804544,611.2740769
16767,Emerald_Dry,141.929332,167.0564386,98.66821666,64.32878047
16767,Emerald_Wet,531.5374717,535.8068277,593.7156225,530.2001451
16768,Dalby_Dry,166.0363871,182.3579644,135.8505733,137.7735956
16768,Dalby_Wet,526.3392451,508.4796723,451.3054049,568.4052182
16768,Emerald_Dry,103.9484651,97.72929507,143.6931978,74.75718741
16768,Emerald_Wet,539.8443295,534.6445679,540.8182797,505.0656239
16769,Dalby_Dry,197.8662374,211.6763631,235.3355067,184.1445413
16769,Dalby_Wet,535.2706752,542.8372323,532.0579109,522.8741462
16769,Emerald_Dry,111.3392382,126.6588822,113.813519,191.5270882
16769,Emerald_Wet,569.1247655,545.8854522,606.8148656,555.2014736
16770,Dalby_Dry,166.5657918,135.5469289,186.0089383,295.8076808
16770,Dalby_Wet,514.6328076,488.9793674,553.4371045,561.4353843
16770,Emerald_Dry,107.2976476,129.96507,102.0491469,138.9827738
16770,Emerald_Wet,521.1334435,500.2603972,561.6753626,525.5384175
16771,Dalby_Dry,242.8676933,226.0223236,250.170049,240.5048652
16771,Dalby_Wet,538.2658271,532.7826353,531.9831935,483.4273018
16771,Emerald_Dry,163.6272045,149.0030881,192.7940211,97.77338141
16771,Emerald_Wet,526.9723248,535.0502617,533.4654573,553.1231501
16772,Dalby_Dry,213.0453704,208.2456169,221.0572751,205.1638602
16772,Dalby_Wet,543.6374702,509.5235877,516.3804776,562.3213547
16772,Emerald_Dry,130.2166844,138.6288336,188.1725343,121.1715418
16772,Emerald_Wet,563.0465443,561.9723584,602.4373299,541.2089801
16773,Dalby_Dry,155.9623468,152.5927277,144.4875009,66.93010235
16773,Dalby_Wet,505.3399186,492.2538934,518.7763268,555.9904084
16773,Emerald_Dry,104.9917266,127.6754594,146.3905956,0
16773,Emerald_Wet,520.0431716,551.5302487,531.8814202,562.4765202
16774,Dalby_Dry,261.2940152,271.0139521,222.4911733,247.0554951
16774,Dalby_Wet,524.8908454,537.5835299,533.2170733,561.5706197
16774,Emerald_Dry,194.6101887,205.9472734,204.6975952,224.2412076
16774,Emerald_Wet,497.9702173,491.681239,553.5587211,488.226196
16775,Dalby_Dry,259.1692854,279.6443058,243.6590052,231.5906081
16775,Dalby_Wet,523.8676159,541.035398,514.3948579,472.1558627
16775,Emerald_Dry,198.7999297,187.8951997,245.0809784,273.0881673
16775,Emerald_Wet,499.2461513,477.1394817,550.2412225,454.516042
16776,Dalby_Dry,172.4300604,175.8500539,181.3796191,148.8317363
16776,Dalby_Wet,528.5294299,521.2922418,521.2514621,484.3880618
16776,Emerald_Dry,108.4482112,125.9432009,99.77796762,74.85853898
16776,Emerald_Wet,541.8146792,537.1623269,486.7613076,539.2068444
16777,Dalby_Dry,244.6046011,239.1001733,225.2820707,242.668275
16777,Dalby_Wet,521.4518989,530.7774635,563.3977011,552.7925813
16777,Emerald_Dry,184.6974343,211.245048,221.5731997,208.3203691
16777,Emerald_Wet,504.2351132,530.3842717,523.852744,473.2201411
16778,Dalby_Dry,182.5086581,179.5774774,164.5763408,264.81787
16778,Dalby_Wet,520.6614443,528.2742366,523.8131777,547.744122
16778,Emerald_Dry,114.686051,106.3362355,99.28654324,53.49390619
16778,Emerald_Wet,532.3378829,536.2421899,488.5345644,595.3968583
16779,Dalby_Dry,214.727213,210.5966129,291.8867735,241.3446639
16779,Dalby_Wet,537.4229488,545.0086331,504.9068222,549.3283988
16779,Emerald_Dry,144.0293669,145.2207235,133.901711,194.0773432
16779,Emerald_Wet,540.9983081,509.8757655,519.7765081,611.6527678
16780,Dalby_Dry,154.7708676,170.7201025,145.0329255,152.1307338
16780,Dalby_Wet,503.2548119,485.5771944,553.4369253,518.8046057
16780,Emerald_Dry,101.2005449,108.5349046,142.4425507,175.2656345
16780,Emerald_Wet,531.3086014,530.5486243,534.7281556,531.0551769
16781,Dalby_Dry,155.8130266,164.9772728,185.9719563,52.14635967
16781,Dalby_Wet,503.8030161,502.047138,500.0514222,452.5875023
16781,Emerald_Dry,104.1011317,110.0197832,75.02190825,106.037999
16781,Emerald_Wet,515.1942925,481.2215409,499.4581251,474.9283162
16782,Dalby_Dry,137.8461637,156.7746201,119.9344029,81.42088053
16782,Dalby_Wet,492.457547,502.7869364,547.1523052,586.2038924
16782,Emerald_Dry,105.9734258,117.432443,97.51290345,128.6671221
16782,Emerald_Wet,519.2729913,556.2113075,525.6413023,540.6828612
16783,Dalby_Dry,268.0952854,259.4774431,339.7395558,278.8805473
16783,Dalby_Wet,498.5260061,491.6396788,543.8017787,446.89008
16783,Emerald_Dry,209.0966839,192.4746722,209.5711378,257.5098152
16783,Emerald_Wet,477.2544277,473.9537415,521.940389,489.3307762
16784,Dalby_Dry,244.5864575,246.7144174,209.2110257,193.6753947
16784,Dalby_Wet,529.6550233,525.5779431,581.8213572,537.1780309
16784,Emerald_Dry,176.6448353,217.3789532,158.9538226,169.5109706
16784,Emerald_Wet,517.3049853,516.1549282,513.1571421,468.2637883
16785,Dalby_Dry,132.5136885,141.2701462,95.14791911,149.7312455
16785,Dalby_Wet,494.829918,492.4230101,512.0975708,482.5658999
16785,Emerald_Dry,105.1765596,81.28104438,147.5362649,88.24956923
16785,Emerald_Wet,527.5031354,510.4550451,484.4207203,553.1449177
16786,Dalby_Dry,154.5354935,145.0989637,146.0280089,178.845046
16786,Dalby_Wet,505.1102332,518.2326116,537.3665682,465.839802
16786,Emerald_Dry,101.9069572,99.99721434,137.3284121,114.3222346
16786,Emerald_Wet,534.1973963,506.2525948,536.9903941,556.5459114
16787,Dalby_Dry,165.3718273,165.0451361,160.7010801,119.5626959
16787,Dalby_Wet,526.4287674,513.9536293,551.30925,439.5149215
16787,Emerald_Dry,104.0989858,71.20011124,147.9162844,141.5661851
16787,Emerald_Wet,542.828873,555.6976279,546.5723317,484.9946084
16788,Dalby_Dry,242.2315775,239.6309563,257.6908648,193.3461893
16788,Dalby_Wet,535.9486073,522.4180479,569.4056746,529.014102
16788,Emerald_Dry,164.176752,158.3376929,150.4523878,168.3157198
16788,Emerald_Wet,515.5029686,527.0173652,533.80763,531.2494316
16789,Dalby_Dry,161.6778594,162.0149954,157.1927673,140.3914986
16789,Dalby_Wet,518.2832382,523.9115087,531.7900596,488.8717655
16789,Emerald_Dry,102.9360259,96.58153807,105.4972433,176.5890779
16789,Emerald_Wet,549.3209518,537.0074346,542.8533054,551.3400197
16790,Dalby_Dry,198.3734888,171.9096818,172.8137611,153.9124441
16790,Dalby_Wet,540.2527713,570.411857,518.0898565,569.1325044
16790,Emerald_Dry,117.3103957,123.9171843,151.7413517,52.9713191
16790,Emerald_Wet,564.1156742,549.7183671,571.610672,646.267752
16791,Dalby_Dry,161.7564653,177.471017,171.2506505,164.258668
16791,Dalby_Wet,517.3730027,531.1054753,609.8112739,573.5375905
16791,Emerald_Dry,105.0782095,91.9212774,113.1990759,78.3003961
16791,Emerald_Wet,528.7628794,501.3870481,492.9610676,452.4293068
16792,Dalby_Dry,203.9206685,190.3474009,179.7974926,260.6486142
16792,Dalby_Wet,545.1911865,519.1776822,536.5725203,578.4417568
16792,Emerald_Dry,124.339632,158.8626371,109.0380071,91.89056479
16792,Emerald_Wet,566.7991302,566.046252,546.7162358,671.3035085
16793,Dalby_Dry,241.0915406,274.1029146,262.3406527,231.3942888
16793,Dalby_Wet,543.3663636,556.8507368,512.7440891,632.8819199
16793,Emerald_Dry,162.773511,180.4464829,150.5976092,216.5393433
16793,Emerald_Wet,537.3597416,569.7399838,465.5018724,496.7780861
16794,Dalby_Dry,254.4801616,240.7599215,266.760465,236.0245144
16794,Dalby_Wet,532.8105376,552.8470776,549.0417138,624.4711565
16794,Emerald_Dry,178.5960294,152.6959417,157.7264774,99.25525805
16794,Emerald_Wet,507.793387,543.6662498,511.0681891,543.4205185
16795,Dalby_Dry,215.2228071,199.3562749,248.41197,191.2571974
16795,Dalby_Wet,539.2885141,528.2562944,510.6167364,592.1325969
16795,Emerald_Dry,133.2774424,156.3455194,139.7681837,104.9434242
16795,Emerald_Wet,547.040418,536.1936428,531.6925671,540.6490002
16796,Dalby_Dry,180.4997724,174.5370133,162.490114,261.6785743
16796,Dalby_Wet,520.5183269,529.1205278,596.552377,502.3498945
16796,Emerald_Dry,110.8256472,112.230191,30.38257735,181.2244022
16796,Emerald_Wet,532.8770699,553.3968311,544.99634,501.1132155
16797,Dalby_Dry,161.3244025,127.0520554,163.9470018,138.3649819
16797,Dalby_Wet,528.7256862,540.838039,565.4694882,550.4505373
16797,Emerald_Dry,98.43498091,107.5033821,100.5971544,63.10027351
16797,Emerald_Wet,543.7280557,561.3207608,557.5156132,603.1899882
16798,Dalby_Dry,199.7903612,185.0952073,231.9807639,231.498598
16798,Dalby_Wet,524.0906668,528.2888233,554.0758969,552.9303239
16798,Emerald_Dry,119.7929388,117.3175544,131.2816406,86.42726831
16798,Emerald_Wet,542.7557926,554.6833837,547.7600731,511.1275333
16799,Dalby_Dry,224.3317384,254.8085702,211.4404021,182.9786859
16799,Dalby_Wet,539.8589533,526.4199181,509.7046673,652.1715124
16799,Emerald_Dry,151.9448164,159.0893732,145.1044865,111.4047777
16799,Emerald_Wet,530.2489553,570.3365003,462.1330677,489.7990798
16800,Dalby_Dry,212.7456955,204.1836009,193.6803248,161.8496273
16800,Dalby_Wet,545.3833386,548.6262318,520.8004238,535.267293
16800,Emerald_Dry,133.7306845,138.235862,100.5653319,132.2830551
16800,Emerald_Wet,568.8051456,583.6886768,557.1002925,597.8676491
16801,Dalby_Dry,180.445859,200.5134574,210.2787964,226.2192126
16801,Dalby_Wet,520.7805234,538.8515818,492.9479768,359.3295215
16801,Emerald_Dry,110.6167615,113.2415162,88.6533691,188.1911997
16801,Emerald_Wet,534.1588879,519.8669678,486.7294525,472.7682135
16802,Dalby_Dry,155.0087534,174.9882919,158.6965403,179.3154005
16802,Dalby_Wet,521.5662241,545.3948222,519.4750698,549.5271456
16802,Emerald_Dry,102.0563975,91.36569722,80.77192748,114.6467245
16802,Emerald_Wet,531.0011229,533.769211,547.6930186,522.9235937
16803,Dalby_Dry,217.7180177,197.5900327,224.4330115,213.9629322
16803,Dalby_Wet,539.6140878,519.9820254,531.4974034,483.9489445
16803,Emerald_Dry,139.826991,130.7489502,125.4447782,163.8924026
16803,Emerald_Wet,531.8731263,522.7972493,462.2948653,486.0880349
16804,Dalby_Dry,253.0370725,243.1999549,289.051269,291.7083072
16804,Dalby_Wet,534.708632,532.0793938,545.3197807,559.5620625
16804,Emerald_Dry,177.6897025,166.6742606,254.540377,158.896229
16804,Emerald_Wet,511.43077,525.3286183,498.8607723,484.860639
16805,Dalby_Dry,213.3350084,222.5375319,277.1055641,159.5034557
16805,Dalby_Wet,540.4205113,522.5711757,553.4841295,618.0137515
16805,Emerald_Dry,141.9354512,146.8164664,131.1638891,67.82068458
16805,Emerald_Wet,557.1550664,576.4456471,565.9430903,601.700474
16806,Dalby_Dry,245.7589005,253.2603523,251.8934904,190.2746721
16806,Dalby_Wet,531.1663319,551.7364228,545.4018223,497.4269725
16806,Emerald_Dry,178.5317614,165.650458,172.4976517,182.0028298
16806,Emerald_Wet,514.1182941,517.3822419,528.6494505,512.0596081
16807,Dalby_Dry,180.5768944,145.5545129,215.9893484,224.5846837
16807,Dalby_Wet,517.5223344,527.4005641,521.3834168,519.2296775
16807,Emerald_Dry,109.9784236,133.9370249,81.06835765,110.5206224
16807,Emerald_Wet,531.690735,491.7402719,507.5381436,454.7052047
16808,Dalby_Dry,165.0101157,171.5654814,230.3373259,182.1675412
16808,Dalby_Wet,530.6523324,535.2551666,541.6671394,622.8032883
16808,Emerald_Dry,103.5867554,108.0091915,145.4804358,143.1441646
16808,Emerald_Wet,541.3255683,531.7103615,559.2689809,535.3283445
16809,Dalby_Dry,180.5801416,152.7728268,147.5213966,93.2122197
16809,Dalby_Wet,528.2346166,526.4219047,521.5798314,560.0549799
16809,Emerald_Dry,112.0611771,81.8057097,132.3416191,147.4909848
16809,Emerald_Wet,537.1329572,572.3244542,597.6087328,531.6533567
16810,Dalby_Dry,161.2409035,159.8105847,231.4108403,173.9670421
16810,Dalby_Wet,517.427015,508.2601839,527.6332737,527.618225
16810,Emerald_Dry,103.5688739,120.125343,153.0557123,57.69029606
16810,Emerald_Wet,545.1775031,558.9289835,599.076864,597.0216377
16811,Dalby_Dry,185.4832868,216.6191116,145.3586662,148.5711681
16811,Dalby_Wet,536.7843692,528.6032967,589.7330243,508.9337326
16811,Emerald_Dry,109.1098856,103.9271667,87.38817486,96.83211479
16811,Emerald_Wet,557.8418806,558.7528975,558.3908751,551.170994
16812,Dalby_Dry,214.9686298,216.9010699,252.3552545,259.5160864
16812,Dalby_Wet,540.437845,514.7552596,580.1268482,464.4111449
16812,Emerald_Dry,138.6241223,144.7468176,89.97275752,128.6982748
16812,Emerald_Wet,549.0700328,546.0927622,552.5021134,583.9150483
16813,Dalby_Dry,206.020781,174.3607704,223.7639382,318.3980104
16813,Dalby_Wet,531.9263209,519.6572281,561.287331,519.840272
16813,Emerald_Dry,131.1261104,157.376015,140.916506,159.6148267
16813,Emerald_Wet,553.5536036,535.8518624,557.7037852,633.5453978
16814,Dalby_Dry,278.4252972,237.5600867,307.3813287,220.2701221
16814,Dalby_Wet,480.6147746,505.6238184,452.3182054,410.1125957
16814,Emerald_Dry,229.2184127,226.8778094,315.7887887,153.9800832
16814,Emerald_Wet,441.1480813,436.1896976,426.7242145,369.0362002
16815,Dalby_Dry,161.2933448,147.9481768,174.3758561,156.2079961
16815,Dalby_Wet,517.4708264,530.5668423,527.0264425,539.3302458
16815,Emerald_Dry,103.4869892,139.2855963,75.30293582,157.3158715
16815,Emerald_Wet,546.0095548,550.6656217,563.5382292,435.1200149
16816,Dalby_Dry,180.6303623,193.6649094,112.4133705,169.9850305
16816,Dalby_Wet,528.6220093,540.8573572,499.798652,451.9120537
16816,Emerald_Dry,109.1711083,144.6294913,141.104646,97.59459317
16816,Emerald_Wet,537.6274627,536.4281725,488.1443905,519.6709403
16817,Dalby_Dry,232.4653984,251.6244696,241.6481577,173.4845884
16817,Dalby_Wet,543.4879766,544.0715968,557.8163528,599.6754137
16817,Emerald_Dry,159.9701162,168.3897667,200.788328,148.3849547
16817,Emerald_Wet,540.0535441,509.5683635,467.5072277,578.8242263
16818,Dalby_Dry,181.1179491,203.0900141,190.6935992,173.9384242
16818,Dalby_Wet,533.0481829,539.3833043,531.8749779,630.0478456
16818,Emerald_Dry,106.4225839,88.02358269,61.1880928,157.2724996
16818,Emerald_Wet,558.7691472,556.7704315,535.8077915,544.2744193
16819,Dalby_Dry,172.8591819,213.3684994,216.9618239,54.69870547
16819,Dalby_Wet,526.9964358,509.7242438,530.8529276,469.9469533
16819,Emerald_Dry,108.8380721,99.74219753,77.56765201,147.1708307
16819,Emerald_Wet,535.8237277,529.7481769,534.4855849,545.7806443
16820,Dalby_Dry,202.445378,181.0065942,211.3604671,207.7669908
16820,Dalby_Wet,525.5094322,528.3434554,509.9311735,655.5511198
16820,Emerald_Dry,133.1390616,137.741311,150.9142983,189.2444568
16820,Emerald_Wet,519.7991974,515.489533,507.7682396,597.8571322
16821,Dalby_Dry,223.6743382,198.1354852,217.6875479,216.7047541
16821,Dalby_Wet,538.3556406,544.2836966,541.9126744,583.9999265
16821,Emerald_Dry,150.5542271,163.4762258,159.6551705,165.6361742
16821,Emerald_Wet,523.0587452,541.702274,554.9051434,585.964957
16822,Dalby_Dry,192.4950197,220.5190324,190.3707569,190.580342
16822,Dalby_Wet,526.6520684,513.4210687,521.5753926,713.3456471
16822,Emerald_Dry,114.7669126,120.8289956,135.8793776,137.7091133
16822,Emerald_Wet,545.8944394,564.0179078,520.4807625,603.9017916
16823,Dalby_Dry,234.742938,223.4695116,294.3220818,330.5694911
16823,Dalby_Wet,524.1705328,494.186137,550.6802392,566.6044001
16823,Emerald_Dry,169.1158415,160.9252213,127.1510163,197.3728656
16823,Emerald_Wet,504.4588287,496.67567,540.7644866,569.2078485
16824,Dalby_Dry,161.2199543,161.4443207,212.0742743,126.7773841
16824,Dalby_Wet,516.7771875,538.1432923,493.6782233,514.4081357
16824,Emerald_Dry,101.5183715,81.92076936,154.1288878,128.8413292
16824,Emerald_Wet,546.3097514,544.8718273,574.4855931,528.8198534
16825,Dalby_Dry,212.6609834,205.7290185,210.6203971,218.4672237
16825,Dalby_Wet,542.8545429,543.1224604,497.864134,513.6009819
16825,Emerald_Dry,131.4087237,144.6969509,175.3557101,154.2145254
16825,Emerald_Wet,550.8543456,527.3894695,530.887381,600.0653252
16826,Dalby_Dry,205.5179349,190.7935432,196.8034848,179.518954
16826,Dalby_Wet,533.1124864,537.196637,540.1850458,577.5782246
16826,Emerald_Dry,121.6651305,104.2012823,123.3397899,66.88743455
16826,Emerald_Wet,562.7874196,558.6800457,551.2457483,538.8481923
16827,Dalby_Dry,236.9228992,250.2562995,263.0312408,188.9389609
16827,Dalby_Wet,530.4056513,525.2926136,579.862025,574.5563428
16827,Emerald_Dry,172.929172,165.5388895,126.8837845,195.0138705
16827,Emerald_Wet,512.9156641,525.5613197,477.4172291,497.7678071
16828,Dalby_Dry,133.8486259,136.7712189,176.1051139,123.8518432
16828,Dalby_Wet,482.2249019,455.5923493,472.3422406,506.3734094
16828,Emerald_Dry,106.8292855,124.9803909,115.7645768,139.4219978
16828,Emerald_Wet,502.6483267,492.6248003,494.4964278,514.0900716
16829,Dalby_Dry,166.1971782,203.2860304,161.0103789,198.8175148
16829,Dalby_Wet,529.7100241,506.0130912,540.4021474,453.1071417
16829,Emerald_Dry,103.3914115,76.48759873,111.1172071,166.3073405
16829,Emerald_Wet,540.6801918,525.0009009,485.8819144,559.523974
16830,Dalby_Dry,205.3942879,201.7243198,229.4266035,245.8883722
16830,Dalby_Wet,541.8229451,538.3445115,562.2690658,556.2763219
16830,Emerald_Dry,130.4598562,129.9137283,121.1953664,83.84272411
16830,Emerald_Wet,547.8042277,552.8043143,502.9787171,508.8172766
16831,Dalby_Dry,161.4234377,186.2809883,164.5504148,199.8356921
16831,Dalby_Wet,518.8624626,542.7611736,503.8653813,465.7367115
16831,Emerald_Dry,104.652165,118.7222828,82.37426809,0
16831,Emerald_Wet,525.1065604,514.808134,492.4330922,466.3133139
16832,Dalby_Dry,215.3664312,202.3025407,199.5809016,236.614236
16832,Dalby_Wet,538.9568609,543.6453943,483.2745577,539.1189074
16832,Emerald_Dry,137.7962607,148.0931228,178.5016275,192.2238204
16832,Emerald_Wet,551.6266935,560.9969726,557.6527779,570.5147428
16833,Dalby_Dry,162.4590368,177.6807713,163.3421235,120.0813181
16833,Dalby_Wet,515.0930784,510.5499485,516.273424,512.4769752
16833,Emerald_Dry,105.6502971,112.9721308,170.1920488,106.4381412
16833,Emerald_Wet,526.928717,542.8607422,529.4642261,480.9033973
16834,Dalby_Dry,254.7052388,250.9085111,311.2884732,194.118885
16834,Dalby_Wet,538.0606557,581.1167489,526.1196012,528.2983002
16834,Emerald_Dry,176.3542026,186.2623729,114.1228213,149.3437969
16834,Emerald_Wet,507.5306163,520.2682339,516.390447,492.8708347
16835,Dalby_Dry,245.7271147,248.5570947,234.8032165,208.1920085
16835,Dalby_Wet,531.2945872,526.9055856,580.7569785,583.0106653
16835,Emerald_Dry,178.4801086,172.7950833,153.9395673,277.8744369
16835,Emerald_Wet,514.3956823,482.0917701,442.6606874,482.2929928
16836,Dalby_Dry,199.354689,194.810125,260.4925112,155.0039074
16836,Dalby_Wet,535.4375858,511.1471789,590.3313549,525.3546974
16836,Emerald_Dry,127.3351112,141.8461832,72.91432497,196.6276552
16836,Emerald_Wet,553.1747113,574.5033012,553.6835625,418.8866499
16837,Dalby_Dry,191.690057,216.2287783,167.2866415,303.4985021
16837,Dalby_Wet,526.5400762,521.8826062,522.8011104,437.5728462
16837,Emerald_Dry,115.9882369,143.4677237,120.4533536,138.4414404
16837,Emerald_Wet,549.8118875,555.1536883,546.9436252,419.3116756
16838,Dalby_Dry,206.2370498,180.6315079,214.9300505,128.4901102
16838,Dalby_Wet,534.542047,490.2133346,561.8966134,639.1979396
16838,Emerald_Dry,127.9863013,136.0328733,99.45796892,120.147666
16838,Emerald_Wet,555.5685665,536.2997626,557.8454191,457.7295188
16839,Dalby_Dry,215.0449512,207.2211014,199.3960776,179.67722
16839,Dalby_Wet,535.42148,539.2172928,505.9997396,558.0265347
16839,Emerald_Dry,142.9246598,134.3588061,128.0273146,169.9910859
16839,Emerald_Wet,544.1242556,551.5830281,555.0716082,527.1925642
16840,Dalby_Dry,184.7865901,179.7012041,151.4190891,153.0147487
16840,Dalby_Wet,532.8463409,517.8642061,504.683476,695.2789278
16840,Emerald_Dry,106.7289604,100.6800388,136.1851652,92.61599653
16840,Emerald_Wet,559.4069841,579.3615666,523.1560954,575.9558556
16841,Dalby_Dry,161.6831508,162.6176556,123.0171699,163.6158967
16841,Dalby_Wet,518.1901353,495.0707838,539.2909485,501.875916
16841,Emerald_Dry,102.9732281,116.6864237,132.8241156,133.7062198
16841,Emerald_Wet,549.0957077,559.4456186,505.1406812,614.8796052
16842,Dalby_Dry,244.7167181,253.2702318,281.3611778,278.265741
16842,Dalby_Wet,534.2131409,530.5146714,514.9541012,467.6338922
16842,Emerald_Dry,167.7590387,167.7600923,132.7323309,208.7334219
16842,Emerald_Wet,513.929349,504.9558549,602.8910823,542.5655036
16843,Dalby_Dry,199.4227216,218.9437128,212.1236372,261.3899256
16843,Dalby_Wet,536.7439145,536.7585642,545.4256246,581.7338543
16843,Emerald_Dry,118.207527,123.3678812,44.53122415,190.0458816
16843,Emerald_Wet,561.2318875,559.0587109,566.8892431,492.1660193
16844,Dalby_Dry,154.5155669,146.6078411,177.6860668,182.0318892
16844,Dalby_Wet,502.813076,522.0041251,546.1282175,465.1348468
16844,Emerald_Dry,100.9377724,113.0458206,102.1213876,74.22658918
16844,Emerald_Wet,528.0412437,523.4924327,560.0126638,582.3694391
16845,Dalby_Dry,221.7576797,197.0744825,229.2680632,209.3076491
16845,Dalby_Wet,543.6241722,537.27235,493.2228885,502.9544784
16845,Emerald_Dry,146.3491642,144.7471028,162.7757916,98.47100733
16845,Emerald_Wet,556.6140583,580.1717213,503.8400612,485.5088026
16846,Dalby_Dry,137.9044747,139.8559778,138.7154415,188.1416264
16846,Dalby_Wet,493.6846618,478.1453184,478.3107368,456.8024997
16846,Emerald_Dry,103.7997439,99.91336709,94.16217999,147.4310841
16846,Emerald_Wet,520.565767,544.8721398,523.9627739,515.6960067
16847,Dalby_Dry,165.7977151,169.9614907,126.1200984,168.2516956
16847,Dalby_Wet,526.5458148,533.7454881,538.3746103,602.0069808
16847,Emerald_Dry,103.5840892,75.0143941,135.0939329,23.42801288
16847,Emerald_Wet,556.8874417,534.2208027,538.3096421,577.0882127
16848,Dalby_Dry,166.8760602,190.3365936,82.8378433,207.6874279
16848,Dalby_Wet,512.7761904,479.4911684,501.2981735,503.8630188
16848,Emerald_Dry,106.2924646,120.0095128,73.12546457,102.4712749
16848,Emerald_Wet,540.7740839,521.0805016,554.7522358,604.15704
16849,Dalby_Dry,261.4635773,264.6993677,299.7082014,247.7163986
16849,Dalby_Wet,528.8349652,518.7404943,563.0905782,419.8257967
16849,Emerald_Dry,193.8180624,198.9260925,192.7314665,184.9772888
16849,Emerald_Wet,493.1230207,499.4479782,503.7764701,434.8709499
16850,Dalby_Dry,234.232502,219.6101193,159.8495629,302.4012936
16850,Dalby_Wet,539.6199367,583.9103661,533.9334419,593.2998378
16850,Emerald_Dry,157.0386959,171.7161112,210.7657079,171.103426
16850,Emerald_Wet,533.4393528,522.9511984,527.5730592,535.7466627
16851,Dalby_Dry,154.4222609,169.5994718,124.6064696,41.76502667
16851,Dalby_Wet,504.4271873,462.7765841,495.659773,548.2736014
16851,Emerald_Dry,99.64046159,86.33181162,93.00488813,98.84817769
16851,Emerald_Wet,529.8931405,526.9043599,533.4525608,522.148272
16852,Dalby_Dry,199.4618447,200.2688277,202.0692882,143.2214886
16852,Dalby_Wet,535.5313671,536.6409574,510.2092499,539.7124864
16852,Emerald_Dry,127.0051778,118.7072961,121.6455301,211.0643148
16852,Emerald_Wet,558.1829123,574.1576606,592.9980968,519.3451949
16853,Dalby_Dry,200.3067934,214.5547367,187.0719487,220.179102
16853,Dalby_Wet,524.7042384,526.9578103,568.1015194,505.6600855
16853,Emerald_Dry,120.2392465,113.9330201,77.95902191,124.6946151
16853,Emerald_Wet,543.2389599,555.3337939,548.6373977,534.9784465
16854,Dalby_Dry,207.677102,202.6709348,261.3598474,188.8950874
16854,Dalby_Wet,528.0847772,538.3758236,530.4615688,526.9042762
16854,Emerald_Dry,138.9031795,140.1250599,224.6429208,107.667867
16854,Emerald_Wet,545.7139815,562.0795089,600.5629109,502.7654734
16855,Dalby_Dry,191.7935712,186.7646825,152.0731562,119.5126861
16855,Dalby_Wet,530.0439198,549.2921455,572.3622572,516.8005784
16855,Emerald_Dry,110.9657505,113.253779,120.8040746,171.4359627
16855,Emerald_Wet,552.3107784,573.0267525,600.0306755,543.3097813
16856,Dalby_Dry,200.0205678,204.573334,189.9780407,127.8141367
16856,Dalby_Wet,522.8049108,560.8973189,498.7152049,591.5886028
16856,Emerald_Dry,124.3457956,113.6533245,96.31814355,66.3319641
16856,Emerald_Wet,536.9314627,542.2639319,567.987738,604.3827192
16857,Dalby_Dry,154.881134,160.0877939,137.9035508,133.4532283
16857,Dalby_Wet,521.7922367,539.4268604,545.3362965,519.807451
16857,Emerald_Dry,100.5699459,97.5238589,74.28575624,40.75639441
16857,Emerald_Wet,529.9612314,520.318427,614.689703,486.1112753
16858,Dalby_Dry,160.7713455,165.8600876,136.8163939,133.0751234
16858,Dalby_Wet,518.0928881,532.0571973,486.5218004,537.4514201
16858,Emerald_Dry,101.3693738,90.19180001,110.9542441,195.6626594
16858,Emerald_Wet,551.7868738,559.8315699,556.0102942,542.0006407
16859,Dalby_Dry,253.0198296,240.6779899,306.491835,296.9875286
16859,Dalby_Wet,537.4781644,502.6624409,520.2244083,514.4746256
16859,Emerald_Dry,180.0495187,171.3903851,204.0218587,170.0030512
16859,Emerald_Wet,502.0463222,501.6957475,505.8955937,542.3971657
16860,Dalby_Dry,185.381839,190.5638983,200.9350481,159.6449197
16860,Dalby_Wet,529.4706369,560.7634531,539.9056796,539.1353687
16860,Emerald_Dry,111.1581036,102.5701387,162.7927911,30.62025847
16860,Emerald_Wet,548.3581972,566.7817959,520.0868589,502.1758527
16861,Dalby_Dry,181.1121807,186.527033,113.6876654,117.6719502
16861,Dalby_Wet,522.3208708,521.9701335,550.4233416,542.1837661
16861,Emerald_Dry,107.3917457,120.543069,138.8736393,170.6919053
16861,Emerald_Wet,554.6861612,550.1242338,584.5185602,647.5914677
16862,Dalby_Dry,254.5484324,248.2433042,264.9332208,176.9463713
16862,Dalby_Wet,532.6905721,504.0546941,554.9880701,490.442003
16862,Emerald_Dry,180.5259732,184.0748362,191.7767259,227.5225357
16862,Emerald_Wet,503.545287,502.2764692,510.7572879,443.7395701
16863,Dalby_Dry,206.3680475,174.2846536,191.9184893,246.1584308
16863,Dalby_Wet,544.0363728,563.1717233,590.0490748,580.3583027
16863,Emerald_Dry,130.0312471,126.4295289,172.2279566,119.8511381
16863,Emerald_Wet,567.8403233,583.5791593,570.446813,580.3020617
16864,Dalby_Dry,161.7279033,174.9812765,203.8200289,146.8760932
16864,Dalby_Wet,526.624917,527.0518389,455.3019005,626.6820143
16864,Emerald_Dry,100.9386621,112.8334545,68.43805132,68.34640067
16864,Emerald_Wet,544.3153223,557.9537798,607.558017,530.280754
16865,Dalby_Dry,252.6874961,268.7816861,230.3151705,295.1248566
16865,Dalby_Wet,520.4823873,518.2085386,527.1738445,530.3398415
16865,Emerald_Dry,187.4919018,197.5691692,162.0812711,179.7346669
16865,Emerald_Wet,489.5130617,518.7436639,541.711566,463.3304081
16866,Dalby_Dry,215.6203796,227.162716,244.6662262,212.7338099
16866,Dalby_Wet,536.9154317,545.6561014,515.5278457,530.869789
16866,Emerald_Dry,148.0623138,161.9507297,171.1802408,188.376256
16866,Emerald_Wet,540.7630802,548.5801158,529.3779459,598.7878708
16867,Dalby_Dry,224.1144864,250.3882067,221.2502569,187.1411129
16867,Dalby_Wet,541.1616069,582.4555109,518.695607,487.3943927
16867,Emerald_Dry,141.8665522,152.8974966,105.6533223,148.9738197
16867,Emerald_Wet,549.9181045,527.1032359,496.5747688,599.0918518
16868,Dalby_Dry,161.3231375,185.8301907,127.0683471,161.6840276
16868,Dalby_Wet,517.7683747,493.5056632,526.5518008,505.5662459
16868,Emerald_Dry,103.511052,97.79274377,10.88827766,93.71920145
16868,Emerald_Wet,546.6401727,548.7269094,534.94538,517.8653439
16869,Dalby_Dry,197.3754332,199.9936865,179.9295245,206.7979647
16869,Dalby_Wet,542.2972643,564.2651177,533.7007537,479.0834503
16869,Emerald_Dry,115.895364,106.5676597,156.4465424,43.16376468
16869,Emerald_Wet,570.6343337,565.0807827,574.4957796,580.068408
16870,Dalby_Dry,180.3766671,172.2049724,144.7829651,52.52984821
16870,Dalby_Wet,533.6173299,539.2381099,500.1365286,548.2014257
16870,Emerald_Dry,107.1822409,96.63591707,148.4767629,140.5456579
16870,Emerald_Wet,559.9981113,597.0084647,569.9604607,620.9331297
16871,Dalby_Dry,165.792853,154.2008631,149.4956676,177.5445839
16871,Dalby_Wet,529.428395,512.4136582,557.3317164,468.4905105
16871,Emerald_Dry,102.7520737,93.35854666,163.9486744,109.6810178
16871,Emerald_Wet,564.2974398,552.5720631,513.2213262,577.1053738
16872,Dalby_Dry,155.0399751,140.9124512,89.76385953,225.205769
16872,Dalby_Wet,522.1545892,533.7513405,572.9326382,407.5923026
16872,Emerald_Dry,102.2818574,105.856394,22.07470049,133.3959455
16872,Emerald_Wet,529.7967777,520.6220071,556.6836277,500.1363917
16873,Dalby_Dry,155.8435288,175.7234514,253.6803266,258.63299
16873,Dalby_Wet,501.4897181,489.5632208,465.7379272,456.7812387
16873,Emerald_Dry,99.83211328,86.28792613,84.60741849,123.2028646
16873,Emerald_Wet,525.4303121,554.3090398,489.8387454,568.7940039
16874,Dalby_Dry,234.8859714,206.9555951,210.9974016,244.1102938
16874,Dalby_Wet,532.5026006,524.3628644,505.6144611,548.37374
16874,Emerald_Dry,160.9740102,164.9874684,157.8492317,179.368649
16874,Emerald_Wet,504.2024439,496.1108308,552.8125531,548.1178918
16875,Dalby_Dry,180.0914725,189.6883645,148.8395856,141.5323812
16875,Dalby_Wet,525.4754084,508.0885329,488.6900634,563.7584812
16875,Emerald_Dry,111.4284827,104.4415046,133.3332174,99.76295421
16875,Emerald_Wet,530.9350637,523.8327955,529.4612756,524.6870374
16876,Dalby_Dry,225.6259177,232.5674635,232.8855703,320.093183
16876,Dalby_Wet,529.7746626,539.1970785,580.0210774,548.4223307
16876,Emerald_Dry,147.8054125,165.7452423,121.3472973,123.2960961
16876,Emerald_Wet,521.1247813,540.6581996,520.4292731,441.4481351
16877,Dalby_Dry,215.2049547,226.5837,242.7660111,122.4661749
16877,Dalby_Wet,536.2924273,543.967102,565.6340385,570.9432638
16877,Emerald_Dry,139.7956693,166.660795,143.9448526,74.85020169
16877,Emerald_Wet,539.9270957,516.6790494,513.6417684,567.5182689
16878,Dalby_Dry,234.0979468,257.1312701,261.4040933,102.5100292
16878,Dalby_Wet,538.6705546,536.5306266,507.5107162,594.4592863
16878,Emerald_Dry,156.8855342,155.3016053,190.8077182,230.3583959
16878,Emerald_Wet,522.5810599,500.1155033,549.4873405,504.3565378
16879,Dalby_Dry,161.0821955,152.3267589,230.6679435,177.5539504
16879,Dalby_Wet,515.9331388,483.4606777,446.620356,591.0679944
16879,Emerald_Dry,101.413696,106.3794617,78.38201761,14.17430178
16879,Emerald_Wet,543.4900531,546.5963407,623.1146605,542.6399191
16880,Dalby_Dry,129.2844569,132.7472569,111.9834299,165.5769303
16880,Dalby_Wet,497.4955203,476.2311303,496.5565648,459.9195407
16880,Emerald_Dry,104.9090965,81.02937803,125.8885746,105.8537756
16880,Emerald_Wet,521.7474826,524.319559,513.0556401,428.7825763
16881,Dalby_Dry,212.9294617,215.3206014,159.8411808,302.0917226
16881,Dalby_Wet,542.1656606,525.128011,505.1946785,549.091618
16881,Emerald_Dry,136.5345752,126.3525919,135.7038251,173.5698615
16881,Emerald_Wet,555.714642,558.9276078,531.5581834,548.148323
16882,Dalby_Dry,165.9433262,154.2249572,227.1557822,180.1430883
16882,Dalby_Wet,528.1260991,525.5163769,490.9421185,499.0074463
16882,Emerald_Dry,101.9862869,102.7210109,90.06684806,92.58264276
16882,Emerald_Wet,546.8465088,564.7465692,545.3587054,605.0854665
16883,Dalby_Dry,143.6300269,142.418651,142.7656775,74.99433186
16883,Dalby_Wet,491.9863273,487.5393653,450.0508155,598.3176822
16883,Emerald_Dry,105.079564,84.29043815,100.2334149,166.6219915
16883,Emerald_Wet,522.1208103,524.9303845,486.3998095,511.594683
16884,Dalby_Dry,205.6323989,178.0598859,175.8559386,179.4126859
16884,Dalby_Wet,535.2566225,533.5011736,493.8088884,593.08774
16884,Emerald_Dry,127.482404,100.1283159,97.8476188,89.32760832
16884,Emerald_Wet,559.4273881,572.8842258,562.2660422,560.7173428
16885,Dalby_Dry,223.8008015,230.7310232,236.5379698,250.3178745
16885,Dalby_Wet,537.170243,532.287705,527.2865795,518.7205688
16885,Emerald_Dry,143.2822385,149.2179662,82.35758543,139.6122968
16885,Emerald_Wet,538.2363132,531.8452189,525.4752033,488.2213491
16886,Dalby_Dry,252.3147749,260.4890082,245.7845535,281.9867493
16886,Dalby_Wet,545.7610934,544.7511929,559.0262067,575.0637506
16886,Emerald_Dry,172.5043258,177.6212152,179.7826829,172.5881509
16886,Emerald_Wet,521.3346786,524.5687569,517.8183849,531.4612838
16887,Dalby_Dry,197.6767062,204.9370988,204.0511309,212.1278823
16887,Dalby_Wet,532.5573038,536.9798392,528.0113674,517.421709
16887,Emerald_Dry,116.4030335,110.547826,120.1170725,132.2013749
16887,Emerald_Wet,563.8162365,562.4933489,560.1787303,599.4583451
16888,Dalby_Dry,143.2973845,145.0260758,116.9490761,154.3857145
16888,Dalby_Wet,507.4931264,502.2644042,470.6161278,515.2036357
16888,Emerald_Dry,103.5939752,107.8659583,114.4450616,125.4876936
16888,Emerald_Wet,519.7879744,514.3293925,515.6467111,505.8002038
16889,Dalby_Dry,184.07956,188.5278791,218.5435216,174.7371301
16889,Dalby_Wet,525.8154776,524.9018181,510.4142944,525.3934331
16889,Emerald_Dry,106.9148107,108.4677625,111.8350129,130.7278523
16889,Emerald_Wet,572.5065972,562.4867391,565.4911177,561.6209919
16890,Dalby_Dry,173.6211213,177.9232788,167.8153072,158.2264571
16890,Dalby_Wet,527.5852994,527.3864955,533.8480087,571.8609198
16890,Emerald_Dry,108.7209855,107.8266218,120.5571451,108.2549
16890,Emerald_Wet,533.7129749,536.9522258,523.4932694,540.9759151
16891,Dalby_Dry,180.5250815,189.607242,165.7903711,186.0497564
16891,Dalby_Wet,535.2528488,516.9653169,517.2387779,558.4154482
16891,Emerald_Dry,108.4551573,104.958722,109.4192049,137.2899548
16891,Emerald_Wet,556.2318488,551.4015795,535.684776,573.7636793
16892,Dalby_Dry,191.5545656,189.9719461,186.112165,192.9703444
16892,Dalby_Wet,538.903323,537.5839835,532.8254869,544.5390941
16892,Emerald_Dry,113.4665735,116.9099376,121.4454106,122.8213058
16892,Emerald_Wet,564.8247655,573.6824217,554.5259674,520.5056741
16893,Dalby_Dry,135.0384329,138.3906094,139.9484298,116.0920547
16893,Dalby_Wet,493.5908928,500.797335,487.9579004,501.4011832
16893,Emerald_Dry,104.082929,101.7163895,124.6462379,99.13878743
16893,Emerald_Wet,524.5203786,532.5072155,541.1898173,520.5313145
16894,Dalby_Dry,233.3621267,232.5739163,238.2150065,221.2941147
16894,Dalby_Wet,531.8467663,527.0770829,536.3662336,559.8649944
16894,Emerald_Dry,162.0935465,143.9115346,139.8123395,130.8902814
16894,Emerald_Wet,517.5507493,516.1473793,509.5816184,488.4020363
16895,Dalby_Dry,232.671346,232.2202667,238.2546033,229.0970498
16895,Dalby_Wet,553.9504621,551.336961,528.0025323,554.3769967
16895,Emerald_Dry,159.9185256,161.3648666,162.7045877,158.9920217
16895,Emerald_Wet,550.1473396,554.3263449,525.074513,565.5622939
16896,Dalby_Dry,234.5182876,223.545839,249.9670343,222.7435129
16896,Dalby_Wet,540.7999134,539.4073195,551.1488716,520.588762
16896,Emerald_Dry,156.7089234,158.4832489,158.1654642,172.6968712
16896,Emerald_Wet,531.1084366,545.1687678,530.4786792,541.1109708
16897,Dalby_Dry,179.7653338,183.4011968,179.1918064,159.9511262
16897,Dalby_Wet,534.9590878,526.8177002,526.8758137,552.6276788
16897,Emerald_Dry,105.5830837,112.2948013,71.30482717,91.62920502
16897,Emerald_Wet,561.2905761,557.7412678,582.9552491,597.5440144
16898,Dalby_Dry,217.6988384,205.4770994,230.7964686,228.1748214
16898,Dalby_Wet,534.3225618,529.6762302,518.2267554,530.4214127
16898,Emerald_Dry,149.6002744,155.3587289,174.811323,123.8922513
16898,Emerald_Wet,529.6449305,527.137929,530.2259728,532.4912464
16899,Dalby_Dry,180.3186115,182.2058185,183.200082,184.0578977
16899,Dalby_Wet,522.4573279,525.5868475,501.6253378,539.9796899
16899,Emerald_Dry,107.5038569,104.9681956,114.2516785,86.45805543
16899,Emerald_Wet,557.303789,545.5545459,558.6809016,545.4094217
16900,Dalby_Dry,179.5111923,181.8304158,167.3269821,194.4793004
16900,Dalby_Wet,521.2038967,524.5714063,512.5617512,529.7259929
16900,Emerald_Dry,104.5252464,107.6730959,101.9289406,110.5208988
16900,Emerald_Wet,554.3555795,553.0909684,552.3141496,560.9275914
16901,Dalby_Dry,181.1003266,177.5305755,174.1171661,132.4320652
16901,Dalby_Wet,532.8537759,538.3209449,545.3951148,515.0719466
16901,Emerald_Dry,106.7411088,101.0951233,119.2700522,126.9171481
16901,Emerald_Wet,559.5271592,565.6567107,558.8651425,532.6544663
16902,Dalby_Dry,192.6721372,191.3434774,181.033651,171.03312
16902,Dalby_Wet,530.1630031,525.8252618,555.340569,545.0018205
16902,Emerald_Dry,116.9507285,120.0875773,105.4131338,116.6475481
16902,Emerald_Wet,537.7945878,516.0717954,566.8840939,548.5325371
16903,Dalby_Dry,199.352419,197.8291349,187.882664,206.7789669
16903,Dalby_Wet,522.5379466,508.0972952,531.4507082,528.1066001
16903,Emerald_Dry,119.8149586,124.0225002,116.0624565,113.5453322
16903,Emerald_Wet,532.6595818,530.2088607,535.8482604,523.9159927
16904,Dalby_Dry,245.6867164,253.5065545,242.5850824,240.7013636
16904,Dalby_Wet,536.1868772,538.8470654,524.1146636,550.0757531
16904,Emerald_Dry,177.0459963,172.1199337,180.3760516,166.113967
16904,Emerald_Wet,517.7999882,518.0358816,512.0421255,514.5514419
16905,Dalby_Dry,232.1405817,235.4566404,225.6982367,245.1461408
16905,Dalby_Wet,533.1972815,536.6412084,536.2728112,586.7923498
16905,Emerald_Dry,159.1940271,167.734288,163.458348,160.2756818
16905,Emerald_Wet,527.3278349,527.0816851,526.4250383,557.2506545
16906,Dalby_Dry,154.8276817,151.0155081,157.6567943,143.779705
16906,Dalby_Wet,523.1356116,518.4949651,529.252901,514.8078836
16906,Emerald_Dry,100.8665491,97.78132812,119.0763264,110.321642
16906,Emerald_Wet,530.7106705,513.898629,507.3305655,541.1809677
16907,Dalby_Dry,193.4020852,194.2032679,203.670251,212.3275591
16907,Dalby_Wet,524.2200669,518.2651191,516.7906876,529.4457935
16907,Emerald_Dry,115.8316145,99.06275519,138.0120582,113.8280423
16907,Emerald_Wet,546.7980187,550.5329934,552.2185293,548.00216
16908,Dalby_Dry,194.4567968,195.8430329,199.5851721,218.0366449
16908,Dalby_Wet,515.6645893,530.8857017,510.6865964,509.8147181
16908,Emerald_Dry,125.3025856,119.0972507,99.71557427,93.9129797
16908,Emerald_Wet,516.5595789,521.5251177,525.1160811,497.2242528
16909,Dalby_Dry,165.0113462,158.7016344,162.9260327,160.0630608
16909,Dalby_Wet,530.9776751,534.3165301,533.6448697,520.7450978
16909,Emerald_Dry,104.0280504,96.36977184,110.0063486,126.2394919
16909,Emerald_Wet,547.937138,547.2298855,562.0424791,501.5028602
16910,Dalby_Dry,198.0291058,204.8935002,195.5059026,193.8894977
16910,Dalby_Wet,532.3974547,528.9309708,550.6372282,527.3207443
16910,Emerald_Dry,116.5956936,114.9323156,121.5672702,117.3339879
16910,Emerald_Wet,561.8573662,563.1584626,557.1638915,602.709189
16911,Dalby_Dry,171.4605121,180.9682521,186.5148045,174.3947655
16911,Dalby_Wet,523.1817359,528.1387781,529.5962886,525.8953816
16911,Emerald_Dry,104.2106666,106.5609595,106.2450386,92.60952739
16911,Emerald_Wet,554.729128,556.243677,585.1658584,572.8195649
16912,Dalby_Dry,161.0453688,160.945625,151.0487731,145.0791362
16912,Dalby_Wet,516.076969,504.3698601,522.8967291,535.6562631
16912,Emerald_Dry,103.0589589,97.94587757,98.59903726,133.1879861
16912,Emerald_Wet,544.5630275,550.3917692,531.7568491,533.6928148
16913,Dalby_Dry,154.8821699,165.6644215,149.5477868,145.5710971
16913,Dalby_Wet,521.945195,513.4252689,516.7934676,497.5393969
16913,Emerald_Dry,100.5430107,103.393847,93.69379427,105.3853603
16913,Emerald_Wet,529.385073,517.5683172,515.9164816,523.3798065
16914,Dalby_Dry,190.7357962,203.0222163,200.5538798,219.5658605
16914,Dalby_Wet,532.8129312,538.1433641,538.3970866,530.5809569
16914,Emerald_Dry,111.057762,119.0230747,104.0895499,149.9076981
16914,Emerald_Wet,554.873148,568.2553786,579.7427852,535.0076167
16915,Dalby_Dry,133.4787756,126.8770132,172.1623839,130.041758
16915,Dalby_Wet,481.4771171,463.1866515,454.0283628,468.9063551
16915,Emerald_Dry,104.7962871,92.54598269,132.3704205,138.6510967
16915,Emerald_Wet,503.3351941,502.7000566,511.2355319,490.3838885
16916,Dalby_Dry,261.2422461,250.3819271,252.0411958,264.7651505
16916,Dalby_Wet,520.35885,516.4495699,509.6967949,502.2612474
16916,Emerald_Dry,191.9510293,189.4825274,173.3643239,169.9616836
16916,Emerald_Wet,482.1431082,483.9436211,485.1763371,506.0976917
16917,Dalby_Dry,232.2800452,230.67464,234.9110025,196.6970177
16917,Dalby_Wet,539.4277794,550.2639299,547.4233656,531.6007078
16917,Emerald_Dry,163.3880547,169.1940171,135.0111259,161.6598082
16917,Emerald_Wet,528.3347781,529.182536,533.8688048,524.5149053
16918,Dalby_Dry,224.4152446,231.7822654,218.1421579,211.9775822
16918,Dalby_Wet,537.5227198,530.1431667,540.031678,552.4644085
16918,Emerald_Dry,150.5689451,164.3572959,127.1311276,153.0398666
16918,Emerald_Wet,536.5632128,544.5206646,541.4953618,514.7552311
16919,Dalby_Dry,211.3392974,208.7614566,190.0065878,208.7526347
16919,Dalby_Wet,544.4845527,543.1174039,539.9776168,538.8096402
16919,Emerald_Dry,138.9388129,128.2629274,156.2406306,144.2299772
16919,Emerald_Wet,561.5839609,565.2658423,578.9261797,563.4747894
16920,Dalby_Dry,197.5273113,197.1524647,194.7158067,214.3863365
16920,Dalby_Wet,535.3898202,545.8316361,545.4398798,540.813648
16920,Emerald_Dry,120.3017834,122.215234,107.4202731,95.4686446
16920,Emerald_Wet,557.2757598,558.6388397,544.3351911,578.7834382
16921,Dalby_Dry,215.6520203,211.730699,215.8052385,196.2304754
16921,Dalby_Wet,539.3100008,550.6377642,522.050813,549.4003765
16921,Emerald_Dry,143.9470161,157.8651801,125.5880851,146.7495124
16921,Emerald_Wet,550.4790114,555.7625058,557.2338908,536.0729044
16922,Dalby_Dry,193.7385579,184.2092696,191.1051505,192.6191994
16922,Dalby_Wet,532.1431931,527.1560635,526.054135,533.117122
16922,Emerald_Dry,117.6665743,125.0920707,124.6504645,107.1114747
16922,Emerald_Wet,547.6991226,546.8167321,540.1279741,525.949684
16923,Dalby_Dry,156.5453075,158.9489542,162.9333173,142.8596544
16923,Dalby_Wet,499.8214878,494.3324867,504.7679495,528.2829121
16923,Emerald_Dry,103.5720765,104.2291257,102.2866546,94.63894853
16923,Emerald_Wet,529.4568127,526.9704537,537.9273102,545.5558947
16924,Dalby_Dry,129.0780852,133.4283021,136.1779929,138.6737559
16924,Dalby_Wet,485.3549486,473.5494593,464.6961552,511.3476806
16924,Emerald_Dry,103.0617922,100.5133767,92.27950825,125.3948916
16924,Emerald_Wet,495.6316396,494.9585968,492.3138866,454.2551129
16925,Dalby_Dry,206.1716281,205.7677149,214.8044411,196.3098859
16925,Dalby_Wet,534.7838242,524.8256259,529.0166158,535.2263426
16925,Emerald_Dry,132.7981095,135.7630921,138.9575389,114.345055
16925,Emerald_Wet,556.7937051,569.1781117,555.3489295,534.9387911
16926,Dalby_Dry,243.7328585,245.1987861,247.1599352,256.7986239
16926,Dalby_Wet,535.089358,533.439839,520.8634842,554.320327
16926,Emerald_Dry,167.3132681,167.3000063,179.4115091,178.1785331
16926,Emerald_Wet,516.9400786,529.9192112,524.2243952,542.3828951
16927,Dalby_Dry,156.0538385,152.6792297,143.0446958,148.3743136
16927,Dalby_Wet,502.9657785,502.6711297,511.5951408,520.5587396
16927,Emerald_Dry,100.0533908,101.0440532,108.1052971,98.03145174
16927,Emerald_Wet,529.4018924,530.2328732,502.0248866,538.5615634
16928,Dalby_Dry,184.3032666,183.3539137,173.9023806,164.1045088
16928,Dalby_Wet,533.4132196,533.0092331,547.8350323,550.8040599
16928,Emerald_Dry,107.8269567,110.2357602,127.6283599,127.0667924
16928,Emerald_Wet,558.8410559,564.1546909,588.7100782,591.3859471
16929,Dalby_Dry,161.3536451,167.5287174,171.6709128,157.0946419
16929,Dalby_Wet,517.7952434,527.0178877,530.70234,518.527321
16929,Emerald_Dry,103.5599564,109.8585991,114.0499833,121.5312753
16929,Emerald_Wet,546.3979379,551.0871442,550.4010202,541.7558724
16930,Dalby_Dry,213.2733611,211.09355,201.3273917,177.6654948
16930,Dalby_Wet,533.5891109,532.8204409,530.7324612,525.1715676
16930,Emerald_Dry,142.2549754,146.352334,133.393879,168.4233212
16930,Emerald_Wet,555.0039735,572.7855852,574.3857814,580.9688273
16931,Dalby_Dry,160.6418351,168.0117681,162.6048924,140.6737799
16931,Dalby_Wet,521.4649957,525.5897802,511.2518892,524.6705227
16931,Emerald_Dry,102.1344249,97.48138771,92.57689089,66.64065575
16931,Emerald_Wet,530.6209094,534.3440818,545.0254505,538.5686806
16932,Dalby_Dry,252.7757432,253.7195225,242.6148325,260.7295004
16932,Dalby_Wet,530.4063354,530.5354107,552.0033762,556.0573103
16932,Emerald_Dry,173.5516233,170.2238539,147.9893813,168.4297608
16932,Emerald_Wet,512.2483685,507.9072996,528.7222634,519.996445
16933,Dalby_Dry,252.7129197,252.8778195,252.3550363,239.8563291
16933,Dalby_Wet,530.6558974,531.1719046,539.1812753,525.4346014
16933,Emerald_Dry,186.5371063,187.2293391,190.3801446,198.5067967
16933,Emerald_Wet,503.4010805,513.4516472,485.9998461,524.1507048
16934,Dalby_Dry,155.0553513,168.070168,163.7005967,122.7977882
16934,Dalby_Wet,520.943978,513.6530368,525.2457906,511.3217905
16934,Emerald_Dry,99.9218013,100.9371862,82.58140636,74.23128011
16934,Emerald_Wet,527.2991374,517.7600017,512.3728122,526.2903452
16935,Dalby_Dry,185.6509518,189.4193673,167.3430778,207.9492043
16935,Dalby_Wet,518.3842539,515.8373736,495.3601286,484.4661191
16935,Emerald_Dry,112.9269659,113.6901374,126.2727711,137.8728567
16935,Emerald_Wet,549.1070737,553.7898884,547.3635096,546.8183067
16936,Dalby_Dry,155.0608614,151.1931034,132.3439711,166.9180114
16936,Dalby_Wet,524.1717571,521.0459826,528.6675598,518.2311457
16936,Emerald_Dry,101.6796661,99.12833939,107.083007,95.67625158
16936,Emerald_Wet,536.0976112,536.6467709,534.1502566,528.8631254
16937,Dalby_Dry,242.2590078,242.2305633,222.6015801,261.5824849
16937,Dalby_Wet,543.0880324,548.1947312,546.7610648,534.3516026
16937,Emerald_Dry,173.6251936,173.0316428,155.160637,190.2531559
16937,Emerald_Wet,531.5943081,530.1134081,525.7222996,516.5640667
16938,Dalby_Dry,244.9676139,253.3801445,250.6103936,249.6176181
16938,Dalby_Wet,530.0990513,530.2811516,545.2403748,509.4596173
16938,Emerald_Dry,168.6438189,170.1717835,205.5831891,191.0699596
16938,Emerald_Wet,512.1102067,498.7339231,535.7796691,544.6813742
16939,Dalby_Dry,223.6440726,223.8151842,218.9973123,192.988758
16939,Dalby_Wet,538.4741802,541.0028625,539.2963276,544.6919429
16939,Emerald_Dry,143.5266145,140.2983971,114.4231673,149.4014095
16939,Emerald_Wet,551.8607502,548.2202027,562.0592346,549.5127216
16940,Dalby_Dry,223.6897433,222.1496388,207.3677395,181.7475655
16940,Dalby_Wet,537.5938478,531.2547037,551.2029706,538.5741783
16940,Emerald_Dry,143.3065655,142.5982101,129.3395798,134.3394874
16940,Emerald_Wet,540.3017092,545.0727592,510.8257164,554.4800984
16941,Dalby_Dry,224.1366265,224.1724157,201.4380848,220.2327261
16941,Dalby_Wet,538.3661555,531.8657989,541.7807129,492.4369866
16941,Emerald_Dry,143.5756108,143.0777731,148.6684178,125.2052394
16941,Emerald_Wet,547.5846056,552.8226465,522.8151365,522.775601
16942,Dalby_Dry,231.7781358,235.2076375,222.1524715,235.84384
16942,Dalby_Wet,537.8107138,537.5895502,536.4181792,530.2752483
16942,Emerald_Dry,152.0020018,151.0184187,151.8352946,116.8257978
16942,Emerald_Wet,521.5037563,513.5458653,525.4376646,518.1814324
16943,Dalby_Dry,143.5535252,140.8954282,135.2277209,151.3961049
16943,Dalby_Wet,507.6894047,492.7606933,485.932853,492.2915216
16943,Emerald_Dry,102.9378868,102.3203828,101.8256669,105.9055717
16943,Emerald_Wet,523.2617731,515.5039177,541.2093606,505.2346652
16944,Dalby_Dry,261.0627293,268.267235,271.7503312,246.7356453
16944,Dalby_Wet,509.1031813,508.5243352,502.0043116,546.5817788
16944,Emerald_Dry,196.740954,192.1425859,198.3837673,206.2782511
16944,Emerald_Wet,478.8890053,488.7030173,472.1706709,497.7662286
16945,Dalby_Dry,156.2329331,154.4313905,147.4308283,149.4104297
16945,Dalby_Wet,518.4750147,516.4254376,523.427172,527.1709902
16945,Emerald_Dry,105.7652685,100.556466,115.7333706,97.30982249
16945,Emerald_Wet,525.2376072,519.9645517,526.5788436,517.7335518
16946,Dalby_Dry,138.0615353,140.1977734,124.284981,157.7616412
16946,Dalby_Wet,492.052469,496.9178329,483.1872405,455.5060905
16946,Emerald_Dry,104.7173658,97.13598645,98.28200586,95.24509825
16946,Emerald_Wet,520.7423648,526.1804519,523.0535979,517.6339432
16947,Dalby_Dry,185.3274471,188.5518179,169.4608192,185.4441884
16947,Dalby_Wet,533.5287368,536.5779887,517.302206,576.3181803
16947,Emerald_Dry,108.5666312,110.128805,79.68646666,119.2087233
16947,Emerald_Wet,558.2469914,557.3863159,553.5322576,537.099164
16948,Dalby_Dry,240.9184516,223.8846417,222.4569737,226.2349527
16948,Dalby_Wet,541.5408364,550.8473938,547.389983,502.0751768
16948,Emerald_Dry,163.1335448,158.4666207,183.5720586,141.8711123
16948,Emerald_Wet,529.8031051,531.1575161,544.7425369,552.1611686
16949,Dalby_Dry,155.0335977,144.4220147,156.4891393,147.7648328
16949,Dalby_Wet,525.0666409,527.6508674,519.5711016,532.1877419
16949,Emerald_Dry,101.4851641,102.2063306,88.15748804,96.12139519
16949,Emerald_Wet,533.7422813,529.417759,558.7914711,567.3594344
16950,Dalby_Dry,201.8166511,203.4403236,190.7322426,240.9015068
16950,Dalby_Wet,530.529439,520.575461,526.0715998,516.5745664
16950,Emerald_Dry,127.0946359,120.8831632,140.62236,122.0007415
16950,Emerald_Wet,540.5323602,540.4049275,545.7314964,534.9750161
16951,Dalby_Dry,180.5561522,174.0606154,200.3245036,199.3356375
16951,Dalby_Wet,522.0582431,524.5981736,510.5864383,531.9196303
16951,Emerald_Dry,107.0917234,98.21279957,103.8534992,106.3721401
16951,Emerald_Wet,553.8146835,550.817919,550.232899,544.1379718
16952,Dalby_Dry,185.540511,175.4624965,195.6459996,166.2752301
16952,Dalby_Wet,532.9543852,535.6475666,536.6182868,540.8735885
16952,Emerald_Dry,108.720492,107.5070343,109.9825585,87.41908943
16952,Emerald_Wet,556.7868545,557.3490105,540.4621198,546.1009872
16953,Dalby_Dry,180.1308247,180.3029687,162.4549617,181.0547005
16953,Dalby_Wet,521.9221813,511.3029126,534.2441723,526.8364585
16953,Emerald_Dry,108.1232725,102.8756797,104.9752847,133.8293824
16953,Emerald_Wet,537.6696541,535.6405641,539.25033,520.0217777
16954,Dalby_Dry,122.2391746,125.3755661,135.2968311,153.734339
16954,Dalby_Wet,480.806464,493.3668983,481.9522766,516.8193077
16954,Emerald_Dry,103.601013,109.3189457,127.4180436,82.51979507
16954,Emerald_Wet,500.154877,489.052097,489.297179,473.1905984
16955,Dalby_Dry,205.3614835,208.4360137,215.5699234,203.5694463
16955,Dalby_Wet,533.2259952,536.4432343,527.9341875,524.9357151
16955,Emerald_Dry,132.5798956,138.6786079,130.8168814,109.8670874
16955,Emerald_Wet,551.3177235,550.0052455,570.0090813,543.0676851
16956,Dalby_Dry,161.419681,168.1300657,190.3786612,149.5155626
16956,Dalby_Wet,516.3380013,514.2574819,513.3121466,520.2662399
16956,Emerald_Dry,101.4406184,95.03508199,113.134472,81.0371568
16956,Emerald_Wet,543.5488925,548.4550221,536.1583668,543.5073553
16957,Dalby_Dry,171.6456314,169.9132939,183.2508146,162.8036664
16957,Dalby_Wet,524.4948098,520.3209926,548.7201286,546.7376406
16957,Emerald_Dry,102.731248,105.3005708,81.10940212,90.46597148
16957,Emerald_Wet,563.3008078,568.0997893,567.1409017,562.0544562
16958,Dalby_Dry,205.735575,195.9618961,201.8676594,218.3255687
16958,Dalby_Wet,543.0074909,540.3022403,543.8319923,558.0831057
16958,Emerald_Dry,125.6204636,124.3091049,128.965824,127.9130892
16958,Emerald_Wet,555.636065,553.9347136,559.580545,537.1796754
16959,Dalby_Dry,224.2458656,220.6216889,217.6504007,225.3131586
16959,Dalby_Wet,535.3071133,536.4021482,536.8538409,513.5137644
16959,Emerald_Dry,151.3921756,155.6767158,139.8639497,141.2148618
16959,Emerald_Wet,530.750461,531.5784703,506.2236733,539.9387587
16960,Dalby_Dry,244.6972416,249.1869896,260.7234561,243.1865331
16960,Dalby_Wet,530.7140451,531.3021999,535.0676769,560.5438422
16960,Emerald_Dry,170.9411587,169.1984365,207.3552365,182.7975322
16960,Emerald_Wet,507.3407448,502.2602468,536.367605,488.96782
16961,Dalby_Dry,154.4160349,148.3826129,170.6743945,181.7399698
16961,Dalby_Wet,507.1247904,509.5905564,520.1044657,509.7601715
16961,Emerald_Dry,101.2903166,103.9336894,105.1522481,108.5242927
16961,Emerald_Wet,530.4882716,529.9715399,531.3905935,542.7315899
16962,Dalby_Dry,205.9933122,208.5733686,174.5318986,225.690771
16962,Dalby_Wet,534.5186342,529.7107227,531.258426,565.7042992
16962,Emerald_Dry,128.2088997,143.0626438,125.3031903,159.191402
16962,Emerald_Wet,556.4934743,554.4744713,567.8227846,541.8549816
16963,Dalby_Dry,154.7757559,149.8029095,151.90307,195.1867032
16963,Dalby_Wet,521.7660658,523.6827992,515.7823023,478.4563545
16963,Emerald_Dry,101.5040713,100.60541,99.63565598,79.49245754
16963,Emerald_Wet,529.2985596,541.877709,525.3448013,519.7538609
16964,Dalby_Dry,185.9839592,187.8518297,178.4266199,185.6719451
16964,Dalby_Wet,529.4353821,521.0634243,537.3151488,555.1504858
16964,Emerald_Dry,115.2407836,116.6658261,108.3082855,144.3162012
16964,Emerald_Wet,544.6922281,542.0914415,551.0086729,536.1275198
16965,Dalby_Dry,155.0556726,153.4398776,149.4754572,156.3203848
16965,Dalby_Wet,505.8521867,498.0714443,494.1697939,472.0934793
16965,Emerald_Dry,102.5977285,106.97228,110.1656817,110.5512682
16965,Emerald_Wet,534.898789,535.586897,535.2868792,528.8115265
16966,Dalby_Dry,182.4569045,183.8032553,189.4742039,187.4423426
16966,Dalby_Wet,515.5915531,516.7644,537.9398992,517.6344849
16966,Emerald_Dry,113.0949099,117.6261812,121.953628,129.5267583
16966,Emerald_Wet,528.1496677,522.4923589,538.6612388,518.800042
16967,Dalby_Dry,156.3923535,156.2845435,140.084215,121.0762332
16967,Dalby_Wet,498.551508,513.1105,515.1221497,499.7232891
16967,Emerald_Dry,103.3719861,100.1650144,119.6272953,106.0121699
16967,Emerald_Wet,525.122194,517.9804687,510.1031645,497.1834239
16968,Dalby_Dry,215.3779236,218.6990066,230.3057691,210.786086
16968,Dalby_Wet,538.1876875,542.2244181,537.0160792,574.2823675
16968,Emerald_Dry,139.4090544,125.3401453,131.02436,149.9743795
16968,Emerald_Wet,549.0570725,541.7225617,546.8920675,542.5430237
16969,Dalby_Dry,161.8997981,160.3325507,128.7047357,150.3228904
16969,Dalby_Wet,529.2945547,533.0531668,523.0869807,568.1239921
16969,Emerald_Dry,102.9326717,114.9034946,119.3942686,102.6067397
16969,Emerald_Wet,544.2573333,533.418451,549.057055,538.8177991
16970,Dalby_Dry,180.6355771,187.0818914,178.6800966,192.1901024
16970,Dalby_Wet,515.417783,496.7114394,520.2210845,525.9174112
16970,Emerald_Dry,113.0749641,119.4813078,117.5935335,140.5475153
16970,Emerald_Wet,528.5470007,527.5128857,538.1778714,525.8360577
16971,Dalby_Dry,154.982254,151.4788914,176.6388447,130.8734523
16971,Dalby_Wet,522.6711126,517.4368646,517.0930539,550.529256
16971,Emerald_Dry,101.4172955,106.432379,102.8445853,97.68290139
16971,Emerald_Wet,532.1211163,528.4607789,543.6162399,509.1241285
16972,Dalby_Dry,179.6477029,173.3018705,176.8496766,164.3314295
16972,Dalby_Wet,532.9466434,529.411577,525.303075,521.7730905
16972,Emerald_Dry,104.6776753,109.0914763,92.40393583,73.88418337
16972,Emerald_Wet,560.6021309,564.5360251,553.9589313,535.9546479
16973,Dalby_Dry,198.8740877,198.1903184,181.0488434,195.005125
16973,Dalby_Wet,527.5204624,511.0016182,507.0964677,550.5245006
16973,Emerald_Dry,118.686578,121.5089011,122.6416865,142.1530296
16973,Emerald_Wet,544.803233,533.457473,535.0483393,556.6711375
16974,Dalby_Dry,221.2162233,217.2264643,215.4593841,247.920921
16974,Dalby_Wet,542.2277455,547.0932665,529.5063042,532.706464
16974,Emerald_Dry,142.5864421,144.6599449,148.5812135,123.1836005
16974,Emerald_Wet,538.6668832,541.4830152,531.3980596,524.92041
16975,Dalby_Dry,182.2978629,179.7384881,196.5223725,168.6864953
16975,Dalby_Wet,520.2089479,532.6475237,536.3720959,517.1289877
16975,Emerald_Dry,110.4772448,112.9706962,100.4271065,107.2611367
16975,Emerald_Wet,535.9727026,524.2922499,529.8444599,524.3322596
16976,Dalby_Dry,180.3457973,176.3452737,166.9087206,156.6363185
16976,Dalby_Wet,521.4732483,523.7849328,520.7615827,514.0482255
16976,Emerald_Dry,108.9930635,111.1503695,101.6627734,101.1176273
16976,Emerald_Wet,549.3546345,546.5461353,560.7214247,559.7941969
16977,Dalby_Dry,215.0494386,204.1614468,220.6375723,219.4146371
16977,Dalby_Wet,527.1997607,527.8054972,510.5877387,522.5595616
16977,Emerald_Dry,140.6601636,139.1166797,140.3569243,138.8977028
16977,Emerald_Wet,536.7434078,521.3606477,532.2309424,534.8398732
16978,Dalby_Dry,197.9320885,203.6510995,193.4610308,208.331945
16978,Dalby_Wet,532.295236,525.2680261,543.2146709,535.9130338
16978,Emerald_Dry,116.4067051,104.1718267,97.65856203,84.54901825
16978,Emerald_Wet,562.5399486,564.6272414,543.1426803,570.2987387
16979,Dalby_Dry,185.2637827,188.2664923,207.2857548,181.4368657
16979,Dalby_Wet,531.8004462,529.8774515,539.1584089,509.3566405
16979,Emerald_Dry,110.3925635,120.1652737,109.122329,93.77358686
16979,Emerald_Wet,549.3980862,535.6827955,540.7606951,559.7702195
16980,Dalby_Dry,171.5357058,167.7964239,195.3238625,200.1110562
16980,Dalby_Wet,524.3686642,526.4314567,537.8017788,520.042992
16980,Emerald_Dry,107.4285596,105.1835003,127.6915932,125.9636487
16980,Emerald_Wet,537.8376697,545.2578561,539.924422,551.8467758
16981,Dalby_Dry,156.7095138,151.9514126,161.320046,139.7943134
16981,Dalby_Wet,501.5638405,508.0131524,499.9284582,514.6718358
16981,Emerald_Dry,104.9088949,104.6947843,115.1534034,137.1053255
16981,Emerald_Wet,528.6895478,517.5786136,526.7084612,514.5049658
16982,Dalby_Dry,179.5074681,184.477765,183.0606817,202.4828414
16982,Dalby_Wet,533.2712983,542.3596225,528.7453852,537.1301475
16982,Emerald_Dry,104.1224869,104.0808353,104.4052625,130.6714494
16982,Emerald_Wet,564.1038078,566.4319049,573.8927512,546.3882006
16983,Dalby_Dry,160.7882197,166.8046671,149.9827375,154.0156585
16983,Dalby_Wet,520.2491704,523.8731583,520.2521113,501.4880004
16983,Emerald_Dry,103.0200604,103.7198055,108.8929246,93.46285467
16983,Emerald_Wet,542.1273376,547.9077237,547.3610381,557.6214124
16984,Dalby_Dry,198.0260712,202.8709739,185.7693918,191.3428667
16984,Dalby_Wet,537.2822891,542.9107227,541.1866234,555.9601644
16984,Emerald_Dry,116.3363669,119.5786252,132.5446601,111.4795285
16984,Emerald_Wet,558.5354537,558.7646312,543.600107,526.4396369
16985,Dalby_Dry,171.2757583,174.4939639,175.7121396,187.149982
16985,Dalby_Wet,525.397548,523.319334,557.6337961,489.7186455
16985,Emerald_Dry,103.0221245,115.008435,106.4100698,96.74875111
16985,Emerald_Wet,542.8340227,537.5492035,552.589504,527.258142
16986,Dalby_Dry,245.6181134,251.1671658,222.0818735,238.7275124
16986,Dalby_Wet,511.3820752,509.8056719,523.8263685,541.0401545
16986,Emerald_Dry,185.090595,179.0118335,173.9047364,191.614698
16986,Emerald_Wet,502.3592729,511.5112797,474.4855834,520.6832578
16987,Dalby_Dry,198.0428633,196.5263692,198.1450526,214.160027
16987,Dalby_Wet,535.2516381,529.157673,564.6112658,526.9357005
16987,Emerald_Dry,115.2378924,124.6704655,127.4010981,141.6428212
16987,Emerald_Wet,567.9286565,570.859147,560.8392262,567.1758123
16988,Dalby_Dry,166.2707195,156.7056052,168.794197,179.4811942
16988,Dalby_Wet,528.9632796,529.1095645,517.1192431,540.0337121
16988,Emerald_Dry,105.3615227,99.40746932,103.6433105,21.19311728
16988,Emerald_Wet,541.2309988,544.8207637,549.4560057,549.4361182
16989,Dalby_Dry,224.588038,226.9900409,206.869973,195.7552085
16989,Dalby_Wet,531.8612992,534.0138834,543.01972,497.0996478
16989,Emerald_Dry,153.9109189,160.059767,164.8465981,158.6502824
16989,Emerald_Wet,532.8657844,526.0525386,530.0997821,512.2818889
16990,Dalby_Dry,206.2064475,201.1215772,209.0975444,193.2162229
16990,Dalby_Wet,534.3572163,547.8280921,547.4125974,541.5474709
16990,Emerald_Dry,128.8638611,131.4539785,142.1479901,155.4797331
16990,Emerald_Wet,551.6489732,542.6749802,544.3537028,550.1332931
16991,Dalby_Dry,199.4023199,190.7720868,203.9163179,145.2662422
16991,Dalby_Wet,533.2039224,540.8312767,540.595057,511.2170098
16991,Emerald_Dry,127.4130322,125.9524942,140.1072637,125.9959372
16991,Emerald_Wet,552.6200197,549.2305405,559.6509593,602.4520163
16992,Dalby_Dry,132.2384701,129.850769,115.9229321,103.8463008
16992,Dalby_Wet,498.5470552,499.3112529,492.4284811,538.59678
16992,Emerald_Dry,105.6645924,115.0056775,120.0591801,105.2090572
16992,Emerald_Wet,521.2834237,504.1055445,536.941735,564.5146439
16993,Dalby_Dry,161.9189412,163.8513071,152.7406786,148.7959064
16993,Dalby_Wet,533.4001926,529.4182989,531.4677844,545.5193485
16993,Emerald_Dry,103.429518,101.7769114,102.7063814,88.86533808
16993,Emerald_Wet,548.4479692,549.6564382,539.2696244,556.6204584
16994,Dalby_Dry,170.4603572,168.5991502,185.2624423,137.6555724
16994,Dalby_Wet,524.4946644,519.4964415,534.2534294,510.1772385
16994,Emerald_Dry,102.5236756,99.23698804,104.6877153,128.3401463
16994,Emerald_Wet,538.4983418,525.5925095,531.9829928,515.8757788
16995,Dalby_Dry,200.5845961,194.8974815,217.7140411,200.3280456
16995,Dalby_Wet,522.6902025,528.9182524,505.1995629,509.187155
16995,Emerald_Dry,131.1395017,120.5779289,120.2598463,132.1904399
16995,Emerald_Wet,537.3822156,537.0380241,552.1709462,522.9349768
16996,Dalby_Dry,180.6821847,194.8345404,172.1450078,169.1510908
16996,Dalby_Wet,528.7069145,528.5981388,541.0311121,548.7276644
16996,Emerald_Dry,109.2093757,101.3985568,109.389004,64.00688015
16996,Emerald_Wet,537.4584908,530.3501481,532.2718126,547.661238
16997,Dalby_Dry,170.8429941,154.9372442,184.9739901,157.8410323
16997,Dalby_Wet,527.7726601,537.9559813,526.3235103,495.8529341
16997,Emerald_Dry,104.4503157,99.15368244,103.7310191,80.40085029
16997,Emerald_Wet,543.7863104,544.6185441,547.0055112,545.3434321
16998,Dalby_Dry,133.7185074,136.9708653,136.7497767,113.3042828
16998,Dalby_Wet,486.0579679,487.8070871,478.8615539,505.9334365
16998,Emerald_Dry,104.7900235,106.5284572,109.8259868,77.55978894
16998,Emerald_Wet,494.7734909,489.4406956,496.318586,515.8839857
16999,Dalby_Dry,162.7295856,165.7339915,168.7983327,178.8918015
16999,Dalby_Wet,520.7056385,519.6287695,513.2126836,485.5586747
16999,Emerald_Dry,108.5852631,98.17832431,125.0259555,169.8213797
16999,Emerald_Wet,519.7419561,514.7112788,525.5303124,541.5154178
17000,Dalby_Dry,268.7689712,258.5101094,275.3361161,275.9529075
17000,Dalby_Wet,490.2026998,495.2628905,482.3873901,493.1957023
17000,Emerald_Dry,210.8616042,220.9571133,211.273386,203.7986002
17000,Emerald_Wet,460.5368271,459.8454543,478.8579536,461.7890651
17001,Dalby_Dry,213.09615,214.9613475,220.1727167,251.0633001
17001,Dalby_Wet,532.9740127,523.8296447,550.7568565,546.4198472
17001,Emerald_Dry,142.0519212,151.2869834,138.3192082,142.5010213
17001,Emerald_Wet,544.9653393,538.6241829,533.4555118,543.3660289
17002,Dalby_Dry,199.5567688,200.1135376,177.6669457,196.1284165
17002,Dalby_Wet,537.2407051,539.2499728,535.3729719,569.951786
17002,Emerald_Dry,117.5331129,119.9658333,118.5327698,132.6653464
17002,Emerald_Wet,559.1798005,550.7846015,562.1442404,592.6462958
17003,Dalby_Dry,129.1171653,132.7685942,112.972903,152.1178706
17003,Dalby_Wet,485.4129505,478.3939117,501.7497067,475.9934773
17003,Emerald_Dry,103.0214059,106.8675891,114.3296814,92.26421628
17003,Emerald_Wet,498.551018,507.4282985,502.3587859,502.7313274
17004,Dalby_Dry,179.9029538,192.9416362,179.2150902,186.9089972
17004,Dalby_Wet,533.6540975,530.9136139,541.1199716,516.2732667
17004,Emerald_Dry,103.802838,97.60634853,107.564257,143.6316907
17004,Emerald_Wet,561.7915073,551.7416885,556.2580975,565.5388917
17005,Dalby_Dry,179.220024,181.4300622,181.1981116,170.7373569
17005,Dalby_Wet,525.5760638,530.9885296,535.4242963,526.1589792
17005,Emerald_Dry,105.1388118,95.47823352,118.1529064,81.74385587
17005,Emerald_Wet,542.0393082,543.6942019,563.3046495,562.9796137
17006,Dalby_Dry,215.6419777,223.5269362,220.7347268,199.2395103
17006,Dalby_Wet,539.2089639,534.8912412,527.1851663,565.1893776
17006,Emerald_Dry,143.9538518,128.8082616,141.2297006,151.7752091
17006,Emerald_Wet,550.4728234,544.1004071,567.0434574,539.7532677
17007,Dalby_Dry,223.9496667,225.1876986,233.1551693,231.9783894
17007,Dalby_Wet,540.6777013,537.0852767,565.7975515,514.4208406
17007,Emerald_Dry,141.7252374,141.560015,171.4867669,146.7863862
17007,Emerald_Wet,545.4725887,542.1209787,534.4181288,531.9287203
17008,Dalby_Dry,193.1418449,189.5190917,179.592742,194.7560531
17008,Dalby_Wet,531.2543746,529.5777405,523.3377288,502.3820926
17008,Emerald_Dry,117.9359351,116.0630245,111.7349946,82.28255723
17008,Emerald_Wet,542.9118818,540.2935841,535.3881517,522.1033468
17009,Dalby_Dry,227.9485075,228.4029222,216.352173,226.2717252
17009,Dalby_Wet,533.5096862,525.7983381,543.0527542,507.0611424
17009,Emerald_Dry,155.1558693,156.5863901,157.1057779,152.7496946
17009,Emerald_Wet,526.6138614,512.4752975,524.8866492,471.5957353
17010,Dalby_Dry,181.7055511,180.1532703,178.2975358,178.8740059
17010,Dalby_Wet,518.251176,520.7536566,530.8644883,501.9247235
17010,Emerald_Dry,112.9663167,109.6843036,119.5497941,86.06715092
17010,Emerald_Wet,549.4522627,557.4409085,537.2593756,533.1274172
17011,Dalby_Dry,215.0531691,212.2958546,219.7136863,199.666058
17011,Dalby_Wet,530.993663,527.6725289,534.3259893,564.22582
17011,Emerald_Dry,145.1382375,149.2729761,156.0501413,135.7140377
17011,Emerald_Wet,530.8521822,537.9351903,519.8578652,555.3434247
17012,Dalby_Dry,180.9082419,189.5131277,182.7966702,183.4954447
17012,Dalby_Wet,532.9078948,526.1111491,540.9615513,528.3512049
17012,Emerald_Dry,106.4727379,90.5283806,111.1451335,75.30617178
17012,Emerald_Wet,560.7661009,550.5078041,549.0401438,545.4676539
17013,Dalby_Dry,198.7491537,200.3784563,205.3295256,206.1971135
17013,Dalby_Wet,537.7130923,537.6368286,559.1336117,552.6522904
17013,Emerald_Dry,114.6518713,116.1246634,133.7915866,112.4513599
17013,Emerald_Wet,565.4173988,558.319977,579.6910601,565.7608459
17014,Dalby_Dry,185.2623427,173.8654714,160.5256698,198.5584277
17014,Dalby_Wet,532.9712787,529.2051575,526.2461035,552.3803429
17014,Emerald_Dry,108.6206801,100.8923701,119.8667869,116.0468366
17014,Emerald_Wet,557.0880512,562.4675158,551.6425122,553.0216972
17015,Dalby_Dry,197.8872021,194.2821582,171.8468129,195.143111
17015,Dalby_Wet,536.8760261,538.0050584,538.4421366,528.078659
17015,Emerald_Dry,117.3476995,120.3039718,116.2490876,121.1006706
17015,Emerald_Wet,561.2699897,560.975228,555.6679541,612.137601
17016,Dalby_Dry,224.7701339,228.2056378,220.9947265,209.1507177
17016,Dalby_Wet,538.3082538,540.6677338,521.3908698,518.3491548
17016,Emerald_Dry,149.2131864,147.1214203,146.3111331,134.1084782
17016,Emerald_Wet,540.9984807,537.5997262,539.8997652,518.0637541
17017,Dalby_Dry,126.799591,132.0115065,100.7388786,124.3467635
17017,Dalby_Wet,502.2948413,503.0564307,496.0077867,490.7435639
17017,Emerald_Dry,103.6134343,97.34520576,103.8902854,132.4473086
17017,Emerald_Wet,507.3607118,497.7509295,512.3933799,507.0583714
17018,Dalby_Dry,180.6147063,180.2328052,176.6088671,187.6007527
17018,Dalby_Wet,518.1379653,514.2809958,523.6679204,531.8200953
17018,Emerald_Dry,109.9905896,123.6596039,111.3889976,118.7801148
17018,Emerald_Wet,536.7441034,535.5271131,523.3741168,528.8808363
17019,Dalby_Dry,191.6071304,194.2140031,187.3033153,219.1171885
17019,Dalby_Wet,521.7852869,524.2751629,523.8447705,538.9661066
17019,Emerald_Dry,113.7148415,121.6632788,101.2933539,125.9959353
17019,Emerald_Wet,564.8464702,572.972864,563.8623313,531.5910777
17020,Dalby_Dry,191.8561243,196.5356581,194.6364126,201.088718
17020,Dalby_Wet,526.1052091,521.6164933,512.1319858,486.8303312
17020,Emerald_Dry,109.2684926,108.7887451,100.6938703,126.3753158
17020,Emerald_Wet,568.9929421,566.8876511,560.1307388,550.2129858
17021,Dalby_Dry,227.5071784,226.2448499,257.1568065,222.1770034
17021,Dalby_Wet,528.213563,530.2376932,524.9520311,545.4706991
17021,Emerald_Dry,156.7125056,154.7852995,143.2715022,144.8835687
17021,Emerald_Wet,527.1449832,533.646829,526.8055837,554.0236368
17022,Dalby_Dry,185.5021338,173.2867193,159.7922008,202.5827254
17022,Dalby_Wet,533.1736844,534.4513185,519.1495561,544.7311723
17022,Emerald_Dry,108.4571878,103.8259973,113.0949716,149.1295348
17022,Emerald_Wet,552.3597837,545.4059023,544.4517153,567.6135335
17023,Dalby_Dry,191.5630451,192.0943509,196.7748155,185.7096728
17023,Dalby_Wet,538.3238191,535.7558149,539.4316611,524.9296852
17023,Emerald_Dry,116.7981998,112.7755712,106.9178866,113.2911349
17023,Emerald_Wet,565.3845229,561.9130138,587.2130675,570.9151762
17024,Dalby_Dry,253.821325,257.2793862,231.9262266,245.4257764
17024,Dalby_Wet,529.5189924,529.0048388,515.0472952,535.0670629
17024,Emerald_Dry,195.0551325,187.6915009,172.5756514,202.5140274
17024,Emerald_Wet,496.5403888,493.7656556,496.9787477,479.4873199
17025,Dalby_Dry,181.1726349,176.640666,161.7219813,188.3367185
17025,Dalby_Wet,533.057798,527.6103691,540.8545765,535.4618579
17025,Emerald_Dry,106.6096956,111.2740183,87.46843891,129.8364885
17025,Emerald_Wet,559.8936025,565.1325533,557.1138343,556.9632856
17026,Dalby_Dry,154.827837,151.311986,136.2211054,115.8267245
17026,Dalby_Wet,503.4277816,512.2362483,485.95234,541.2861149
17026,Emerald_Dry,101.3544481,103.5798591,104.454417,102.6429461
17026,Emerald_Wet,530.9339784,527.5416358,548.8574478,517.9163785
17027,Dalby_Dry,161.9554545,170.2586235,163.7088837,190.7834966
17027,Dalby_Wet,521.365396,530.7942167,521.1048834,528.1990249
17027,Emerald_Dry,104.7918652,112.9135327,110.6085799,86.04660757
17027,Emerald_Wet,527.221739,536.4932855,523.1591968,546.8824245
17028,Dalby_Dry,212.5893328,201.6190132,221.8106758,191.0876958
17028,Dalby_Wet,539.4880388,539.3125893,545.1736748,525.0423148
17028,Emerald_Dry,138.2496928,135.1312971,118.7933805,140.6799305
17028,Emerald_Wet,540.4166166,535.238874,559.7318076,584.61409
17029,Dalby_Dry,191.0879001,198.2887256,189.710338,180.7926642
17029,Dalby_Wet,529.2500835,525.5636245,552.6906246,549.0273131
17029,Emerald_Dry,110.2838775,116.0304107,115.0487363,106.4657313
17029,Emerald_Wet,566.4840501,555.3212243,560.3683936,584.760937
17030,Dalby_Dry,215.5926328,218.7694899,210.0143782,243.2813643
17030,Dalby_Wet,536.2237189,543.838876,541.4589153,526.6977849
17030,Emerald_Dry,140.3753809,140.823547,150.6605364,143.6837776
17030,Emerald_Wet,545.106888,538.1331185,540.9613707,529.5054196
17031,Dalby_Dry,198.8158624,195.6233442,225.4494295,191.7277592
17031,Dalby_Wet,536.3445026,527.4240037,511.152372,543.2723521
17031,Emerald_Dry,118.1061674,113.5410258,117.1571577,122.6467297
17031,Emerald_Wet,557.5535012,557.2386259,541.947975,546.9994497
17032,Dalby_Dry,224.3395103,218.4457219,210.9385853,234.2590598
17032,Dalby_Wet,535.394773,533.5615927,528.1992521,573.3180173
17032,Emerald_Dry,145.1833129,133.4804157,148.4721535,142.5459936
17032,Emerald_Wet,538.0892012,538.0726806,568.4194916,553.8084427
17033,Dalby_Dry,165.8271695,177.2228674,169.1922981,140.0791575
17033,Dalby_Wet,525.597432,522.0097881,540.4751513,533.5905652
17033,Emerald_Dry,100.2308133,110.5283306,97.08671921,116.3441365
17033,Emerald_Wet,565.7847924,568.8983499,567.1529958,548.3465199
17034,Dalby_Dry,214.6256992,224.0963677,198.388503,209.674745
17034,Dalby_Wet,539.2951373,531.1125472,539.0074464,544.531744
17034,Emerald_Dry,144.6431127,147.1292356,153.8773027,127.8958419
17034,Emerald_Wet,540.9865186,549.2491548,534.8441227,519.6359885
17035,Dalby_Dry,212.9541595,210.5014093,219.2389538,242.9244741
17035,Dalby_Wet,541.6206172,543.3111473,548.3250646,517.3268549
17035,Emerald_Dry,136.5037067,143.4263814,133.2606578,126.9121563
17035,Emerald_Wet,554.9668386,544.0068303,551.0489909,548.7232994
17036,Dalby_Dry,182.3699598,166.9698921,187.7922588,197.9178412
17036,Dalby_Wet,515.4053365,522.0340509,519.2406388,505.5981826
17036,Emerald_Dry,119.1384946,118.5273838,127.7462651,125.6635049
17036,Emerald_Wet,525.4462927,516.3008469,523.7881069,555.3355729
17037,Dalby_Dry,191.3375527,186.3805532,189.6065891,217.2863899
17037,Dalby_Wet,525.4099152,521.2279038,519.1260467,487.1418777
17037,Emerald_Dry,109.1099656,126.2157842,114.9373043,85.22031784
17037,Emerald_Wet,567.1035453,558.6402627,555.6488907,564.2992363
17038,Dalby_Dry,199.4914099,203.4684025,213.7924415,143.9103018
17038,Dalby_Wet,523.0512144,527.1381078,544.0934772,524.4238603
17038,Emerald_Dry,124.6906355,110.4246097,130.7815482,133.2621142
17038,Emerald_Wet,534.2886562,539.2306766,524.7112896,523.4593107
17039,Dalby_Dry,181.091819,176.518924,187.7912442,178.6720747
17039,Dalby_Wet,521.2239994,519.5858915,499.143802,525.28781
17039,Emerald_Dry,109.0984718,108.0360909,109.7087386,83.46703727
17039,Emerald_Wet,551.3304539,543.3242521,540.827055,541.5178789
17040,Dalby_Dry,245.3847895,246.4016583,233.2524095,238.0578978
17040,Dalby_Wet,538.1806509,536.873764,531.6133067,518.935782
17040,Emerald_Dry,176.2416564,183.4409646,162.5574383,170.2316692
17040,Emerald_Wet,515.2807528,516.0211087,510.7747454,509.1355317
17041,Dalby_Dry,166.7025387,166.891306,168.2001241,191.858501
17041,Dalby_Wet,527.92845,539.3432066,522.0979005,550.2517503
17041,Emerald_Dry,106.2221938,107.1359889,79.37769852,72.29649729
17041,Emerald_Wet,538.2592043,542.358358,527.0782916,497.747034
17042,Dalby_Dry,213.0825951,215.5963182,211.254719,247.0987603
17042,Dalby_Wet,544.4464913,539.5993831,537.8626342,522.5813828
17042,Emerald_Dry,139.9408706,152.067356,157.6219183,136.9355758
17042,Emerald_Wet,543.5471563,548.443203,544.8619938,560.1455268
17043,Dalby_Dry,179.4307822,179.1466556,172.9910867,162.3760216
17043,Dalby_Wet,524.3862648,533.8537708,538.0428088,517.6410248
17043,Emerald_Dry,105.6086566,105.1949655,98.22367533,107.5937126
17043,Emerald_Wet,534.6798925,534.0123309,521.7219277,537.6563026
17044,Dalby_Dry,143.3360234,139.9029707,118.9440927,138.9693241
17044,Dalby_Wet,506.7101245,500.6406545,507.717341,506.8254465
17044,Emerald_Dry,99.70232815,98.25817945,102.7586042,87.79191184
17044,Emerald_Wet,516.8349887,506.9992573,520.8263454,500.851533
17045,Dalby_Dry,184.4469384,184.6413404,203.9105406,199.8696627
17045,Dalby_Wet,529.3158797,536.3088912,527.1794171,518.445409
17045,Emerald_Dry,106.6709249,105.2561393,104.8841166,118.1298208
17045,Emerald_Wet,568.9214954,577.8988816,566.670084,550.5148189
17046,Dalby_Dry,191.7065781,203.3265933,184.6959445,190.633052
17046,Dalby_Wet,530.2155249,523.2030098,523.1632277,554.368283
17046,Emerald_Dry,111.080371,112.5726525,109.4251163,126.7793765
17046,Emerald_Wet,552.0646463,557.3284039,531.6956973,573.8742906
17047,Dalby_Dry,223.9775285,226.6387976,207.6001591,234.0311094
17047,Dalby_Wet,540.5506821,542.9695926,550.0448278,523.1864695
17047,Emerald_Dry,142.3183288,146.9706955,143.3524932,154.6915529
17047,Emerald_Wet,554.9845012,545.6974056,561.3833163,546.9657664
17048,Dalby_Dry,200.5749355,203.324661,198.7430397,202.3161488
17048,Dalby_Wet,523.5547832,516.1199878,515.1757248,533.7738581
17048,Emerald_Dry,125.0725779,116.6854744,118.8029985,106.185406
17048,Emerald_Wet,536.3342451,530.9866721,546.8687756,533.532007
17049,Dalby_Dry,161.1866874,157.3087426,159.4264801,152.5883542
17049,Dalby_Wet,521.9663588,522.6227976,535.4925475,535.5152304
17049,Emerald_Dry,103.7075574,99.21676943,127.5528375,98.58493476
17049,Emerald_Wet,528.4063781,531.216546,547.0309551,523.8490741
17050,Dalby_Dry,156.4469693,147.0588241,150.3368277,149.3030912
17050,Dalby_Wet,506.0167428,497.8727466,503.0357372,514.7966736
17050,Emerald_Dry,103.2038305,96.60769605,106.134119,93.80103659
17050,Emerald_Wet,517.1690906,508.332908,527.8014576,526.7400841
17051,Dalby_Dry,245.368613,257.5669891,265.7752382,231.1106261
17051,Dalby_Wet,527.2685173,521.9796118,522.6441529,526.4532692
17051,Emerald_Dry,179.0052569,170.7227798,172.820511,176.1439114
17051,Emerald_Wet,510.7421967,502.6123748,491.8250386,479.9757786
17052,Dalby_Dry,132.397671,137.9181131,123.6302723,148.79121
17052,Dalby_Wet,498.503569,506.8259027,495.1023213,474.856649
17052,Emerald_Dry,105.4535555,103.3035189,110.4569251,91.20292294
17052,Emerald_Wet,523.2392634,517.2295212,524.6202262,529.3478595
17053,Dalby_Dry,165.1410762,165.3844165,152.2545557,142.882823
17053,Dalby_Wet,516.3705205,512.2866073,522.24434,515.4422462
17053,Emerald_Dry,104.8312079,102.4407523,88.99312202,89.45910183
17053,Emerald_Wet,541.9962269,552.1061001,544.7614747,558.702425
17054,Dalby_Dry,197.7883194,186.4554597,207.5077717,218.5671825
17054,Dalby_Wet,529.7074541,519.7731479,530.8532981,507.8088203
17054,Emerald_Dry,120.3048583,121.5074917,116.7278255,120.5439808
17054,Emerald_Wet,556.1671586,555.5251042,580.8420223,569.4369452
17055,Dalby_Dry,179.7093115,169.4371645,181.6898942,155.8020298
17055,Dalby_Wet,521.3215153,524.4877059,508.1684925,500.2783186
17055,Emerald_Dry,106.1632377,104.2694211,122.1267568,129.374897
17055,Emerald_Wet,550.9588389,547.5090357,555.0696604,554.2673805
17056,Dalby_Dry,224.1766848,226.5691974,221.1129162,206.0589458
17056,Dalby_Wet,540.4332721,538.3983971,534.030759,547.6675753
17056,Emerald_Dry,142.9390176,136.8810614,146.0413094,142.7621565
17056,Emerald_Wet,540.993788,542.1763481,546.2484185,561.3573985
17057,Dalby_Dry,245.0399839,251.7842943,240.654449,242.9150887
17057,Dalby_Wet,526.0477516,536.6146457,522.787294,514.9582216
17057,Emerald_Dry,181.7342567,183.5660364,181.0376993,168.7881992
17057,Emerald_Wet,498.2002471,500.7254204,500.5563357,500.7661093
17058,Dalby_Dry,193.1064069,193.1705608,179.6056863,189.1990682
17058,Dalby_Wet,530.540689,530.8295518,530.5818168,535.4641501
17058,Emerald_Dry,116.6860374,120.4569672,103.0620445,124.6775941
17058,Emerald_Wet,543.1974894,551.1393812,530.1030978,546.324025
17059,Dalby_Dry,224.3395103,236.5687778,251.4007416,213.0489487
17059,Dalby_Wet,535.394773,539.7917913,539.2869378,543.0586102
17059,Emerald_Dry,145.1833129,142.0881851,133.454666,117.2724024
17059,Emerald_Wet,538.0892012,534.1857784,536.4303889,547.0661576
17060,Dalby_Dry,232.181117,229.3881195,249.3483846,216.8839724
17060,Dalby_Wet,533.1275431,532.1243926,529.904626,519.2003705
17060,Emerald_Dry,159.7010922,150.4138233,135.6393258,168.9663411
17060,Emerald_Wet,525.0802614,517.9446201,510.6839013,499.2515609
17061,Dalby_Dry,211.6325732,191.0278703,203.4916871,212.8115646
17061,Dalby_Wet,548.0223341,534.3485968,520.6833485,526.5142238
17061,Emerald_Dry,138.5176556,136.9696573,141.0702595,146.3788475
17061,Emerald_Wet,573.563081,573.3337971,585.1073376,576.4276118
17062,Dalby_Dry,171.5174685,182.2173071,157.0624026,165.2810572
17062,Dalby_Wet,525.4428203,528.3615241,509.6465436,528.2553081
17062,Emerald_Dry,105.1078741,108.0728029,106.6128604,113.7527432
17062,Emerald_Wet,540.2255615,533.7786979,556.5701784,550.9101949
17063,Dalby_Dry,192.7934113,190.41793,195.4809111,218.7067953
17063,Dalby_Wet,526.7884962,521.6880812,529.4850523,498.9612762
17063,Emerald_Dry,115.732374,107.3870558,90.74474354,117.0409261
17063,Emerald_Wet,548.4518551,542.9951771,560.6502193,576.50298
17064,Dalby_Dry,212.9445454,220.0654213,191.6354757,212.152413
17064,Dalby_Wet,542.2330351,544.8422642,546.8059592,529.3152349
17064,Emerald_Dry,130.7421163,134.5123994,106.2716878,128.534677
17064,Emerald_Wet,562.1871355,575.9980351,525.0181092,562.0228861
17065,Dalby_Dry,192.3265905,197.4433841,195.3298145,201.9276227
17065,Dalby_Wet,531.190503,532.2843633,513.3305864,518.7145281
17065,Emerald_Dry,115.5853416,121.59531,94.81823963,100.8506932
17065,Emerald_Wet,553.9456771,556.5896427,543.0441006,549.6939928
17066,Dalby_Dry,179.9242579,178.5746733,174.9351983,193.4148182
17066,Dalby_Wet,533.6438283,540.7589296,543.9552714,545.026416
17066,Emerald_Dry,103.8209782,109.3147645,112.873492,126.3222406
17066,Emerald_Wet,561.7276111,556.6987289,568.6567024,550.7329364
17067,Dalby_Dry,267.9075318,259.6862868,265.4711378,242.7591105
17067,Dalby_Wet,498.2740778,498.6629664,503.4197074,484.9779642
17067,Emerald_Dry,209.1496107,219.4203574,211.4139862,208.7060065
17067,Emerald_Wet,471.4227055,474.3157056,475.0022231,470.2090655
17068,Dalby_Dry,180.8917194,183.652557,165.2135494,120.403261
17068,Dalby_Wet,517.255298,519.1788688,501.6089498,516.9326542
17068,Emerald_Dry,110.5904985,96.45455146,125.3940843,132.3820856
17068,Emerald_Wet,529.7831283,536.2909846,541.1771587,539.1589872
17069,Dalby_Dry,212.68385,207.2834937,205.3955236,250.8180594
17069,Dalby_Wet,538.7188656,544.5605877,525.241761,545.0787826
17069,Emerald_Dry,133.6094697,139.3669243,116.847369,89.58795101
17069,Emerald_Wet,569.7057877,563.5481325,562.9301779,565.0371043
17070,Dalby_Dry,154.7849635,157.5629222,146.749946,178.9825797
17070,Dalby_Wet,506.6791345,514.6241379,522.1646043,553.2062472
17070,Emerald_Dry,102.4327404,99.3360891,98.53886634,94.77617992
17070,Emerald_Wet,530.0231563,542.7301161,526.9011398,562.8516707
17071,Dalby_Dry,242.2350474,251.7042697,238.7155825,264.4802867
17071,Dalby_Wet,534.0215661,545.5808723,533.3013553,486.9720979
17071,Emerald_Dry,164.3543617,171.5731797,173.072663,145.8821529
17071,Emerald_Wet,509.3799212,513.3254764,507.663822,538.3515074
17072,Dalby_Dry,244.8854174,240.0584234,249.9318222,242.8761835
17072,Dalby_Wet,533.6744143,547.2766184,528.968826,522.2654467
17072,Emerald_Dry,167.8910484,157.0396118,175.4946827,197.982935
17072,Emerald_Wet,513.1544625,519.8749749,502.8216041,485.3704387
17073,Dalby_Dry,237.7193532,227.2995852,249.3702155,245.1318946
17073,Dalby_Wet,519.9016678,508.0506896,495.8179739,532.5308806
17073,Emerald_Dry,165.6599221,168.4573891,183.1918586,154.2256001
17073,Emerald_Wet,499.5387175,502.3275295,505.5487366,509.2458336
17074,Dalby_Dry,132.2950229,125.7608775,150.3510418,129.320915
17074,Dalby_Wet,495.0363425,488.0699282,520.2789285,527.3756674
17074,Emerald_Dry,103.8356552,113.0824253,112.3653371,108.9193283
17074,Emerald_Wet,524.2991459,516.2199585,522.0564007,518.8933543
17075,Dalby_Dry,171.724979,161.820328,164.5044966,183.9350258
17075,Dalby_Wet,524.946987,516.0514118,510.9669188,499.888556
17075,Emerald_Dry,105.2406593,95.42268601,104.5919009,130.9921384
17075,Emerald_Wet,544.3540349,546.9746448,538.1295519,542.5511023
17076,Dalby_Dry,172.6719533,166.7313853,181.5697467,159.7007795
17076,Dalby_Wet,521.1568653,520.3067969,523.6352903,546.8170363
17076,Emerald_Dry,108.5418383,111.1015569,99.09470191,107.9825535
17076,Emerald_Wet,534.9183682,530.5250224,538.7397985,524.8480294
17077,Dalby_Dry,252.9238858,263.6401162,251.1057911,242.1240034
17077,Dalby_Wet,528.6308808,527.4836034,511.5799263,507.5563128
17077,Emerald_Dry,184.8099785,175.2215776,192.8056617,170.6819217
17077,Emerald_Wet,504.3588225,496.5503729,504.2987076,450.6430868
17078,Dalby_Dry,197.551559,189.3583786,198.8323731,205.9559002
17078,Dalby_Wet,538.727626,539.0925192,534.2813738,557.9675358
17078,Emerald_Dry,117.0602477,128.685978,119.1650385,137.2923498
17078,Emerald_Wet,563.2287628,561.4626304,565.472301,532.8336393
17079,Dalby_Dry,180.9064722,174.5366285,190.5272771,167.3971135
17079,Dalby_Wet,532.4885656,536.2738151,523.1379119,516.659569
17079,Emerald_Dry,107.8431871,109.5395417,108.6262611,115.0983547
17079,Emerald_Wet,556.7932272,560.2730417,562.3631202,533.2525276
17080,Dalby_Dry,154.8464762,154.0164951,152.372246,157.5916521
17080,Dalby_Wet,523.6453029,528.5346786,523.0118486,542.9674865
17080,Emerald_Dry,100.6206898,109.8344185,125.1138099,97.45493792
17080,Emerald_Wet,528.407248,530.1333042,525.8640969,508.4464882
17081,Dalby_Dry,206.1982694,219.6451657,204.0487391,201.7180426
17081,Dalby_Wet,532.6361007,524.472744,542.2194368,563.0715292
17081,Emerald_Dry,126.5085616,132.9534177,139.5512386,163.1460804
17081,Emerald_Wet,559.5620345,565.1188466,558.1628219,583.816444
17082,Dalby_Dry,254.2916282,238.4484875,246.6556129,222.848509
17082,Dalby_Wet,510.1071865,511.9997862,546.459983,534.7306062
17082,Emerald_Dry,186.2210962,186.9005526,192.3502282,180.0174682
17082,Emerald_Wet,489.6169753,487.148956,489.9063703,484.3705266
17083,Dalby_Dry,205.7362144,195.1890598,219.0909975,193.1207322
17083,Dalby_Wet,533.0738474,542.5863064,543.7949341,519.0780158
17083,Emerald_Dry,126.4949974,136.614236,140.7185475,129.3192284
17083,Emerald_Wet,559.7401435,553.6571552,566.2985513,524.0686851
17084,Dalby_Dry,191.2801838,190.5407121,185.529933,202.9753672
17084,Dalby_Wet,522.2656853,523.7919811,526.7603841,527.3475095
17084,Emerald_Dry,113.7641813,109.7350875,135.4476792,133.8732837
17084,Emerald_Wet,564.0589383,566.3063779,572.0051398,572.6492067
17085,Dalby_Dry,260.2785715,261.0097076,269.5081426,228.7332371
17085,Dalby_Wet,519.5054357,519.3244134,515.6631546,498.6731478
17085,Emerald_Dry,188.8826054,192.3995309,176.8616532,202.554205
17085,Emerald_Wet,489.620542,501.2026119,491.4007809,495.0285833
17086,Dalby_Dry,205.5268381,207.8736165,210.3864554,219.2421446
17086,Dalby_Wet,544.0703769,541.4091432,539.8001841,552.5857787
17086,Emerald_Dry,124.6236616,131.6150273,146.5953004,117.9091281
17086,Emerald_Wet,552.1498797,549.5470923,558.1292137,572.6293968
17087,Dalby_Dry,138.9424353,143.8115044,146.391021,175.5877707
17087,Dalby_Wet,492.121614,494.9018732,513.8685826,491.1663475
17087,Emerald_Dry,105.0473134,106.503144,130.2749162,101.5504151
17087,Emerald_Wet,521.4536805,523.3078954,529.1710987,492.9967689
17088,Dalby_Dry,154.4236362,168.6133692,158.1230364,185.9109864
17088,Dalby_Wet,523.6295938,529.6439428,520.1166697,547.0164821
17088,Emerald_Dry,99.96210866,108.6206767,94.89187207,128.7105482
17088,Emerald_Wet,536.812788,537.2046375,545.8885614,529.077467
17089,Dalby_Dry,225.375504,231.4782688,205.7709641,247.1903128
17089,Dalby_Wet,532.1727695,527.4686271,539.3861134,555.844663
17089,Emerald_Dry,150.5384878,149.9417669,136.0007313,184.26131
17089,Emerald_Wet,510.2271396,509.9106278,514.9420956,529.6244614
17090,Dalby_Dry,171.614539,178.3769103,166.5566257,209.8808651
17090,Dalby_Wet,532.5328583,541.6971866,533.072363,507.8742382
17090,Emerald_Dry,105.0761959,101.9262537,115.5302976,117.8645269
17090,Emerald_Wet,541.7935892,538.7118563,520.761828,534.6721246
17091,Dalby_Dry,221.8129951,221.4477909,230.1157999,210.9226698
17091,Dalby_Wet,539.0938344,537.8792533,550.9271468,521.2842129
17091,Emerald_Dry,148.6352568,140.4437104,134.742657,149.006177
17091,Emerald_Wet,543.7134819,540.3034085,546.6587986,521.4449625
17092,Dalby_Dry,244.7508209,241.7728822,246.3769466,262.061093
17092,Dalby_Wet,531.0077687,535.5219284,523.3104732,498.4794449
17092,Emerald_Dry,169.7837291,166.8484821,160.5658274,157.4193957
17092,Emerald_Wet,516.0845524,517.168219,525.9861779,526.6472482
17093,Dalby_Dry,171.1276015,170.2934358,164.6212855,182.2137913
17093,Dalby_Wet,525.4451792,516.690183,526.6675952,537.7455082
17093,Emerald_Dry,102.9735829,110.1326671,91.85978583,102.9966565
17093,Emerald_Wet,542.9933431,534.2639584,543.8808143,545.6821036
17094,Dalby_Dry,165.932098,164.9803906,151.6475435,205.2029963
17094,Dalby_Wet,514.5570147,517.6608844,515.0640842,521.8501717
17094,Emerald_Dry,103.3667992,96.26860914,100.7460418,122.8255925
17094,Emerald_Wet,540.6099829,525.6375746,532.7649354,555.6691903
17095,Dalby_Dry,224.2605854,219.9640205,222.1024384,219.5174348
17095,Dalby_Wet,539.8877737,544.282672,532.814049,532.2960753
17095,Emerald_Dry,143.4052818,142.4337989,135.3592123,152.9893887
17095,Emerald_Wet,551.6058878,545.0323654,569.626455,566.4370356
17096,Dalby_Dry,154.8419056,148.4312299,146.1992128,146.9490132
17096,Dalby_Wet,523.2387225,532.0062197,529.2372048,550.1781823
17096,Emerald_Dry,99.2944506,104.9602402,112.7175186,94.42990259
17096,Emerald_Wet,531.7705743,533.9672427,517.7567555,475.5536266
17097,Dalby_Dry,165.482727,167.0236386,182.1942587,183.3059984
17097,Dalby_Wet,524.6446107,520.5580763,500.736885,524.8583765
17097,Emerald_Dry,101.653101,99.30780647,108.3464166,108.9201073
17097,Emerald_Wet,545.2301612,542.8390907,550.4014083,541.729304
17098,Dalby_Dry,227.4212346,230.2890427,236.5543159,232.517709
17098,Dalby_Wet,531.2316732,533.0917004,533.9933332,526.1870579
17098,Emerald_Dry,154.7544972,170.7758437,155.3231769,183.5885133
17098,Emerald_Wet,518.1758097,519.5198426,507.499665,537.6649509
17099,Dalby_Dry,181.2570604,179.3451042,187.7745355,164.644386
17099,Dalby_Wet,518.572552,518.6489667,506.6923296,532.5223483
17099,Emerald_Dry,110.6555552,106.0402667,107.9204394,114.6869149
17099,Emerald_Wet,536.0994645,531.9924718,525.8637168,589.0559966
17100,Dalby_Dry,199.6133902,193.2504566,190.0288549,199.9154046
17100,Dalby_Wet,536.5311151,541.5371207,543.8188543,524.1574335
17100,Emerald_Dry,122.4972033,122.4538014,107.8952875,121.0843034
17100,Emerald_Wet,560.332787,555.7720249,548.6405425,572.1769057
17101,Dalby_Dry,200.492204,203.2977073,214.6253066,213.7424433
17101,Dalby_Wet,523.2773617,534.3560807,510.4457965,534.0558646
17101,Emerald_Dry,125.0873952,130.8821238,127.5705111,100.3936298
17101,Emerald_Wet,543.6619124,556.1166797,527.8781433,535.1472428
17102,Dalby_Dry,223.5885375,209.3374654,244.4475643,227.9728746
17102,Dalby_Wet,538.6606279,536.3733312,536.2391584,546.655214
17102,Emerald_Dry,151.5761836,154.2964201,146.9734625,147.4118492
17102,Emerald_Wet,522.8467979,525.7295833,529.9295947,539.0804762
17103,Dalby_Dry,171.9501477,168.453404,161.2188363,114.9373845
17103,Dalby_Wet,526.2861888,522.4631038,535.2888395,472.5544417
17103,Emerald_Dry,103.5372101,109.1322363,101.642444,146.4535803
17103,Emerald_Wet,566.136401,579.2584686,597.2078818,557.1972826
17104,Dalby_Dry,215.9204732,227.036744,237.9547379,218.5217074
17104,Dalby_Wet,537.9323635,529.2170141,550.9434073,568.0688981
17104,Emerald_Dry,140.7061288,143.4888666,124.5340194,143.8486224
17104,Emerald_Wet,542.666517,543.8363498,550.6115568,546.6214615
17105,Dalby_Dry,228.9210216,226.4769051,220.2784647,255.7987938
17105,Dalby_Wet,546.4109924,545.260667,538.510082,544.8754866
17105,Emerald_Dry,158.6735467,171.4596001,159.8494962,167.3223128
17105,Emerald_Wet,553.0987171,544.2139068,569.0581319,579.6260215
17106,Dalby_Dry,193.1470919,189.675469,189.4671343,185.9124696
17106,Dalby_Wet,526.2546672,534.9102821,507.9274104,518.9245673
17106,Emerald_Dry,119.8376339,117.6152949,118.0220961,96.23592096
17106,Emerald_Wet,546.0222444,541.4526361,557.73294,540.0655722
17107,Dalby_Dry,181.1199706,193.0622855,191.8565269,188.4233721
17107,Dalby_Wet,521.779176,514.4062289,542.0005718,556.1109752
17107,Emerald_Dry,111.1781582,118.051924,108.1521852,104.8044574
17107,Emerald_Wet,538.4059391,544.3439916,554.0967774,556.5461281
17108,Dalby_Dry,173.1460634,170.65804,197.0043523,170.3629034
17108,Dalby_Wet,529.217412,526.0926406,552.530946,524.1037197
17108,Emerald_Dry,106.9703624,105.6605342,92.60543475,112.1639285
17108,Emerald_Wet,541.9169208,533.0001419,548.2192151,528.6912598
17109,Dalby_Dry,197.7602548,218.7926675,184.5582296,214.8189092
17109,Dalby_Wet,543.1931183,547.3848813,548.8452413,564.5931383
17109,Emerald_Dry,115.7428984,128.5747756,111.8204268,143.4466175
17109,Emerald_Wet,561.6275422,564.1808509,571.2903986,524.628472
17110,Dalby_Dry,185.7225542,191.3597588,188.1152799,166.1429749
17110,Dalby_Wet,529.5482252,530.7117226,527.28593,529.5290509
17110,Emerald_Dry,114.453619,125.4968671,110.7449306,81.68599263
17110,Emerald_Wet,545.6199023,562.4299341,519.9083662,536.4294809
17111,Dalby_Dry,171.9403582,186.5886045,160.6985383,180.9365622
17111,Dalby_Wet,524.2409628,528.7347043,521.5134471,540.7854411
17111,Emerald_Dry,106.3591669,104.2911819,119.976279,126.1070479
17111,Emerald_Wet,537.1040191,538.5426705,542.6199028,561.2523018
17112,Dalby_Dry,199.3820999,201.5756999,213.0546855,203.0925271
17112,Dalby_Wet,538.6832225,531.1404843,546.3487162,530.3367322
17112,Emerald_Dry,121.6110591,116.7040815,113.7990462,101.8244112
17112,Emerald_Wet,564.2200114,571.533457,589.9335359,558.416411
17113,Dalby_Dry,154.4234858,152.1681311,155.6278199,178.5547395
17113,Dalby_Wet,505.549427,502.5160816,505.2865648,507.7028532
17113,Emerald_Dry,99.54354131,103.2573008,110.5865577,164.611871
17113,Emerald_Wet,517.6035528,528.2856878,538.601583,519.2083449
17114,Dalby_Dry,224.2624454,219.479105,225.1077121,221.275239
17114,Dalby_Wet,541.9028097,548.2269061,543.0626145,530.1639943
17114,Emerald_Dry,141.9231764,142.6881527,149.9771563,114.2314045
17114,Emerald_Wet,554.7752666,553.2466083,557.5478387,563.5773222
17115,Dalby_Dry,212.6968806,221.5053612,198.8995916,231.1659159
17115,Dalby_Wet,541.7436514,548.7433891,539.677363,530.7247142
17115,Emerald_Dry,136.1173114,139.6128,156.3225521,124.6315013
17115,Emerald_Wet,559.5446295,556.0018944,550.2012627,557.7553404
17116,Dalby_Dry,259.1649426,254.4005433,260.872857,243.1493165
17116,Dalby_Wet,524.0954098,517.5923794,501.8661004,512.3100993
17116,Emerald_Dry,197.0239058,193.018529,209.4332057,187.2327593
17116,Emerald_Wet,502.5849859,488.0613856,502.1230545,444.0837366
17117,Dalby_Dry,180.975602,176.0993425,196.7505699,177.6591818
17117,Dalby_Wet,518.4882929,507.6378907,500.488785,532.39013
17117,Emerald_Dry,108.3608512,114.0654816,89.54232126,120.3627
17117,Emerald_Wet,535.5608818,544.6313767,538.3468976,526.4618069
17118,Dalby_Dry,192.9926118,204.9423482,187.5640421,221.5296877
17118,Dalby_Wet,524.5340362,521.415572,516.1365604,522.1386749
17118,Emerald_Dry,115.4266962,118.0230188,123.3737297,103.8197926
17118,Emerald_Wet,542.8102744,539.7507611,553.8254016,530.7811096
17119,Dalby_Dry,254.8992015,245.215138,241.3683204,245.1232569
17119,Dalby_Wet,537.7603183,541.2336161,523.7380784,544.8801027
17119,Emerald_Dry,177.0271466,180.8355526,187.4290081,177.0306759
17119,Emerald_Wet,500.311831,508.6494334,490.2992841,530.7083074
17120,Dalby_Dry,155.8823121,166.6512863,143.6623196,157.3193165
17120,Dalby_Wet,501.8613741,499.4608724,485.3019379,518.0053714
17120,Emerald_Dry,99.78205797,95.51120387,104.7615273,82.58639132
17120,Emerald_Wet,528.0403143,526.2172524,540.0464795,548.5020379
17121,Dalby_Dry,199.6372325,206.9949787,200.2587216,226.7185772
17121,Dalby_Wet,535.4188038,536.6451469,537.1585976,544.0138613
17121,Emerald_Dry,123.28966,121.0327631,123.8774423,113.5988129
17121,Emerald_Wet,556.1700276,555.3770834,551.8566298,567.5052958
17122,Dalby_Dry,229.8510307,233.4631856,244.0194802,222.9297352
17122,Dalby_Wet,541.7285918,535.164603,535.8148887,563.2710301
17122,Emerald_Dry,155.8928326,156.0656933,170.2422663,143.6134229
17122,Emerald_Wet,540.1734354,531.3931653,546.282618,512.581987
17123,Dalby_Dry,192.3387061,179.4874924,185.2880653,176.9523771
17123,Dalby_Wet,531.2503957,532.5852282,549.2178661,530.9188372
17123,Emerald_Dry,111.2328863,104.2761484,114.7498318,101.4922886
17123,Emerald_Wet,554.9775904,554.5996176,546.2427507,558.5735671
17124,Dalby_Dry,205.7667188,202.42937,206.6901096,168.024331
17124,Dalby_Wet,527.0657064,522.7007594,516.3552218,549.2115428
17124,Emerald_Dry,133.4301464,136.9979989,142.7232527,126.4091892
17124,Emerald_Wet,542.2832027,548.0373972,517.9547664,564.5837787
17125,Dalby_Dry,155.0059008,148.779013,152.9178579,131.2850086
17125,Dalby_Wet,524.1566876,524.8760057,538.8641312,543.138982
17125,Emerald_Dry,101.7719456,104.2371714,91.17926575,86.29468932
17125,Emerald_Wet,535.4956937,525.6036346,535.4055865,541.3222557
17126,Dalby_Dry,179.5656915,178.7952547,182.1844139,188.8652476
17126,Dalby_Wet,522.1938868,529.3826488,525.8728716,576.9658833
17126,Emerald_Dry,104.4503873,101.7147875,106.2223469,87.01545587
17126,Emerald_Wet,556.5767678,553.3819477,558.5986601,527.9041832
17127,Dalby_Dry,245.2170582,249.9356142,266.7205376,248.5962505
17127,Dalby_Wet,524.577271,520.4069479,525.0451197,539.1763372
17127,Emerald_Dry,172.3698552,172.4714592,192.1730716,151.9859179
17127,Emerald_Wet,508.123009,507.9390758,503.8586448,535.0614648
17128,Dalby_Dry,214.6951299,221.9914382,227.6302383,217.4912171
17128,Dalby_Wet,540.1686305,537.4783399,538.3096407,510.6592524
17128,Emerald_Dry,138.1037007,127.4103894,146.1067952,112.4658439
17128,Emerald_Wet,540.855394,553.6868359,516.9635918,547.5250919
17129,Dalby_Dry,166.8128406,157.6325923,154.521496,159.9791218
17129,Dalby_Wet,514.6159081,515.4913609,500.9204364,537.734984
17129,Emerald_Dry,106.6469966,107.7595721,103.0451916,65.41633387
17129,Emerald_Wet,520.0275933,522.789824,501.0387857,533.1918966
17130,Dalby_Dry,155.9808177,152.0255084,147.3216893,132.0887454
17130,Dalby_Wet,498.4790814,495.7220474,496.7427841,504.6605523
17130,Emerald_Dry,104.3277557,92.33096988,102.1649957,110.6813898
17130,Emerald_Wet,524.4886468,523.3775729,523.0744365,544.8207203
17131,Dalby_Dry,212.4070797,213.9053342,201.2568763,196.8107855
17131,Dalby_Wet,540.5630667,556.261773,550.2962846,534.4941045
17131,Emerald_Dry,136.919297,145.7886658,150.5552573,151.1095384
17131,Emerald_Wet,552.4664532,561.1315464,568.9098406,562.2342862
17132,Dalby_Dry,184.3444015,186.1653326,181.5270824,228.2007949
17132,Dalby_Wet,526.8644375,521.5666539,522.1597329,519.8059508
17132,Emerald_Dry,105.3219005,106.8212763,106.5998396,74.26948106
17132,Emerald_Wet,576.913275,577.3187825,585.4936439,584.8703564
17133,Dalby_Dry,244.6899129,245.1962221,242.2753616,245.6309053
17133,Dalby_Wet,509.3442625,513.6711763,511.3836117,522.1350758
17133,Emerald_Dry,184.8426036,186.7852122,199.40744,200.3277971
17133,Emerald_Wet,496.4955916,493.3819536,505.8854556,526.8469767
17134,Dalby_Dry,224.8240563,228.9115393,235.1036712,276.9316621
17134,Dalby_Wet,533.5374758,529.3669567,525.4055035,533.7579385
17134,Emerald_Dry,150.1747397,157.6588117,153.1899198,150.9338827
17134,Emerald_Wet,537.8214361,542.043199,552.587647,515.8496354
17135,Dalby_Dry,193.2972586,200.7766893,174.4166835,193.3786108
17135,Dalby_Wet,527.6745548,521.6053463,534.4932439,474.159189
17135,Emerald_Dry,116.311205,130.1756099,113.0199196,97.22566099
17135,Emerald_Wet,552.7709456,560.034951,547.7474452,554.5388704
17136,Dalby_Dry,166.2319184,160.7727779,159.1304458,135.4020766
17136,Dalby_Wet,527.7744398,525.273763,520.8827504,535.7933412
17136,Emerald_Dry,101.6486356,103.3514957,124.1771967,121.2259297
17136,Emerald_Wet,561.5802459,565.0625247,558.3754426,551.3647214
17137,Dalby_Dry,232.612017,227.3617711,250.6017051,241.4127464
17137,Dalby_Wet,545.1092725,543.8330343,534.0411778,535.6116189
17137,Emerald_Dry,160.4696323,160.589034,143.4526083,152.106109
17137,Emerald_Wet,539.8238397,546.0629504,519.9783736,558.3904402
17138,Dalby_Dry,171.765767,177.446018,176.6840686,133.4246126
17138,Dalby_Wet,524.4588329,531.9523863,517.4082397,553.3218225
17138,Emerald_Dry,107.1644924,106.515438,127.2481773,60.89895772
17138,Emerald_Wet,539.6186362,535.0399174,528.2345614,565.7199332
17139,Dalby_Dry,190.6692643,186.7786648,192.407941,207.5609433
17139,Dalby_Wet,532.0234999,533.6055746,516.9454245,539.7062703
17139,Emerald_Dry,111.3284087,113.8644978,109.3223139,114.9692864
17139,Emerald_Wet,553.5858559,556.961229,553.4160449,569.4652675
17140,Dalby_Dry,236.775892,226.00536,220.7380908,213.6426442
17140,Dalby_Wet,532.0375265,522.543686,528.1666456,530.2231265
17140,Emerald_Dry,162.9226008,168.7875106,151.128918,168.6740319
17140,Emerald_Wet,514.6890597,504.1542561,521.3821551,535.3267772
17141,Dalby_Dry,213.0698345,218.0175678,194.6877267,221.517556
17141,Dalby_Wet,541.9617785,540.3686965,557.8504256,552.6290478
17141,Emerald_Dry,140.8797838,142.3482401,139.0481026,106.2857578
17141,Emerald_Wet,551.6412006,552.9947861,559.7375051,524.1735893
17142,Dalby_Dry,199.6512272,195.1457126,213.9363417,186.7897858
17142,Dalby_Wet,532.203346,521.795606,555.7303678,539.8511284
17142,Emerald_Dry,128.4156262,131.659195,147.8595631,143.4045795
17142,Emerald_Wet,547.0657574,550.8790076,565.900879,563.5498036
17143,Dalby_Dry,154.3342748,160.7730043,131.0668072,151.327191
17143,Dalby_Wet,505.066705,517.4089189,511.9672533,511.5883184
17143,Emerald_Dry,98.79559731,94.83332306,122.4732017,91.50201262
17143,Emerald_Wet,528.5476368,532.387666,558.612023,506.1224944
17144,Dalby_Dry,200.0563988,204.0932781,215.3002262,215.3500989
17144,Dalby_Wet,537.4449051,547.9933,547.4610794,509.5487846
17144,Emerald_Dry,118.4577301,109.5505567,97.28102405,121.6034959
17144,Emerald_Wet,561.9313801,559.0564898,561.1996418,577.7968121
17145,Dalby_Dry,253.7304433,257.9455251,254.0925257,279.8289267
17145,Dalby_Wet,517.0177752,513.6232912,523.2268392,546.0953971
17145,Emerald_Dry,183.3140402,186.7137663,194.3442289,178.0647997
17145,Emerald_Wet,497.6868894,493.1377539,508.014,449.736386
17146,Dalby_Dry,192.1710451,196.6851689,190.6216827,177.7175119
17146,Dalby_Wet,526.4330919,515.2559403,531.9086417,513.1874392
17146,Emerald_Dry,113.9996361,122.4469086,111.6197936,109.0484758
17146,Emerald_Wet,545.8975739,534.4047289,540.349895,584.4218835
17147,Dalby_Dry,245.1090527,257.3136543,266.1588552,256.2423967
17147,Dalby_Wet,530.7133265,523.82563,549.0592898,534.5661115
17147,Emerald_Dry,178.869059,181.0015201,192.356709,183.7153273
17147,Emerald_Wet,506.8469633,506.1110614,491.4654065,503.6744615
17148,Dalby_Dry,275.497023,269.1537989,258.7080508,276.5661959
17148,Dalby_Wet,488.7869795,485.4259627,505.4499655,500.1967506
17148,Emerald_Dry,226.8724841,220.9752584,250.8543734,237.5824988
17148,Emerald_Wet,451.6807667,450.0628663,437.9757325,463.688127
17149,Dalby_Dry,214.9014106,223.7151866,217.3416206,217.2908616
17149,Dalby_Wet,538.8933026,536.1731953,517.6302188,562.0305212
17149,Emerald_Dry,138.8210652,136.8605304,150.8433128,148.1159721
17149,Emerald_Wet,544.9327101,541.8794339,557.6668329,546.3358293
17150,Dalby_Dry,205.8008877,202.9897725,206.0463,199.727091
17150,Dalby_Wet,543.6387749,535.3014904,549.7731698,516.5527132
17150,Emerald_Dry,125.1841305,118.2635841,107.6790581,135.9633164
17150,Emerald_Wet,557.385389,547.0636685,568.3269059,555.4041643
17151,Dalby_Dry,223.9870146,224.9233916,222.6879294,213.8840046
17151,Dalby_Wet,539.1801929,544.5851391,525.7376074,529.1722773
17151,Emerald_Dry,151.5494934,146.9595381,164.9224702,153.1580305
17151,Emerald_Wet,526.6631827,537.4522543,533.8288634,544.2576619
17152,Dalby_Dry,162.6295289,158.712332,139.7706963,141.5593557
17152,Dalby_Wet,518.3393907,525.3936161,531.1902481,494.6033591
17152,Emerald_Dry,103.5374593,100.6188746,105.9911413,93.11508281
17152,Emerald_Wet,524.9653986,522.4340486,522.5262841,482.2941226
17153,Dalby_Dry,212.6431147,213.0944422,256.6903951,223.9408292
17153,Dalby_Wet,540.3719961,536.6396574,541.7464658,523.6059728
17153,Emerald_Dry,131.4400696,131.3651892,116.4009396,140.9886739
17153,Emerald_Wet,549.5936013,547.3696162,550.5696376,549.5800813
17154,Dalby_Dry,219.2541547,211.4984557,218.1082938,172.6212318
17154,Dalby_Wet,543.8303701,547.0683479,557.2299314,512.3200431
17154,Emerald_Dry,139.3200748,134.4808335,164.448367,142.077016
17154,Emerald_Wet,562.6870097,564.2207968,555.0024119,553.4011503
17155,Dalby_Dry,234.5721107,225.2932676,240.1172575,226.7156444
17155,Dalby_Wet,540.0985458,535.97955,532.5029732,539.192528
17155,Emerald_Dry,156.9204329,158.6147479,182.3667142,168.2613605
17155,Emerald_Wet,532.7607359,538.8673192,526.3826002,549.2105754
17156,Dalby_Dry,232.919049,230.3714216,235.1380728,214.0940925
17156,Dalby_Wet,540.0812654,546.3006829,545.4630227,535.9012564
17156,Emerald_Dry,156.8909436,156.0826823,153.5498807,168.8924838
17156,Emerald_Wet,535.7223154,530.0021458,529.4145409,542.2688947
17157,Dalby_Dry,155.177437,160.4411819,153.3452008,177.8229404
17157,Dalby_Wet,521.4702001,519.6632031,545.0920676,543.0140884
17157,Emerald_Dry,101.9766534,96.04497179,100.0811202,86.06923844
17157,Emerald_Wet,531.6496549,539.989033,521.4633898,545.9818369
17158,Dalby_Dry,185.7625409,184.6307041,161.5365865,185.5621481
17158,Dalby_Wet,530.6216566,526.2484341,536.7338915,514.740277
17158,Emerald_Dry,111.3673841,111.5022273,101.0481504,102.1966718
17158,Emerald_Wet,555.2624029,554.8855729,546.1233949,543.488394
17159,Dalby_Dry,186.3910327,177.6503557,157.5843554,195.7363739
17159,Dalby_Wet,533.9211309,520.3397971,538.1063733,532.095662
17159,Emerald_Dry,113.0116158,120.4372248,122.4450147,87.17864151
17159,Emerald_Wet,553.8702478,545.4254963,567.1473737,551.9852812
17160,Dalby_Dry,205.3079396,192.0687366,208.636091,221.2386279
17160,Dalby_Wet,544.871114,549.9932881,548.4964904,545.768375
17160,Emerald_Dry,120.7201324,118.380074,106.8596902,117.1767902
17160,Emerald_Wet,558.7483107,559.810922,538.9701204,563.0502259
17161,Dalby_Dry,165.3714009,162.391747,180.3426059,210.4066963
17161,Dalby_Wet,526.8588047,526.1688063,519.0988022,558.079776
17161,Emerald_Dry,101.8021501,105.1872639,89.29937574,70.75850355
17161,Emerald_Wet,546.9982087,538.3247629,549.1701017,537.9741277
17162,Dalby_Dry,171.4114374,159.6309475,177.0147366,219.3568852
17162,Dalby_Wet,532.6742653,542.5873654,539.6097795,541.3367603
17162,Emerald_Dry,103.1678511,109.7338046,89.68458526,93.0228595
17162,Emerald_Wet,544.7345932,538.3071694,546.8278576,512.899202
17163,Dalby_Dry,155.226689,157.341385,160.9898506,160.662311
17163,Dalby_Wet,524.5680099,526.6215187,525.2710703,494.8282256
17163,Emerald_Dry,100.560759,100.8206422,106.9357111,114.6551504
17163,Emerald_Wet,532.730752,527.096892,547.6623603,503.8439666
17164,Dalby_Dry,212.3493528,203.1052895,232.8575354,205.415192
17164,Dalby_Wet,543.0509178,550.6639843,542.9797633,525.126173
17164,Emerald_Dry,134.8086091,139.8886027,117.845134,153.7565963
17164,Emerald_Wet,555.4174361,553.4797948,549.814451,560.7379696
17165,Dalby_Dry,198.5874477,195.8401277,201.0715554,204.4294143
17165,Dalby_Wet,535.6894507,550.3027922,526.7173542,572.0988059
17165,Emerald_Dry,118.1075624,131.9113887,125.408409,122.2814922
17165,Emerald_Wet,558.6542963,564.6524732,549.5190727,530.5489285
17166,Dalby_Dry,212.9419389,216.5745417,213.1298956,219.3543345
17166,Dalby_Wet,533.184705,532.4076849,531.6993268,511.5914538
17166,Emerald_Dry,135.4943556,144.9176768,126.0439586,130.3870718
17166,Emerald_Wet,550.2351889,540.1334502,556.3456974,567.8436933
17167,Dalby_Dry,192.1755463,181.8755039,190.686138,180.3060264
17167,Dalby_Wet,528.8882099,519.9279191,549.2893746,513.2649881
17167,Emerald_Dry,114.5996847,115.2898525,85.15197683,97.4987203
17167,Emerald_Wet,548.706801,548.6215622,552.1858293,572.7664949
17168,Dalby_Dry,215.5472261,212.8821201,214.5702239,204.6478368
17168,Dalby_Wet,539.2816831,538.7556316,538.0532156,519.741405
17168,Emerald_Dry,139.3297192,139.0501806,145.8157948,146.4629612
17168,Emerald_Wet,529.2399163,519.0063411,538.4781019,532.8652903
17169,Dalby_Dry,221.1972499,228.0096207,204.555618,239.9651646
17169,Dalby_Wet,543.686149,549.7037246,546.0749485,571.8118695
17169,Emerald_Dry,139.4815859,138.4791272,144.5242994,144.2572832
17169,Emerald_Wet,558.9218599,564.0285875,552.7789705,592.3544744
17170,Dalby_Dry,166.4170946,157.8582586,180.822593,147.6291328
17170,Dalby_Wet,530.8934655,531.4438616,541.2440079,494.2888007
17170,Emerald_Dry,104.7218009,104.411163,101.4111191,108.104043
17170,Emerald_Wet,545.1261352,541.1756215,507.2129973,516.8760394
17171,Dalby_Dry,253.1494276,254.3217005,237.7489409,283.0009066
17171,Dalby_Wet,532.6539782,531.2474445,525.7577259,573.1210522
17171,Emerald_Dry,184.1501655,190.0243418,183.6465833,175.0389131
17171,Emerald_Wet,514.2839199,516.0486897,539.9395843,491.0171486
17172,Dalby_Dry,253.1102758,248.4642635,259.8435348,243.6135753
17172,Dalby_Wet,529.7045898,533.4762687,516.4098781,514.9268454
17172,Emerald_Dry,183.0632746,179.9220354,177.2748485,201.7359642
17172,Emerald_Wet,495.4904999,495.1274418,480.4131629,485.7793083
17173,Dalby_Dry,227.3021789,232.5738913,219.5534268,226.3562782
17173,Dalby_Wet,534.766019,531.9064114,562.4835146,526.6880447
17173,Emerald_Dry,152.3872544,152.0050318,163.2728771,144.222669
17173,Emerald_Wet,520.2605656,508.809061,512.7315068,523.3949817
17174,Dalby_Dry,206.3217265,214.8927224,208.7635612,210.8077471
17174,Dalby_Wet,533.94688,533.5865808,541.6799507,555.2569998
17174,Emerald_Dry,129.0806599,125.6558167,94.20891291,101.2636714
17174,Emerald_Wet,546.2615422,536.7880992,539.143803,563.6162789
17175,Dalby_Dry,199.9261815,202.795264,191.3555751,176.6182331
17175,Dalby_Wet,523.552658,516.8564509,509.8455281,505.6411998
17175,Emerald_Dry,123.6604122,124.3612986,90.86399769,143.0155221
17175,Emerald_Wet,539.4478264,538.7695394,548.5870778,515.008738
17176,Dalby_Dry,212.6596751,217.8733812,202.3184422,213.5610048
17176,Dalby_Wet,538.69076,532.6223446,523.0438996,537.4479182
17176,Emerald_Dry,133.5680824,130.7828184,129.0908546,164.8455088
17176,Emerald_Wet,569.932903,559.0276533,554.7632768,587.1475049
17177,Dalby_Dry,208.784405,215.0381913,224.5040049,173.173694
17177,Dalby_Wet,534.2478053,528.7152454,523.3509417,538.711577
17177,Emerald_Dry,137.442382,134.2368739,124.1016932,166.2472187
17177,Emerald_Wet,522.1153791,517.1872507,525.8012447,524.8605119
17178,Dalby_Dry,154.9313998,157.5372712,143.3969446,186.7079177
17178,Dalby_Wet,524.7470286,525.5041402,540.5721042,522.6790777
17178,Emerald_Dry,98.46972958,97.59496881,83.03684563,75.40782996
17178,Emerald_Wet,534.5004274,522.7232817,530.6161794,526.1557529
17179,Dalby_Dry,223.9730169,215.7972502,213.170952,228.3271871
17179,Dalby_Wet,542.3041123,545.2792988,549.2233393,564.767014
17179,Emerald_Dry,142.1091956,142.204068,124.6966752,144.5945633
17179,Emerald_Wet,541.8136196,548.3433667,520.9672296,517.2579092
17180,Dalby_Dry,212.6158638,210.4837686,203.7488358,199.997596
17180,Dalby_Wet,541.82618,535.0277006,542.2483037,526.8904743
17180,Emerald_Dry,131.472452,120.0599001,133.3386738,120.3041889
17180,Emerald_Wet,549.8989916,544.848097,562.4512405,570.0309261
17181,Dalby_Dry,261.3109303,253.8804283,266.651857,269.0126205
17181,Dalby_Wet,524.9565071,528.6080533,522.1808066,480.4908308
17181,Emerald_Dry,192.0964436,190.7463529,178.2609275,170.1774213
17181,Emerald_Wet,485.738439,491.1539244,474.5775063,451.8451489
17182,Dalby_Dry,171.3490101,166.2834192,185.1198959,147.8635273
17182,Dalby_Wet,529.8718745,534.3301191,567.2941035,528.2670434
17182,Emerald_Dry,105.5293839,100.3602679,95.19065486,94.84257329
17182,Emerald_Wet,544.7523229,541.6392816,563.4713919,549.6919173
17183,Dalby_Dry,137.9141247,140.8004267,129.9736077,123.3411583
17183,Dalby_Wet,492.4996427,487.8665105,476.9648937,511.3700749
17183,Emerald_Dry,104.2389269,100.9306521,120.1946033,110.9290106
17183,Emerald_Wet,518.9309877,516.4476699,513.1598009,504.1875416
17184,Dalby_Dry,166.0144365,154.9241587,171.1512243,154.5307694
17184,Dalby_Wet,529.7536529,535.2842624,526.1545014,530.5376967
17184,Emerald_Dry,103.0024746,94.47460587,109.6697106,95.70062942
17184,Emerald_Wet,565.5550637,568.7827657,560.1914379,574.8658717
17185,Dalby_Dry,161.0601174,161.824815,175.4170147,163.268934
17185,Dalby_Wet,522.1324107,519.5075968,527.8328913,504.9069232
17185,Emerald_Dry,100.2788178,100.6908714,117.8360434,127.5286984
17185,Emerald_Wet,526.4697722,517.070016,510.9735375,487.175868
17186,Dalby_Dry,172.9564556,171.3766045,170.8705643,178.0851056
17186,Dalby_Wet,529.4657499,540.1695799,514.4860984,545.0040706
17186,Emerald_Dry,108.7005945,102.8812173,112.8023014,87.57063885
17186,Emerald_Wet,540.4887853,545.2348681,558.0787805,534.0618078
17187,Dalby_Dry,172.020826,179.7082535,172.4298603,164.340996
17187,Dalby_Wet,525.8487473,524.6346251,512.8841655,522.2673635
17187,Emerald_Dry,105.5244596,95.32821659,105.8970966,71.43439993
17187,Emerald_Wet,544.0034472,552.7329349,558.7761973,567.4311991
17188,Dalby_Dry,244.366917,255.342158,261.8346545,216.8142362
17188,Dalby_Wet,534.4154126,524.0548123,524.6375781,567.2219267
17188,Emerald_Dry,168.2454276,165.2731085,175.4038953,131.6780774
17188,Emerald_Wet,514.0215509,511.328218,495.001047,494.6962139
17189,Dalby_Dry,197.6689668,202.3003867,216.2703014,197.1802571
17189,Dalby_Wet,539.1955763,531.3180145,531.1704683,520.1442527
17189,Emerald_Dry,116.7721522,110.7238551,86.17093755,140.285335
17189,Emerald_Wet,567.4995041,564.2384438,571.8965142,569.9857703
17190,Dalby_Dry,197.8655871,199.091088,210.9300519,243.3123884
17190,Dalby_Wet,537.0961748,538.4649301,536.8696722,565.498628
17190,Emerald_Dry,113.5691697,103.4501702,90.63992306,113.3967846
17190,Emerald_Wet,560.9057465,559.8108939,555.968824,514.0462369
17191,Dalby_Dry,224.1937192,212.3161765,225.223877,220.2681323
17191,Dalby_Wet,535.1332579,555.6050983,550.7869441,585.3904094
17191,Emerald_Dry,144.4379524,146.5332527,138.9635377,157.2623209
17191,Emerald_Wet,542.431518,548.9681397,535.9979043,546.4752812
17192,Dalby_Dry,223.8281939,216.9849132,225.9414703,197.6642123
17192,Dalby_Wet,540.9043346,544.3208129,525.4720215,559.8429364
17192,Emerald_Dry,142.6476226,138.7308998,139.3902767,162.5000747
17192,Emerald_Wet,528.6534368,523.0158523,529.0625256,530.5547289
17193,Dalby_Dry,193.3721853,195.6546043,203.812644,193.9812182
17193,Dalby_Wet,527.0971881,520.813539,521.6791352,530.7099163
17193,Emerald_Dry,116.1219814,125.8936672,131.3162678,94.8314784
17193,Emerald_Wet,548.2689145,546.9999958,544.2698368,557.5794357
17194,Dalby_Dry,161.2939481,167.1110379,165.4213802,172.8323177
17194,Dalby_Wet,518.7011944,511.6946453,515.5335548,502.9586807
17194,Emerald_Dry,99.76251784,103.4842686,70.84398294,73.57794092
17194,Emerald_Wet,548.7269687,541.1761072,536.0565339,586.8257282
17195,Dalby_Dry,199.6596138,191.3930276,205.0318459,235.3308592
17195,Dalby_Wet,527.1191156,516.7211777,536.9677131,556.606329
17195,Emerald_Dry,120.7361327,125.3348247,111.3383721,121.7920912
17195,Emerald_Wet,547.9325548,552.2368559,568.0273292,507.897613
17196,Dalby_Dry,155.0660338,145.5270593,142.2273134,146.1173083
17196,Dalby_Wet,523.6226832,524.8010416,516.198307,549.5605357
17196,Emerald_Dry,102.1861365,105.3623631,116.0155147,98.27983263
17196,Emerald_Wet,531.2385792,536.9934989,543.3758522,479.8091479
17197,Dalby_Dry,201.1517151,214.1218673,183.2440403,192.2525669
17197,Dalby_Wet,531.8376516,539.221672,515.7105564,510.8156361
17197,Emerald_Dry,123.5052521,125.8062843,148.3490858,143.2987866
17197,Emerald_Wet,538.3860579,527.3842686,523.4329762,538.6973155
17198,Dalby_Dry,215.4828449,215.2418306,234.8077578,209.6265384
17198,Dalby_Wet,538.98625,533.7178204,556.2189392,545.4998649
17198,Emerald_Dry,139.3754412,139.3970403,109.1815175,153.5988415
17198,Emerald_Wet,544.2312564,544.6659629,536.2597394,539.2689893
17199,Dalby_Dry,191.0510471,194.5025451,184.3443337,205.8332796
17199,Dalby_Wet,526.3087578,516.233483,524.365149,506.0359135
17199,Emerald_Dry,107.8699737,107.5599527,110.1190551,100.1381834
17199,Emerald_Wet,573.6553237,570.0343391,577.8942572,590.8432498
17200,Dalby_Dry,232.2116509,239.2889776,232.9157462,235.1339796
17200,Dalby_Wet,531.1203296,540.8986688,529.0887655,521.9917964
17200,Emerald_Dry,160.5735372,161.1639563,157.5004679,190.1496446
17200,Emerald_Wet,514.4409048,516.2023177,505.7226583,519.3069057
17201,Dalby_Dry,212.5903603,203.7905714,197.206148,217.7779426
17201,Dalby_Wet,544.0844346,543.2401993,545.5791654,561.1016659
17201,Emerald_Dry,135.616909,136.3255363,142.1113261,126.8736627
17201,Emerald_Wet,562.343229,573.5969351,550.8041472,560.8594329
17202,Dalby_Dry,154.9863984,162.6777225,156.8721294,185.1645171
17202,Dalby_Wet,522.9950688,524.2202202,508.004328,508.5759321
17202,Emerald_Dry,101.9449537,91.82684601,136.9953738,61.12094726
17202,Emerald_Wet,531.8959012,528.9024983,530.6485823,531.5844569
17203,Dalby_Dry,154.9631645,152.5092231,182.1901896,155.6229771
17203,Dalby_Wet,526.163516,528.7463582,543.1030696,538.8383577
17203,Emerald_Dry,101.2240083,91.55021637,93.83065585,98.59257997
17203,Emerald_Wet,537.1796963,535.4500982,550.5345156,513.8198635
17204,Dalby_Dry,203.8650049,213.9271635,197.3489152,208.3221113
17204,Dalby_Wet,547.6423777,554.8894534,554.5261825,547.1764666
17204,Emerald_Dry,120.1075973,127.5872186,116.4526775,143.3334129
17204,Emerald_Wet,562.2235443,554.2552379,573.9983419,588.4363965
17205,Dalby_Dry,197.5617608,193.1582679,199.7862836,210.8581852
17205,Dalby_Wet,538.9113597,537.0006426,534.45062,549.4168377
17205,Emerald_Dry,116.9229439,121.4192533,112.9456863,164.3120564
17205,Emerald_Wet,563.4534664,564.0619942,557.3496433,590.6157883
17206,Dalby_Dry,215.0969703,219.27168,225.6671787,233.7437872
17206,Dalby_Wet,535.3293958,536.0679469,549.6984149,506.3700423
17206,Emerald_Dry,145.6667896,152.285991,154.5750573,131.2751592
17206,Emerald_Wet,542.3395133,536.2380352,542.3060993,547.7157788
17207,Dalby_Dry,170.8754933,162.0684145,164.2553741,191.051297
17207,Dalby_Wet,527.7813752,524.2012945,530.5750537,537.3755553
17207,Emerald_Dry,104.4455288,101.8152292,68.27018086,109.9474578
17207,Emerald_Wet,543.7955732,537.0951286,538.5030171,543.4262872
17208,Dalby_Dry,172.5540632,176.3607938,183.7157484,175.5015542
17208,Dalby_Wet,529.2914375,541.1960047,541.3387081,559.5661835
17208,Emerald_Dry,109.0737193,121.0559829,122.3778011,99.06282561
17208,Emerald_Wet,540.8076657,540.9810032,525.2305043,495.6601814
17209,Dalby_Dry,205.6958813,206.3307905,184.6209773,188.1322952
17209,Dalby_Wet,528.2886209,526.5128816,525.5115497,547.5011001
17209,Emerald_Dry,132.2021936,130.8041525,119.5956628,139.3846772
17209,Emerald_Wet,553.1641371,554.6980764,546.6360531,566.8862496
17210,Dalby_Dry,167.1502569,167.1650755,161.4485245,149.4751507
17210,Dalby_Wet,527.2843165,533.4336702,554.870662,537.5399655
17210,Emerald_Dry,105.309424,114.7164142,98.91296807,98.00277373
17210,Emerald_Wet,539.0293922,539.514995,537.628518,569.1412135
17211,Dalby_Dry,135.2673328,130.0755855,138.4355278,90.64695053
17211,Dalby_Wet,494.9850722,490.6635483,501.8031026,513.4469483
17211,Emerald_Dry,106.4018253,112.8750456,117.984604,75.7136792
17211,Emerald_Wet,521.90903,512.5876649,534.0714059,545.4157087
17212,Dalby_Dry,135.0408163,138.5088065,147.2202368,134.6790537
17212,Dalby_Wet,508.0125646,505.6450073,509.6249325,521.6738013
17212,Emerald_Dry,103.7651617,110.0123927,103.2455835,143.3985953
17212,Emerald_Wet,523.8622971,526.793353,537.4276446,543.2805628
17213,Dalby_Dry,156.3354743,152.1053189,147.7544076,122.9357575
17213,Dalby_Wet,516.7490717,516.611238,529.4097139,487.9071984
17213,Emerald_Dry,104.8381531,104.6008212,96.44218167,108.819121
17213,Emerald_Wet,523.1436508,531.8057642,511.7261055,506.5761587
17214,Dalby_Dry,245.604815,238.7983455,255.914522,257.6471915
17214,Dalby_Wet,531.7103245,528.5258271,525.7981877,506.0454035
17214,Emerald_Dry,177.8510419,169.8212928,197.8868059,174.4763725
17214,Emerald_Wet,517.7950889,532.166978,501.6354429,491.7165551
17215,Dalby_Dry,275.6678151,270.5443825,258.5711797,263.7131893
17215,Dalby_Wet,490.2564,500.8485424,478.8182687,486.4915906
17215,Emerald_Dry,225.5817538,227.9742619,200.5590271,234.4900461
17215,Emerald_Wet,455.5075135,460.1270013,447.9438127,440.5290007
17216,Dalby_Dry,161.5324053,159.9013964,148.7562139,161.5055627
17216,Dalby_Wet,528.7319542,519.5392636,508.0652707,562.3382275
17216,Emerald_Dry,102.1769019,105.494423,90.09184596,104.9824172
17216,Emerald_Wet,543.250895,547.9522757,531.8478479,531.1570539
17217,Dalby_Dry,212.6076697,220.9012034,219.9978037,218.09587
17217,Dalby_Wet,536.0971521,531.0435997,535.4683873,557.8956673
17217,Emerald_Dry,135.5909953,137.0843576,142.786016,132.7701174
17217,Emerald_Wet,548.0884771,549.394883,546.1909128,518.3118048
17218,Dalby_Dry,191.3506086,187.3433733,171.5927468,207.5725083
17218,Dalby_Wet,533.7980348,527.1666286,544.3750724,551.349446
17218,Emerald_Dry,111.0200577,107.4157923,107.5824284,100.0186637
17218,Emerald_Wet,552.4691912,546.8921841,543.9534372,557.8004828
17219,Dalby_Dry,155.9158492,149.9084153,163.6265923,143.2459783
17219,Dalby_Wet,501.8055151,507.0855576,491.1595096,522.9694684
17219,Emerald_Dry,102.0746973,91.10996222,109.5234109,104.9396071
17219,Emerald_Wet,514.2219258,512.5746831,507.9324265,510.0866686
17220,Dalby_Dry,180.6219247,176.1984257,201.773981,184.3237262
17220,Dalby_Wet,521.3257822,544.1070093,504.5087736,485.1522827
17220,Emerald_Dry,109.1590126,104.636599,118.5244427,116.4452304
17220,Emerald_Wet,551.8985536,547.2468509,551.7374127,562.8953847
17221,Dalby_Dry,162.1514864,152.367838,144.687128,148.4808223
17221,Dalby_Wet,517.8049369,519.3377009,517.3045103,502.4317568
17221,Emerald_Dry,102.0652136,109.8073927,111.9407158,86.40547088
17221,Emerald_Wet,543.9687763,546.184097,562.8500923,535.0634012
17222,Dalby_Dry,200.0437087,208.8352081,232.602148,189.9321018
17222,Dalby_Wet,524.0922213,515.3506928,504.0615148,498.9867031
17222,Emerald_Dry,120.3784051,132.3059654,104.8382762,119.9718489
17222,Emerald_Wet,543.4136426,546.2311051,537.2400788,516.2071947
17223,Dalby_Dry,135.9687271,137.5593842,139.7445792,109.8672818
17223,Dalby_Wet,490.6544756,490.710542,499.9581516,493.9719873
17223,Emerald_Dry,103.7511371,115.5046112,109.0225006,107.6203429
17223,Emerald_Wet,515.9036622,509.6721322,531.5784828,488.0553765
17224,Dalby_Dry,232.0230233,230.1656073,254.156554,248.3108262
17224,Dalby_Wet,536.0691241,549.5104083,524.182622,532.2791281
17224,Emerald_Dry,161.1577539,172.9668954,170.361309,160.0074825
17224,Emerald_Wet,514.6947042,518.7980985,518.1413589,559.011525
17225,Dalby_Dry,226.8422344,222.6340002,238.3233185,207.3968881
17225,Dalby_Wet,529.4683712,536.5894576,528.8783714,508.6758733
17225,Emerald_Dry,155.002717,135.9172156,166.7130912,132.0898273
17225,Emerald_Wet,523.6238872,514.5407129,521.4111471,510.6037613
17226,Dalby_Dry,181.091819,167.600486,162.6120541,197.8813424
17226,Dalby_Wet,521.2239994,515.4197002,505.5734655,536.5450844
17226,Emerald_Dry,109.0984718,100.9038838,130.0227156,134.1627698
17226,Emerald_Wet,551.3304539,548.9857956,581.9551615,540.047061
17227,Dalby_Dry,165.5941299,162.505428,155.7133965,176.7782574
17227,Dalby_Wet,527.2998951,535.586505,523.2391239,506.5205845
17227,Emerald_Dry,101.7542924,106.3430787,104.4152003,59.88587363
17227,Emerald_Wet,545.5103649,544.4875717,537.0876847,512.7426515
17228,Dalby_Dry,161.17392,154.9045582,166.7983558,138.5190481
17228,Dalby_Wet,516.5733221,521.9590075,504.8569562,511.3287695
17228,Emerald_Dry,102.1971595,95.67225666,96.57768722,112.4629235
17228,Emerald_Wet,545.5158848,542.0828771,529.2074144,534.9206775
17229,Dalby_Dry,161.1355833,159.310839,150.5942734,224.0879596
17229,Dalby_Wet,517.1915399,515.9919418,519.1211076,515.6874487
17229,Emerald_Dry,102.732044,88.8231703,128.8185064,119.9875359
17229,Emerald_Wet,546.2754509,538.6448497,553.4125527,526.9294624
17230,Dalby_Dry,227.4667324,233.722733,239.0909521,227.7221771
17230,Dalby_Wet,530.2155012,530.2446467,545.4810366,538.6138415
17230,Emerald_Dry,158.8565495,156.2371392,178.9104564,174.229608
17230,Emerald_Wet,525.2160404,524.3043101,533.9637246,502.2032603
17231,Dalby_Dry,259.268875,251.9575948,261.601582,261.61012
17231,Dalby_Wet,540.552698,540.2798617,538.4114846,514.7314157
17231,Emerald_Dry,192.9250228,196.4841781,188.136833,184.078965
17231,Emerald_Wet,521.9014642,525.7226653,522.4198005,503.0334769
17232,Dalby_Dry,154.9633102,155.2583748,156.7205889,140.6410678
17232,Dalby_Wet,524.8255143,524.3704145,523.8104749,505.6124971
17232,Emerald_Dry,100.9407328,92.78728176,101.2988155,97.54476291
17232,Emerald_Wet,534.2810332,532.5392578,550.0406246,528.2937729
17233,Dalby_Dry,179.1780123,166.2748794,204.5169198,166.0551261
17233,Dalby_Wet,531.7479819,522.2811343,553.0455646,538.8135996
17233,Emerald_Dry,104.1426685,97.86790218,94.56648537,106.087335
17233,Emerald_Wet,555.4924492,549.7397981,535.9081035,560.395351
17234,Dalby_Dry,224.8352667,227.1606485,241.820697,230.2158046
17234,Dalby_Wet,536.0451634,537.4589996,524.2905861,555.5706101
17234,Emerald_Dry,151.9453826,137.2506539,164.9082114,151.2484633
17234,Emerald_Wet,538.7644045,534.412336,546.2516223,547.6638478
17235,Dalby_Dry,179.5486049,183.6818073,176.6687203,190.2882385
17235,Dalby_Wet,521.1267736,523.1792502,546.6374588,524.8952559
17235,Emerald_Dry,105.0670245,106.0673622,99.20366206,114.5159781
17235,Emerald_Wet,548.5135155,541.0111334,553.7876817,529.2519694
17236,Dalby_Dry,253.0248966,253.5230492,274.8790478,244.4687636
17236,Dalby_Wet,529.4309997,529.5668145,517.3145105,555.6150782
17236,Emerald_Dry,186.6609439,185.0591656,176.3066633,181.1521422
17236,Emerald_Wet,500.6489168,509.515992,492.4130731,483.7300641
17237,Dalby_Dry,160.8720883,162.4788986,141.5176867,150.8038895
17237,Dalby_Wet,516.1298646,514.03621,506.3320683,509.7698693
17237,Emerald_Dry,102.9351415,104.6726441,116.3228521,103.6881629
17237,Emerald_Wet,547.5700034,538.156683,541.2583102,523.9840231
17238,Dalby_Dry,160.7162886,154.3972551,154.2515099,197.6221412
17238,Dalby_Wet,517.9807761,506.4617547,527.2779577,490.9300059
17238,Emerald_Dry,99.31846382,100.8604374,103.2369737,139.6841393
17238,Emerald_Wet,550.722594,551.5252356,546.7634788,542.7796409
17239,Dalby_Dry,212.7028595,220.992953,204.9592604,218.4038065
17239,Dalby_Wet,542.4185041,543.5873618,517.1570217,556.7959922
17239,Emerald_Dry,134.3361847,137.9408675,153.6024002,151.6584085
17239,Emerald_Wet,555.0359252,559.8135947,544.784747,542.8603509
17240,Dalby_Dry,245.1173697,255.4109303,269.2568971,259.9423896
17240,Dalby_Wet,529.3134913,530.7938295,532.6754645,539.804712
17240,Emerald_Dry,169.2508765,170.1174841,182.9395082,179.5237253
17240,Emerald_Wet,509.3144753,527.6798172,504.9257555,554.8700183
17241,Dalby_Dry,224.2502781,219.4883508,238.4903981,218.303143
17241,Dalby_Wet,538.3480771,542.1846597,551.625986,576.5634337
17241,Emerald_Dry,143.7223979,137.2176297,143.5326832,136.5678905
17241,Emerald_Wet,546.0200722,540.7857269,540.763264,574.4360424
17242,Dalby_Dry,197.7144136,203.979752,166.8645241,202.3256963
17242,Dalby_Wet,539.0066402,542.1194283,531.7363831,534.3572102
17242,Emerald_Dry,113.2459578,112.1520035,137.0929494,134.247657
17242,Emerald_Wet,564.7997217,555.2578031,551.577304,558.4832406
17243,Dalby_Dry,237.3855243,245.5834917,247.4257178,249.3082144
17243,Dalby_Wet,516.9862245,520.6937928,520.0521177,537.9535973
17243,Emerald_Dry,167.4525966,168.9186593,160.3852231,170.5085667
17243,Emerald_Wet,510.89047,517.8548841,528.3672666,483.2858701
17244,Dalby_Dry,245.5458922,251.3712041,239.6056151,238.5456128
17244,Dalby_Wet,540.6827529,526.6714432,534.3473067,530.3088256
17244,Emerald_Dry,175.2685035,168.8226254,182.9046986,187.9078355
17244,Emerald_Wet,523.8990572,527.5992675,504.9098106,575.4340733
17245,Dalby_Dry,172.660664,175.7070998,143.7793018,170.3396888
17245,Dalby_Wet,525.8079512,521.8695088,522.5864474,515.612168
17245,Emerald_Dry,103.2481211,119.1005365,110.5014645,117.2909114
17245,Emerald_Wet,543.7282631,539.0252384,549.5748755,557.8190217
17246,Dalby_Dry,163.9118741,169.2061236,183.5724665,157.4874204
17246,Dalby_Wet,520.6291328,516.3266472,515.4755129,506.6345898
17246,Emerald_Dry,108.8693754,113.8813783,113.9639171,103.4399307
17246,Emerald_Wet,521.7964382,522.6985652,536.3625564,513.7840007
17247,Dalby_Dry,154.5310184,156.7540764,135.4894319,171.4025741
17247,Dalby_Wet,508.959076,512.4692764,507.0441231,483.6419159
17247,Emerald_Dry,101.95146,105.7753732,99.53060751,121.8460544
17247,Emerald_Wet,534.5451757,530.9260861,549.2425933,547.2298349
17248,Dalby_Dry,191.304016,184.1308996,198.9214857,220.3217302
17248,Dalby_Wet,529.9933575,526.6779237,527.4483411,513.9082488
17248,Emerald_Dry,110.8303065,108.7480664,119.6427033,105.4105371
17248,Emerald_Wet,553.204264,557.6777388,578.0843003,523.5245921
17249,Dalby_Dry,199.8081303,193.5698305,198.7725379,220.2174597
17249,Dalby_Wet,524.1871002,526.5809651,537.5778714,535.5250903
17249,Emerald_Dry,124.9401105,126.5560376,115.9623661,134.7695975
17249,Emerald_Wet,539.5936977,545.4084124,545.8056946,542.0472537
17250,Dalby_Dry,261.1040323,262.7757812,243.0829923,286.9801152
17250,Dalby_Wet,512.6223244,511.5147644,494.4496135,524.8550849
17250,Emerald_Dry,195.0943635,182.7317198,202.1043651,237.6836874
17250,Emerald_Wet,488.8772314,487.5009473,474.7970123,495.0667427
17251,Dalby_Dry,199.4100045,193.1228988,215.1016157,180.9359167
17251,Dalby_Wet,525.0484882,535.2534021,513.4684117,502.547219
17251,Emerald_Dry,119.0199545,119.1062903,130.8775423,116.2418356
17251,Emerald_Wet,560.290184,569.1951144,564.5005092,570.5632033
17252,Dalby_Dry,197.6301232,185.5508991,184.7900598,241.1631366
17252,Dalby_Wet,546.7396111,543.0415975,558.5770973,559.0115871
17252,Emerald_Dry,119.4431907,123.7127423,127.9212108,130.8775278
17252,Emerald_Wet,559.0667412,554.6256993,559.3143365,573.5699867
17253,Dalby_Dry,269.4840652,258.0463887,281.1080985,285.8803579
17253,Dalby_Wet,502.917045,504.7136794,488.2051907,522.8721632
17253,Emerald_Dry,211.6215455,222.6780982,218.4525494,205.2602289
17253,Emerald_Wet,466.6064513,459.4733135,448.1459563,456.1992952
17254,Dalby_Dry,192.3459079,196.495566,206.3253995,209.2843976
17254,Dalby_Wet,531.1878643,531.2066121,518.1755503,554.2729959
17254,Emerald_Dry,115.6001901,120.5230171,128.2901615,141.0067003
17254,Emerald_Wet,553.8948763,551.7608503,543.7597945,554.6184846
17255,Dalby_Dry,165.1140697,165.8479705,168.5906534,166.3362008
17255,Dalby_Wet,526.7487996,525.9254041,538.910782,520.947438
17255,Emerald_Dry,101.1484791,88.7002264,82.00251314,92.65905886
17255,Emerald_Wet,541.7327375,542.8358437,539.724503,546.1101637
17256,Dalby_Dry,199.9093252,196.0568227,191.3051934,173.9583186
17256,Dalby_Wet,536.7678206,541.5308426,546.917894,560.7768307
17256,Emerald_Dry,124.9489638,123.4302398,132.4632944,119.0626974
17256,Emerald_Wet,535.5198117,537.0521069,534.4920401,520.4039739
17257,Dalby_Dry,223.925733,218.9745976,198.5191262,188.0108347
17257,Dalby_Wet,541.4703775,530.8558715,539.8437347,554.4478843
17257,Emerald_Dry,141.815356,136.8382752,130.1897908,133.0886962
17257,Emerald_Wet,557.1153546,554.6454485,558.40344,560.109757
17258,Dalby_Dry,197.4954347,187.2306085,187.3904738,217.3270487
17258,Dalby_Wet,542.7945307,540.1681864,543.2044793,566.0469387
17258,Emerald_Dry,112.9897096,107.4449463,102.671586,136.9477461
17258,Emerald_Wet,570.0143552,577.6159042,559.6036068,572.0834556
17259,Dalby_Dry,161.0107833,157.1675641,141.6598899,157.4608312
17259,Dalby_Wet,516.2581345,514.3295367,533.4861639,519.3364199
17259,Emerald_Dry,102.9892905,102.4964464,84.81599685,107.6144012
17259,Emerald_Wet,547.8324499,547.5914522,572.8054647,558.9054939
17260,Dalby_Dry,215.2471945,210.5537192,206.0125949,195.0257257
17260,Dalby_Wet,534.8465312,538.046355,523.0732157,513.3613512
17260,Emerald_Dry,145.1363359,141.7468494,146.4439269,146.7011456
17260,Emerald_Wet,535.5017779,529.0852802,526.3432061,529.127919
17261,Dalby_Dry,242.6954582,252.3094174,214.0592028,276.4410409
17261,Dalby_Wet,527.0255148,513.4780338,570.3952183,541.7731109
17261,Emerald_Dry,173.2918144,194.8907735,163.040172,138.9418234
17261,Emerald_Wet,509.5091979,524.4711218,534.992177,486.2110871
17262,Dalby_Dry,161.8714754,164.5150568,158.5036381,122.7244736
17262,Dalby_Wet,531.2710813,537.3227925,502.5205608,573.6265097
17262,Emerald_Dry,103.3462566,125.6507757,131.5304877,109.9095391
17262,Emerald_Wet,547.5687424,551.6532343,557.9171967,523.0084505
17263,Dalby_Dry,251.5642252,242.3832319,268.258241,188.4329462
17263,Dalby_Wet,537.7996121,517.7245881,540.6565421,473.488073
17263,Emerald_Dry,172.7242975,151.736039,150.5352738,174.7485844
17263,Emerald_Wet,510.7384419,539.4874709,527.568695,617.3731055
17264,Dalby_Dry,192.2579055,193.7653664,240.9008115,87.65138075
17264,Dalby_Wet,531.1695493,548.8259187,505.3855637,490.4587246
17264,Emerald_Dry,111.0215549,118.4207236,116.8411218,151.2379432
17264,Emerald_Wet,553.3704346,573.5144203,592.5283957,595.2780096
17265,Dalby_Dry,178.5237514,175.4753599,129.2792072,210.9520585
17265,Dalby_Wet,532.3734986,522.3650732,502.4321765,530.0800932
17265,Emerald_Dry,105.5077231,101.4270307,42.30300842,143.0293833
17265,Emerald_Wet,561.6099335,537.0999865,558.6306588,566.2989417
17266,Dalby_Dry,212.6546604,211.8207257,185.8592932,210.8397235
17266,Dalby_Wet,541.9696133,546.2695673,533.4125333,523.4452334
17266,Emerald_Dry,135.8204471,123.403976,181.9799086,76.01763603
17266,Emerald_Wet,548.4966954,562.4226755,547.2856057,537.5119764
17267,Dalby_Dry,214.871618,189.5679325,205.4849663,293.6771245
17267,Dalby_Wet,539.7549811,511.8587213,533.5442932,528.7478429
17267,Emerald_Dry,139.0271033,136.8687806,159.7679404,152.3394431
17267,Emerald_Wet,543.3679798,548.0303868,496.4684665,542.4647788
17268,Dalby_Dry,235.0712981,229.7287342,183.0843489,273.9004175
17268,Dalby_Wet,528.1236683,490.9270228,541.7491971,595.4345865
17268,Emerald_Dry,159.5268154,153.5832004,168.3780595,174.0437459
17268,Emerald_Wet,516.9308453,515.612599,512.5242377,608.1871818
17269,Dalby_Dry,200.1167878,184.2240314,210.5264348,139.41589
17269,Dalby_Wet,524.1731068,515.0199901,515.6509732,517.7914396
17269,Emerald_Dry,119.9557163,117.4107529,105.5939048,90.6237908
17269,Emerald_Wet,541.1274094,548.600112,547.0814971,597.5809562
17270,Dalby_Dry,154.224651,162.5983535,179.9917367,168.8611063
17270,Dalby_Wet,507.0546702,529.9327305,517.3776913,534.8755767
17270,Emerald_Dry,102.5274705,112.1275479,74.24757749,52.58626718
17270,Emerald_Wet,516.3112209,528.4094092,561.374942,548.8605739
17271,Dalby_Dry,197.8598102,215.8446328,162.7360654,146.8047911
17271,Dalby_Wet,539.8214969,538.3618246,551.4953583,563.7266416
17271,Emerald_Dry,114.0730028,90.77637811,156.3277228,137.0325
17271,Emerald_Wet,564.9452518,561.6771695,551.3639251,559.5768024
17272,Dalby_Dry,216.3219344,202.1672976,225.2254071,267.9544372
17272,Dalby_Wet,541.8415914,564.9187816,567.5277675,546.1538463
17272,Emerald_Dry,141.6011098,146.3219218,165.6214354,175.2196361
17272,Emerald_Wet,558.3345792,556.5224623,620.9640207,516.317712
17273,Dalby_Dry,236.7916341,248.0562891,294.8288895,241.2205645
17273,Dalby_Wet,527.34052,520.7157298,505.4572728,537.2279359
17273,Emerald_Dry,173.4518959,169.3187783,166.2076765,157.5796156
17273,Emerald_Wet,496.1109547,515.4806701,491.247447,527.8600425
17274,Dalby_Dry,212.4122794,207.7862183,257.5192299,199.6671172
17274,Dalby_Wet,541.8458672,529.6158256,563.0623013,544.0208725
17274,Emerald_Dry,137.2673272,113.0031883,174.427831,119.5939999
17274,Emerald_Wet,551.1937176,555.7063689,536.3052566,567.2925576
17275,Dalby_Dry,161.8384042,154.6750145,205.713894,247.0618946
17275,Dalby_Wet,514.0921367,493.0954094,481.7106026,602.907213
17275,Emerald_Dry,102.2578912,107.364834,145.4123285,90.58005554
17275,Emerald_Wet,539.821176,548.1064064,564.4644485,542.8138999
17276,Dalby_Dry,190.9221369,195.610737,213.0974175,137.6235496
17276,Dalby_Wet,525.7338543,503.2989984,521.5851106,519.7647384
17276,Emerald_Dry,109.921139,131.741721,124.9893908,32.7429154
17276,Emerald_Wet,571.0948473,584.9348247,554.5427294,599.9301007
17277,Dalby_Dry,154.863332,169.346537,187.4200362,155.9880793
17277,Dalby_Wet,523.4757334,518.001086,492.5335342,515.1399864
17277,Emerald_Dry,98.47416029,60.35445612,75.00524194,123.3431934
17277,Emerald_Wet,529.9724355,522.7513429,489.7208501,498.5235816
17278,Dalby_Dry,173.0100442,186.4986032,194.4077119,223.5713071
17278,Dalby_Wet,528.6686039,539.5451473,498.1211227,507.71981
17278,Emerald_Dry,108.4356494,105.3269412,113.4578413,128.1211278
17278,Emerald_Wet,540.4974053,506.0058074,516.4433706,489.784812
17279,Dalby_Dry,160.7398484,164.7505453,219.6897105,216.9871018
17279,Dalby_Wet,518.0613963,470.0039116,550.3520669,436.6047108
17279,Emerald_Dry,101.3809092,111.152616,117.7852055,204.9230772
17279,Emerald_Wet,551.7034706,555.2132126,514.0244963,532.6594059
17280,Dalby_Dry,161.8202986,144.9828913,161.836525,165.2676917
17280,Dalby_Wet,520.975604,521.6638575,484.2214126,546.9514858
17280,Emerald_Dry,104.1935426,81.95801385,91.33047288,154.3934951
17280,Emerald_Wet,524.9992794,534.4070467,532.4857176,483.7335775
17281,Dalby_Dry,192.2927285,211.3476213,168.0999043,191.7878801
17281,Dalby_Wet,520.0457287,519.2911645,563.4328718,510.5677777
17281,Emerald_Dry,114.3314054,134.4498626,104.1143976,128.7321192
17281,Emerald_Wet,561.35838,574.02484,579.1795295,572.0721715
17282,Dalby_Dry,215.5235227,210.6853578,185.6522984,254.8500618
17282,Dalby_Wet,538.2401248,568.2011846,506.5255226,527.6023512
17282,Emerald_Dry,139.6639027,133.8025943,132.9859466,159.4358067
17282,Emerald_Wet,547.6231628,534.948283,572.2326749,625.0958311
17283,Dalby_Dry,154.224651,178.7807512,152.1717743,151.2944447
17283,Dalby_Wet,507.0546702,496.2141566,491.9838554,489.9618316
17283,Emerald_Dry,102.5274705,99.48099978,82.72153109,143.5128518
17283,Emerald_Wet,516.3112209,528.1909702,581.4719858,504.3066885
17284,Dalby_Dry,143.5617662,135.1492154,154.2065843,177.3413109
17284,Dalby_Wet,506.6443027,497.6461652,535.6243158,432.0679751
17284,Emerald_Dry,99.62063271,112.9409124,75.5258371,0
17284,Emerald_Wet,517.5990599,531.1511977,531.1431802,517.9414861
17285,Dalby_Dry,218.2975206,219.6637497,232.0312412,214.3127192
17285,Dalby_Wet,536.7988711,553.2820279,534.8602238,543.9459335
17285,Emerald_Dry,148.4277643,144.7119344,146.0414833,86.29260693
17285,Emerald_Wet,538.8888556,557.204546,556.7863924,504.8856342
17286,Dalby_Dry,178.3767723,173.9228382,225.3457036,184.148362
17286,Dalby_Wet,534.7029524,531.5670868,537.2777649,527.2373784
17286,Emerald_Dry,101.919453,108.0793585,133.8161922,156.5499322
17286,Emerald_Wet,564.1881278,570.2130829,476.457218,518.4518989
17287,Dalby_Dry,165.5416011,172.32286,136.2103812,226.0394294
17287,Dalby_Wet,531.8230989,541.2445463,535.4308986,473.6093472
17287,Emerald_Dry,104.4698335,96.51901692,91.05305166,124.0293131
17287,Emerald_Wet,546.4113057,559.5708017,501.3182798,502.7944354
17288,Dalby_Dry,170.426791,178.3582789,187.1152842,198.4214017
17288,Dalby_Wet,520.6466689,503.4205798,513.1387239,557.7005015
17288,Emerald_Dry,102.9015118,102.2279287,60.59370266,158.8759485
17288,Emerald_Wet,560.5282336,558.1692378,560.0951261,533.6920412
17289,Dalby_Dry,261.5031389,266.6387911,257.2315833,263.6052512
17289,Dalby_Wet,515.4757438,532.7388095,519.601441,561.4485587
17289,Emerald_Dry,193.9816099,192.9828757,230.5317206,214.3078101
17289,Emerald_Wet,480.6225786,481.2328889,466.12641,390.6182596
17290,Dalby_Dry,179.4477668,185.2010024,207.1807242,206.7354054
17290,Dalby_Wet,520.9254237,516.5403021,518.9903846,534.0714869
17290,Emerald_Dry,105.1393751,123.9246669,127.0825838,135.2841378
17290,Emerald_Wet,535.1711588,553.3073012,574.2791121,558.5631249
17291,Dalby_Dry,231.8386568,222.7290743,273.7103758,195.1865784
17291,Dalby_Wet,539.1909645,536.2645955,544.9938072,564.4386307
17291,Emerald_Dry,159.2411063,170.9811271,154.2263999,190.9100746
17291,Emerald_Wet,527.3829459,546.82553,539.3827695,528.0628604
17292,Dalby_Dry,193.046743,172.0180536,187.6522018,141.3260415
17292,Dalby_Wet,531.3751905,521.8878211,515.1621227,517.3836377
17292,Emerald_Dry,117.030629,139.4638349,138.3916816,105.7434958
17292,Emerald_Wet,548.0167367,576.4262605,532.5487704,547.945291
17293,Dalby_Dry,215.3725588,185.8283463,216.6310697,195.0571796
17293,Dalby_Wet,538.9636643,529.77613,527.1717717,573.82961
17293,Emerald_Dry,145.5714186,150.62572,124.5431749,135.0640139
17293,Emerald_Wet,539.9719947,535.1893882,542.2723112,500.5696711
17294,Dalby_Dry,160.6286309,168.9148342,129.8523688,167.5578328
17294,Dalby_Wet,517.5695645,499.959723,489.1741287,527.7029048
17294,Emerald_Dry,99.35791794,98.57124931,91.74195691,101.455116
17294,Emerald_Wet,545.5478995,551.8545839,509.8084441,577.6249158
17295,Dalby_Dry,261.2552449,240.4305302,264.3043976,292.7658487
17295,Dalby_Wet,517.4058041,515.5280511,475.4927884,561.6792901
17295,Emerald_Dry,191.9992729,200.4267824,202.1365483,90.4545182
17295,Emerald_Wet,484.0793354,475.7691925,463.6021329,474.166159
17296,Dalby_Dry,261.4255613,264.0547948,248.5502766,313.0631026
17296,Dalby_Wet,526.8325413,506.529674,559.9074284,613.4329708
17296,Emerald_Dry,193.9342966,180.8074996,206.8171782,171.8887896
17296,Emerald_Wet,490.6074508,512.0846889,471.7233871,508.7986493
17297,Dalby_Dry,166.3847882,169.0800695,117.8318306,126.368357
17297,Dalby_Wet,515.5838834,491.0128643,550.5340082,508.9356708
17297,Emerald_Dry,103.857819,83.69765817,95.85770377,105.3497961
17297,Emerald_Wet,543.7762665,573.3688936,531.9973264,539.8699601
17298,Dalby_Dry,178.5902563,167.4624253,166.8174267,145.1030021
17298,Dalby_Wet,520.9026578,515.8125653,565.4407965,600.1888419
17298,Emerald_Dry,104.3674502,118.4091427,167.6266136,69.83123582
17298,Emerald_Wet,564.4606739,571.9202708,561.7070193,665.0063076
17299,Dalby_Dry,165.4164927,173.8424815,141.4465099,140.7794448
17299,Dalby_Wet,531.5505759,523.7185916,500.9780386,544.0301823
17299,Emerald_Dry,103.070546,109.3958269,140.0155543,130.0849622
17299,Emerald_Wet,546.3996357,529.4552214,561.9597693,613.5037338
17300,Dalby_Dry,193.1937584,185.7920998,141.580216,165.070575
17300,Dalby_Wet,527.7718888,531.8608914,492.4489915,534.4144386
17300,Emerald_Dry,115.4253093,107.6119142,71.20547009,113.4011506
17300,Emerald_Wet,552.1158268,564.8249078,575.7364237,522.3367661
17301,Dalby_Dry,199.3505568,189.6832545,209.8257267,219.6674004
17301,Dalby_Wet,536.6361755,525.2555122,524.1078008,577.9148841
17301,Emerald_Dry,122.5044907,107.8243252,139.4940378,94.58490944
17301,Emerald_Wet,557.9578646,542.6997021,517.5554336,630.7019923
17302,Dalby_Dry,132.5241447,140.051855,91.75832098,122.868471
17302,Dalby_Wet,499.3352496,480.9444624,513.07148,468.1020502
17302,Emerald_Dry,105.6340855,106.3417641,136.4708566,81.04932509
17302,Emerald_Wet,524.677466,505.9166943,530.3549976,569.0698827
17303,Dalby_Dry,172.9253055,175.5442306,129.5219523,191.2787435
17303,Dalby_Wet,527.4917197,548.9803494,551.5182818,548.1801124
17303,Emerald_Dry,108.7429607,108.0150252,119.3278563,112.6220659
17303,Emerald_Wet,540.7913726,549.828852,549.6203131,512.2595181
17304,Dalby_Dry,194.6289646,178.4490002,189.9026208,178.4993403
17304,Dalby_Wet,516.0171886,535.4925544,511.3456076,483.2996432
17304,Emerald_Dry,124.3756765,127.6077711,94.26983507,153.4490425
17304,Emerald_Wet,517.5928493,538.2064017,523.9404958,448.3355426
17305,Dalby_Dry,227.6489115,208.264754,210.4870138,253.169658
17305,Dalby_Wet,544.5122642,572.5831768,541.0208821,544.6416451
17305,Emerald_Dry,152.5801782,184.6977841,155.8917678,102.5909609
17305,Emerald_Wet,550.4493006,541.0867929,505.1772771,571.8694323
17306,Dalby_Dry,172.21358,171.1176694,131.0515072,207.0811577
17306,Dalby_Wet,529.3614591,509.6515139,543.4832992,485.0556717
17306,Emerald_Dry,106.0604936,87.26897079,126.7364729,39.77698476
17306,Emerald_Wet,541.6671067,568.3884167,463.2576003,585.9201203
17307,Dalby_Dry,180.8348996,171.5082104,167.3279846,237.9998991
17307,Dalby_Wet,515.3687159,522.4123215,522.2136668,515.1273627
17307,Emerald_Dry,112.936557,105.6157248,123.8867821,147.6787738
17307,Emerald_Wet,528.7521057,542.8954643,537.021933,585.5512895
17308,Dalby_Dry,156.7304571,146.9512854,113.75769,170.3136385
17308,Dalby_Wet,502.4562978,496.3921288,521.1673008,514.3241706
17308,Emerald_Dry,108.2253689,116.3399272,68.97487265,122.5108071
17308,Emerald_Wet,511.9621587,516.0577809,466.205092,458.6355981
17309,Dalby_Dry,268.0070381,259.5494621,265.708891,321.5396951
17309,Dalby_Wet,508.7112612,501.7676809,512.8224859,539.0326539
17309,Emerald_Dry,208.2937492,185.7273833,191.8088771,191.3127061
17309,Emerald_Wet,477.9701369,467.116268,460.4189666,453.4931044
17310,Dalby_Dry,129.2610407,133.5520309,105.7490607,59.9498125
17310,Dalby_Wet,497.5720861,478.3811082,530.2736318,541.6952913
17310,Emerald_Dry,105.0503433,97.53322907,58.10122177,108.1235239
17310,Emerald_Wet,524.1826921,509.1945053,525.1985481,483.2827181
17311,Dalby_Dry,205.6899435,213.293533,157.5945569,250.4171037
17311,Dalby_Wet,544.8620038,522.538206,508.0793757,574.9736576
17311,Emerald_Dry,124.715174,111.4837772,134.1151933,146.6609605
17311,Emerald_Wet,558.4415071,551.7045401,554.2748309,553.7139392
17312,Dalby_Dry,154.2525701,170.1639886,115.027456,131.6634803
17312,Dalby_Wet,505.3776812,486.980428,514.7096421,547.1106553
17312,Emerald_Dry,101.9869155,121.0553946,87.31638082,123.8742236
17312,Emerald_Wet,515.8492972,484.4107907,568.9455332,552.7499793
17313,Dalby_Dry,217.5194726,226.9884574,237.8451202,202.6362711
17313,Dalby_Wet,536.6104542,553.4023431,539.320102,529.1667162
17313,Emerald_Dry,147.9712843,143.5555953,155.4313272,142.9367288
17313,Emerald_Wet,523.4564518,523.7247057,506.4929694,540.425279
17314,Dalby_Dry,129.1690358,117.8264333,162.0376378,121.7940345
17314,Dalby_Wet,503.4103306,477.8654241,531.4426325,483.720922
17314,Emerald_Dry,105.8640504,107.3541472,66.63355398,6.103230875
17314,Emerald_Wet,505.4248447,509.9082279,523.5218171,533.6747753
17315,Dalby_Dry,205.6989629,208.9792233,173.7648215,215.9787135
17315,Dalby_Wet,544.1692155,564.937173,546.9408664,580.8985812
17315,Emerald_Dry,124.7239977,109.0377056,95.35748386,135.3524193
17315,Emerald_Wet,571.7993026,571.7859106,581.7021509,646.9937519
17316,Dalby_Dry,186.3792689,171.2450454,200.9019753,147.1466221
17316,Dalby_Wet,531.9968728,528.57387,518.0163258,561.1737723
17316,Emerald_Dry,116.0738103,108.3395045,67.88040436,149.8104795
17316,Emerald_Wet,549.7001306,568.6972108,519.0536217,576.3132075
17317,Dalby_Dry,165.0106602,154.4052697,172.8225531,113.2473668
17317,Dalby_Wet,529.4613998,532.2747406,504.136308,519.1084303
17317,Emerald_Dry,103.324786,93.02830639,71.24652692,109.4992521
17317,Emerald_Wet,547.1670221,542.0979184,569.1807089,407.6574965
17318,Dalby_Dry,156.4002764,164.4933318,147.972706,153.6489405
17318,Dalby_Wet,499.1404804,513.4081873,509.3410568,470.4501217
17318,Emerald_Dry,103.2987129,80.28185696,116.2824554,29.87310795
17318,Emerald_Wet,526.0528596,526.2235681,524.6307974,461.343273
17319,Dalby_Dry,172.9248803,143.7463535,188.6484207,211.0487225
17319,Dalby_Wet,526.1739097,528.4187941,563.8501373,567.2525743
17319,Emerald_Dry,108.7700381,110.2130942,134.517635,124.850264
17319,Emerald_Wet,533.88514,534.348628,530.8199707,547.2912756
17320,Dalby_Dry,155.1194593,139.8055749,162.8144026,209.8591601
17320,Dalby_Wet,517.6071909,507.555776,553.4123593,497.1014679
17320,Emerald_Dry,101.183817,109.874432,89.14255907,68.34945116
17320,Emerald_Wet,546.5194081,557.5093905,533.8616734,533.266051
17321,Dalby_Dry,138.0948584,122.0480485,156.9022661,146.4977961
17321,Dalby_Wet,508.8068494,505.5534409,533.2338755,466.9280091
17321,Emerald_Dry,103.8206308,87.74442244,80.55805792,132.8305666
17321,Emerald_Wet,522.6191489,554.5496192,561.7465084,503.5635823
17322,Dalby_Dry,185.8180701,198.0060454,213.1527634,147.4063717
17322,Dalby_Wet,533.5929589,533.362686,529.2567727,616.5886075
17322,Emerald_Dry,112.4744519,115.5183507,90.88311288,135.9745594
17322,Emerald_Wet,551.5282187,558.6995768,477.8484796,598.7404274
17323,Dalby_Dry,215.1855504,233.027861,212.7473123,134.879574
17323,Dalby_Wet,536.3726309,525.5204736,504.8929653,527.8055032
17323,Emerald_Dry,144.5467325,156.482093,153.8743891,146.628084
17323,Emerald_Wet,537.0220348,535.1741464,564.4168807,538.2105405
17324,Dalby_Dry,232.1408863,226.7880554,207.6301349,251.0024755
17324,Dalby_Wet,531.8568829,541.1976507,509.4815823,532.8251261
17324,Emerald_Dry,159.3904032,153.322379,153.9030628,139.7372833
17324,Emerald_Wet,520.7456679,512.6986845,523.6880422,486.8219656
17325,Dalby_Dry,173.3761032,161.0787518,163.1709891,247.925801
17325,Dalby_Wet,525.2494939,537.3145147,527.1018156,456.28182
17325,Emerald_Dry,106.1278499,99.71115429,105.5727111,147.5606244
17325,Emerald_Wet,542.5179905,538.960936,572.2320607,588.0606809
17326,Dalby_Dry,180.5653407,188.4991712,169.2590276,150.2372272
17326,Dalby_Wet,532.4202694,529.1099573,561.3451836,576.0232077
17326,Emerald_Dry,107.536458,117.9623164,118.2191256,69.06591428
17326,Emerald_Wet,557.1069402,551.744121,574.3959664,558.2062787
17327,Dalby_Dry,180.1303836,181.317047,169.2635744,140.8043789
17327,Dalby_Wet,533.4483677,545.0562235,557.9793327,531.2914328
17327,Emerald_Dry,106.90605,115.276859,101.8339711,80.58681052
17327,Emerald_Wet,559.843846,531.9553684,519.7938118,551.5947592
17328,Dalby_Dry,199.6125558,228.8651464,207.7752327,239.198342
17328,Dalby_Wet,535.2797905,551.5633371,555.0174589,478.4252156
17328,Emerald_Dry,121.3162903,118.3153336,152.9633941,84.77297092
17328,Emerald_Wet,565.319035,550.9650694,583.2751568,573.627861
17329,Dalby_Dry,155.1831088,141.0855125,163.2422618,198.9466083
17329,Dalby_Wet,523.2530414,510.5353801,538.2363178,566.5163342
17329,Emerald_Dry,99.73762015,101.5493027,88.49603702,23.88794511
17329,Emerald_Wet,553.0900957,547.8921065,561.3076888,479.6646117
17330,Dalby_Dry,241.2926136,250.1052028,247.3733282,179.1536795
17330,Dalby_Wet,542.1904033,544.7388029,533.7488157,525.2986887
17330,Emerald_Dry,173.0518022,180.4146236,172.1118195,143.419229
17330,Emerald_Wet,528.3596576,533.1235129,516.0799626,537.6500916
17331,Dalby_Dry,144.3398619,131.8249909,193.2163003,171.8586078
17331,Dalby_Wet,501.7816614,520.7318995,541.4866099,503.2205575
17331,Emerald_Dry,103.2351573,117.2778135,102.9172707,136.8777216
17331,Emerald_Wet,519.8396956,544.9868206,522.9532182,489.9803588
17332,Dalby_Dry,129.9535533,113.5011002,133.7542568,153.8826368
17332,Dalby_Wet,500.1529765,510.3832986,494.4969086,538.9262303
17332,Emerald_Dry,105.6363271,93.90590654,73.78716414,95.56436238
17332,Emerald_Wet,500.5944836,478.8389677,496.0025655,492.5109494
17333,Dalby_Dry,242.2081587,255.1034137,268.9272162,244.1014969
17333,Dalby_Wet,536.2356269,549.2325663,527.3930778,578.6080155
17333,Emerald_Dry,165.0569169,147.8233154,174.9569997,127.1153061
17333,Emerald_Wet,513.7926828,505.9844916,505.2126301,510.1259613
17334,Dalby_Dry,161.6739873,174.3621389,187.1659741,120.647026
17334,Dalby_Wet,517.5798753,514.57636,546.0295898,466.7892428
17334,Emerald_Dry,101.8463267,90.79171543,24.9365022,82.87709999
17334,Emerald_Wet,545.0071227,539.0666339,580.9572826,451.3700071
17335,Dalby_Dry,187.5779553,166.7303918,194.0161478,192.7225571
17335,Dalby_Wet,531.0442573,545.7308729,537.9575566,481.7975415
17335,Emerald_Dry,117.286727,128.010922,118.5193452,98.84121252
17335,Emerald_Wet,549.2680021,558.569078,529.2630423,534.7419563
17336,Dalby_Dry,154.2347276,140.2110429,127.623048,131.0770076
17336,Dalby_Wet,504.2474193,477.1823521,522.7157608,523.984056
17336,Emerald_Dry,102.1552514,97.70625071,89.69145198,95.94977064
17336,Emerald_Wet,530.8033612,540.7295709,488.971465,563.2391536
17337,Dalby_Dry,245.4309437,270.2035016,301.9945866,199.734397
17337,Dalby_Wet,542.1279409,527.8374248,514.9099659,603.2221087
17337,Emerald_Dry,174.4808555,163.8419694,142.1291487,165.6180981
17337,Emerald_Wet,520.1312509,497.2770253,536.717538,520.3192631
17338,Dalby_Dry,242.0717223,249.3764923,226.8207652,191.5890206
17338,Dalby_Wet,533.5290654,551.9486758,550.6935415,538.132608
17338,Emerald_Dry,166.2344321,184.8653379,178.4703529,192.3242524
17338,Emerald_Wet,518.3393577,521.8220094,472.2416856,559.6522994
17339,Dalby_Dry,165.4242297,124.862529,212.3176468,209.3559322
17339,Dalby_Wet,517.9380636,534.8750907,503.1426378,565.1242135
17339,Emerald_Dry,102.1265593,99.60676612,134.9096403,35.85990441
17339,Emerald_Wet,546.203023,539.5707608,554.2001677,571.6519754
17340,Dalby_Dry,215.6266213,228.6242415,202.4457827,200.1270734
17340,Dalby_Wet,540.3048737,552.2083091,524.6501789,549.1806138
17340,Emerald_Dry,139.4057858,116.7027775,126.7665468,182.0376441
17340,Emerald_Wet,534.9452401,509.2730053,565.3189564,555.759492
17341,Dalby_Dry,198.4030747,202.1006406,197.1618117,210.1026711
17341,Dalby_Wet,540.1988496,554.1222343,575.7758487,557.0941239
17341,Emerald_Dry,117.1891112,134.3773403,115.1047685,128.8504857
17341,Emerald_Wet,563.7969133,546.2108952,571.2435136,608.08393
17342,Dalby_Dry,213.3330734,168.9076308,206.6989924,134.9777927
17342,Dalby_Wet,539.6526346,526.2785152,541.7204514,566.3599665
17342,Emerald_Dry,142.1928638,148.9910988,141.3559397,30.05634797
17342,Emerald_Wet,556.2223095,587.5448111,565.9321381,560.4191068
17343,Dalby_Dry,199.8205269,211.901993,166.0026603,243.6951572
17343,Dalby_Wet,532.6174969,528.8685005,576.248003,501.4775038
17343,Emerald_Dry,128.4071947,128.0150695,158.0085006,62.96540663
17343,Emerald_Wet,546.2501062,544.838721,509.253505,569.7819503
17344,Dalby_Dry,231.7589736,244.7088857,209.0866801,209.7448706
17344,Dalby_Wet,536.1016435,508.5125882,557.5994992,511.1176439
17344,Emerald_Dry,152.3947494,137.1817233,170.4185836,118.6747246
17344,Emerald_Wet,514.6003083,530.3963169,512.1686311,494.5232408
17345,Dalby_Dry,154.5814499,133.9926081,126.4294786,113.9064877
17345,Dalby_Wet,508.2053326,509.4549994,502.7980823,485.4714421
17345,Emerald_Dry,100.1390986,104.464398,141.3060578,52.00705549
17345,Emerald_Wet,531.2847107,534.2897487,538.9640979,607.1874897
17346,Dalby_Dry,203.8305615,225.9129146,166.6379956,170.2355049
17346,Dalby_Wet,530.7275158,539.4523736,520.932872,503.9695749
17346,Emerald_Dry,120.4925593,136.8902111,108.5636855,95.6087187
17346,Emerald_Wet,561.1359784,554.0526827,535.9360706,558.0294664
17347,Dalby_Dry,198.9353727,195.1102224,227.6348578,303.1331472
17347,Dalby_Wet,535.9019093,538.2272777,516.1554788,424.0291281
17347,Emerald_Dry,121.0583378,121.4712333,119.7531152,191.0924551
17347,Emerald_Wet,566.2978103,588.1436516,565.8461718,567.1426926
17348,Dalby_Dry,166.04407,167.720151,136.2556431,222.4602577
17348,Dalby_Wet,526.3308964,523.2735556,517.5797159,552.5300723
17348,Emerald_Dry,104.0557144,97.83528834,75.81747324,138.8067789
17348,Emerald_Wet,539.51263,544.81886,558.2472175,527.8079258
17349,Dalby_Dry,171.1669545,163.3379445,220.0433127,106.4178409
17349,Dalby_Wet,527.9110505,537.0467549,527.3812465,564.1144698
17349,Emerald_Dry,104.5065001,106.608274,141.0550894,171.7220234
17349,Emerald_Wet,562.8377851,555.4672544,565.4575055,572.7986739
17350,Dalby_Dry,206.1099001,212.1881995,201.0091947,294.5471247
17350,Dalby_Wet,546.2581308,550.9018443,540.5500891,488.652125
17350,Emerald_Dry,128.9747909,135.9140856,144.6325224,62.83021533
17350,Emerald_Wet,568.76459,575.0876018,534.3523554,605.5374778
17351,Dalby_Dry,199.7398826,190.4857873,219.5825252,177.1005871
17351,Dalby_Wet,532.3413406,511.0774883,535.918837,586.5333446
17351,Emerald_Dry,121.3523136,98.81247596,79.02799139,97.0549104
17351,Emerald_Wet,543.4084478,538.0819772,502.6279692,545.7704372
17352,Dalby_Dry,245.6366756,242.3279613,240.4175711,229.6247297
17352,Dalby_Wet,539.4466179,530.7996888,517.8280533,498.2212113
17352,Emerald_Dry,176.1718979,173.2051559,175.4023054,230.0998469
17352,Emerald_Wet,519.6680239,530.9478148,489.1554941,490.1726955
17353,Dalby_Dry,144.5077598,150.2027621,112.5844996,109.4112591
17353,Dalby_Wet,506.5547913,508.8477535,538.5427826,499.78703
17353,Emerald_Dry,103.6212385,91.5382205,83.47518454,126.5022135
17353,Emerald_Wet,521.6478053,535.4936585,541.3777373,560.3644728
17354,Dalby_Dry,237.3418423,235.4522148,236.8749408,283.4903539
17354,Dalby_Wet,527.8135543,515.5797704,499.4307562,598.345967
17354,Emerald_Dry,173.8874122,183.0580182,188.2588051,149.5098193
17354,Emerald_Wet,505.5529392,493.7116266,474.3104666,494.9013451
17355,Dalby_Dry,180.7180069,178.4630541,158.0616367,90.62450444
17355,Dalby_Wet,517.3302042,521.4230784,474.902818,542.4939341
17355,Emerald_Dry,110.4566847,144.9416474,108.6947938,75.65800316
17355,Emerald_Wet,530.4860337,532.085607,527.52263,494.7276437
17356,Dalby_Dry,166.0949306,138.7752423,161.4146226,177.9956412
17356,Dalby_Wet,528.226504,514.8100979,510.3187108,465.9348053
17356,Emerald_Dry,103.7771752,99.22148732,118.9379921,107.612012
17356,Emerald_Wet,547.3699334,540.7845656,560.2868989,652.6673329
17357,Dalby_Dry,192.0607326,188.7561954,161.5850837,93.93367899
17357,Dalby_Wet,526.5824434,507.6980858,555.1809179,618.6733055
17357,Emerald_Dry,114.311384,128.2380688,94.15406809,36.36726295
17357,Emerald_Wet,544.9269701,552.5463506,583.3428635,589.5417944
17358,Dalby_Dry,143.2390328,132.90288,149.058518,150.0959482
17358,Dalby_Wet,507.8469195,518.6044609,504.4051771,498.7298168
17358,Emerald_Dry,102.4296959,91.78567026,90.24588305,148.8851486
17358,Emerald_Wet,530.5714996,529.7270788,529.4248565,541.9735267
17359,Dalby_Dry,190.8873988,209.9250557,199.1511799,209.151135
17359,Dalby_Wet,540.1851362,523.9406128,542.5662308,550.6251512
17359,Emerald_Dry,112.7888811,120.2570721,114.3198676,86.94806176
17359,Emerald_Wet,567.5493474,559.1247568,586.2951643,554.6957868
17360,Dalby_Dry,245.585553,258.0054199,206.8244723,289.9145467
17360,Dalby_Wet,540.3958106,525.5868252,525.5698508,497.4892161
17360,Emerald_Dry,175.5234822,160.7176938,97.69232623,209.8190075
17360,Emerald_Wet,518.0778944,505.5086057,489.9908404,555.4878285
17361,Dalby_Dry,122.3729687,112.0642224,142.7785336,141.0160719
17361,Dalby_Wet,480.7672239,469.126486,512.0528125,511.2866954
17361,Emerald_Dry,103.6520106,78.4575765,120.115493,88.22894219
17361,Emerald_Wet,510.1099843,509.6215346,523.846549,529.988877
17362,Dalby_Dry,224.0247303,230.9421481,246.4368969,302.498737
17362,Dalby_Wet,536.4397132,513.1144852,584.0578623,533.103799
17362,Emerald_Dry,157.0117075,150.4393198,90.24196073,115.6508781
17362,Emerald_Wet,534.7677288,537.5673217,524.7605859,500.9852865
17363,Dalby_Dry,143.4734547,125.3869287,100.0450604,169.2194031
17363,Dalby_Wet,509.1692658,540.4324615,494.5598582,506.770871
17363,Emerald_Dry,104.1763558,108.1393947,126.0839877,56.68147819
17363,Emerald_Wet,520.4464787,530.4676758,507.8436362,486.7557898
17364,Dalby_Dry,172.7801772,166.7248385,160.5242564,58.85815733
17364,Dalby_Wet,521.9845579,519.619164,506.7397812,523.7532098
17364,Emerald_Dry,104.9902591,112.6465033,102.4944504,92.52379983
17364,Emerald_Wet,556.0439695,558.3916241,533.6185856,509.9544914
17365,Dalby_Dry,241.2098266,261.2329296,244.8930309,216.067236
17365,Dalby_Wet,539.5901615,545.3276556,562.4621719,529.7540836
17365,Emerald_Dry,172.4402122,184.613687,168.8915852,72.66149707
17365,Emerald_Wet,522.8879798,531.6617014,506.8562083,544.0833252
17366,Dalby_Dry,253.0990607,233.7908418,262.5373987,218.4036194
17366,Dalby_Wet,527.7440736,524.5705305,537.9377054,525.1105797
17366,Emerald_Dry,182.9190755,193.5297905,224.2940463,226.2576564
17366,Emerald_Wet,497.145289,472.1311449,500.0214345,591.4873932
17367,Dalby_Dry,160.6112969,142.3590016,157.243183,177.4187551
17367,Dalby_Wet,517.6198782,531.384171,502.0681937,507.656004
17367,Emerald_Dry,99.25915784,93.53128637,145.7403959,71.21078743
17367,Emerald_Wet,546.1469371,550.8085742,561.1484047,566.9732911
17368,Dalby_Dry,187.4696795,163.8765263,235.6218149,104.3663175
17368,Dalby_Wet,516.8631083,510.7047569,572.6865148,546.7876516
17368,Emerald_Dry,117.307122,116.1265198,172.0636122,166.7826455
17368,Emerald_Wet,529.1740772,505.9253458,512.6420684,501.496487
17369,Dalby_Dry,182.6712744,162.0240476,213.5567655,142.2489865
17369,Dalby_Wet,525.1880441,533.3884228,526.472158,489.7849384
17369,Emerald_Dry,119.1934725,118.6608168,138.5567919,129.3639951
17369,Emerald_Wet,531.0604675,522.457265,508.3155817,520.2920773
17370,Dalby_Dry,212.6663438,202.5809207,223.2169646,111.9279282
17370,Dalby_Wet,540.1864871,546.8645729,529.0907471,556.2091219
17370,Emerald_Dry,137.8882246,139.3477501,198.009974,161.4369048
17370,Emerald_Wet,546.6607575,552.7444601,576.0427851,534.9164183
17371,Dalby_Dry,212.9839199,219.0217063,226.892423,209.4271221
17371,Dalby_Wet,544.2414825,539.3989843,554.2324399,521.748825
17371,Emerald_Dry,130.0907731,133.4218638,147.6188722,71.10372637
17371,Emerald_Wet,565.2011915,556.8439471,633.2439315,655.2042566
17372,Dalby_Dry,192.2089089,208.7264864,172.1906468,210.0463195
17372,Dalby_Wet,531.2404691,550.3199022,590.9549859,546.892882
17372,Emerald_Dry,111.0168166,120.0382606,144.0764138,95.96740243
17372,Emerald_Wet,555.6642795,548.5352347,587.4451112,572.8073116
17373,Dalby_Dry,200.1670334,179.808295,135.2851887,196.289864
17373,Dalby_Wet,534.8879756,540.3199838,582.2359533,562.8323665
17373,Emerald_Dry,123.6656477,119.7026581,130.1148405,139.4532503
17373,Emerald_Wet,552.7079968,548.8674958,535.4968385,596.1202724
17374,Dalby_Dry,232.3935969,226.0951122,198.8300436,221.6505971
17374,Dalby_Wet,537.2638064,509.591799,497.8580371,498.7996725
17374,Emerald_Dry,157.3197507,122.7492688,129.4837385,101.8384037
17374,Emerald_Wet,526.7147713,554.9924843,500.1272029,466.1004645
17375,Dalby_Dry,192.6097115,187.9480298,167.2151354,179.207738
17375,Dalby_Wet,526.7583028,566.2548298,493.7050926,595.6476407
17375,Emerald_Dry,114.5427064,102.5290741,125.1725236,68.08146889
17375,Emerald_Wet,543.1687718,563.7725897,487.2669416,561.7462723
17376,Dalby_Dry,155.5676799,168.9175653,169.8871285,201.1548033
17376,Dalby_Wet,522.3850595,531.9505624,481.7154013,509.3222971
17376,Emerald_Dry,101.0146896,80.31058002,82.0295234,91.75370382
17376,Emerald_Wet,529.2269669,535.0883022,519.2313389,530.4227056
17377,Dalby_Dry,253.0972403,245.2165811,297.5188126,272.9359384
17377,Dalby_Wet,537.5803193,526.3472594,555.2787085,550.866941
17377,Emerald_Dry,179.9997642,181.0827503,200.0577993,162.3143142
17377,Emerald_Wet,503.4287598,503.8383231,467.5206832,535.8899106
17378,Dalby_Dry,236.3162827,245.3828397,291.7967291,283.1563898
17378,Dalby_Wet,529.9393638,551.619629,546.2827815,460.4731627
17378,Emerald_Dry,163.029138,180.3144829,185.6327936,133.5441137
17378,Emerald_Wet,511.928947,502.9952367,495.6868622,519.7796504
17379,Dalby_Dry,200.4420095,203.3482,170.1230827,296.3990301
17379,Dalby_Wet,523.1804333,511.7860796,531.3688152,517.3830234
17379,Emerald_Dry,125.1001831,126.7377839,141.9364397,70.85561282
17379,Emerald_Wet,543.665153,562.2948064,551.1944048,538.4163548
17380,Dalby_Dry,155.0059008,151.1853,168.8511302,158.1179829
17380,Dalby_Wet,524.1566876,495.8847348,452.1336003,535.1840818
17380,Emerald_Dry,101.7719456,98.39043552,84.11014414,84.07900462
17380,Emerald_Wet,535.4956937,528.5903026,489.8473404,531.3063075
17381,Dalby_Dry,166.2857668,174.5622271,162.0289995,101.8187165
17381,Dalby_Wet,532.7622899,551.2190111,477.3227244,474.3941149
17381,Emerald_Dry,104.4000075,127.7835612,110.9296698,193.6991223
17381,Emerald_Wet,543.7783331,538.3425633,510.8734387,589.3584652
17382,Dalby_Dry,178.6105384,194.7469085,134.0842873,217.7263376
17382,Dalby_Wet,535.3674417,532.8334952,565.023968,531.2339825
17382,Emerald_Dry,101.9715426,105.1158128,133.3492605,111.1234842
17382,Emerald_Wet,565.0328958,553.3469839,628.6332139,581.393337
17383,Dalby_Dry,180.9396926,180.9921249,213.9783248,283.1987108
17383,Dalby_Wet,520.543893,517.3604188,544.3488946,508.3131257
17383,Emerald_Dry,109.5641789,90.1087599,104.168991,174.1706298
17383,Emerald_Wet,552.0994408,546.4591295,515.7020319,532.1307535
17384,Dalby_Dry,180.349614,193.5352767,231.8289936,208.8581963
17384,Dalby_Wet,521.3655939,521.2134433,514.9635898,493.2352348
17384,Emerald_Dry,108.9935885,129.3643431,115.0977547,117.4027027
17384,Emerald_Wet,549.1548726,559.9585705,539.0760585,547.4682166
17385,Dalby_Dry,206.0147504,197.0631335,199.438541,269.1724535
17385,Dalby_Wet,528.299881,493.7716669,481.0492705,593.5789238
17385,Emerald_Dry,132.5717588,129.3566446,136.542528,118.6554753
17385,Emerald_Wet,550.9661574,562.5379831,561.5952154,507.0080262
17386,Dalby_Dry,212.3017939,208.1686706,174.528342,174.5528198
17386,Dalby_Wet,540.6639041,537.2798964,544.7385445,512.9622428
17386,Emerald_Dry,128.5867096,121.7142101,123.2903938,146.7313107
17386,Emerald_Wet,561.4601028,575.201481,529.1143756,594.7416427
17387,Dalby_Dry,208.6692983,222.1460963,225.3450573,157.7159237
17387,Dalby_Wet,526.5942186,548.0310868,452.6204021,470.5410044
17387,Emerald_Dry,134.0613471,127.0746516,109.6381357,210.0632985
17387,Emerald_Wet,539.8702419,557.6418736,541.9484096,566.5921261
17388,Dalby_Dry,193.0905891,194.6014454,191.2476091,281.8582836
17388,Dalby_Wet,522.9831837,488.2799151,519.7301963,455.3627217
17388,Emerald_Dry,116.2855148,135.9835128,70.53280714,59.41767379
17388,Emerald_Wet,548.5986013,552.6978767,523.5458576,484.7798667
17389,Dalby_Dry,154.3106176,151.9725265,147.6094881,225.2341526
17389,Dalby_Wet,506.4104982,514.2617046,535.8600554,542.8606361
17389,Emerald_Dry,101.7484622,124.1735695,118.1435044,67.48385601
17389,Emerald_Wet,529.0737909,540.8354344,490.4199185,518.3981573
17390,Dalby_Dry,252.6884239,245.4688559,231.2162022,285.921777
17390,Dalby_Wet,529.4779073,562.4431744,516.8945809,545.0795158
17390,Emerald_Dry,178.060267,199.2840166,175.7829411,154.8792941
17390,Emerald_Wet,501.9061333,508.3824628,496.9343411,493.7396274
17391,Dalby_Dry,241.8625278,257.4329986,235.056771,297.0870409
17391,Dalby_Wet,539.9944492,537.3688321,525.3351364,502.8628096
17391,Emerald_Dry,172.993913,176.0606054,205.4892753,114.9877898
17391,Emerald_Wet,527.7256325,494.9442573,466.6885083,578.0158823
17392,Dalby_Dry,192.1258496,191.8447823,147.881394,184.8693127
17392,Dalby_Wet,519.655012,529.0911827,524.277825,517.6432032
17392,Emerald_Dry,113.6683841,136.7838695,106.5231331,53.35622633
17392,Emerald_Wet,561.8990834,547.3142028,505.9960036,614.9299555
17393,Dalby_Dry,253.226787,248.952785,268.471402,272.660355
17393,Dalby_Wet,538.0997167,544.7898206,538.2951956,438.761319
17393,Emerald_Dry,177.8891854,196.5233167,173.553351,152.9928339
17393,Emerald_Wet,505.936674,497.10637,502.9887286,479.8567233
17394,Dalby_Dry,234.4540022,227.1682944,185.2670484,211.0371938
17394,Dalby_Wet,536.7529713,525.2891344,519.5751914,472.6447729
17394,Emerald_Dry,157.2781004,134.8773791,130.4807133,148.4146639
17394,Emerald_Wet,529.4729246,530.9700316,550.218059,554.7105866
17395,Dalby_Dry,135.1549013,117.7065412,108.4819801,114.8787678
17395,Dalby_Wet,495.0230134,469.4200591,460.4687591,490.8592786
17395,Emerald_Dry,104.5262537,85.02511008,68.05243037,141.3136912
17395,Emerald_Wet,522.7322941,508.7023892,545.5145599,459.2079099
17396,Dalby_Dry,205.3933033,213.4499961,253.9412581,216.9737282
17396,Dalby_Wet,543.8934007,524.2267729,553.213222,520.9334525
17396,Emerald_Dry,124.1157782,137.6866677,105.3846893,137.8250863
17396,Emerald_Wet,566.5087592,545.7298299,543.7075361,605.3956309
17397,Dalby_Dry,135.0581798,144.6444585,119.9911185,110.761625
17397,Dalby_Wet,494.5791391,484.366624,473.4703418,452.5442881
17397,Emerald_Dry,103.647438,97.26665395,78.14933606,79.99314227
17397,Emerald_Wet,522.5827722,556.5819005,518.8940787,484.8113404
17398,Dalby_Dry,191.4314383,177.7998045,202.6405874,246.8586493
17398,Dalby_Wet,526.3616212,550.2576144,563.6944462,484.379634
17398,Emerald_Dry,109.8415048,100.0111989,115.123197,173.6397823
17398,Emerald_Wet,570.6010355,588.4323216,543.0098356,532.0985545
17399,Dalby_Dry,205.853976,189.3077131,232.8473486,226.8851529
17399,Dalby_Wet,528.7045479,534.3857263,507.7765252,543.5876231
17399,Emerald_Dry,132.1395257,129.7117121,150.6533946,89.11878156
17399,Emerald_Wet,553.0622139,546.1774629,583.4643975,565.3768381
17400,Dalby_Dry,161.3217917,160.5633493,190.1879497,150.7668893
17400,Dalby_Wet,517.4222801,524.6378375,451.183653,550.7201445
17400,Emerald_Dry,103.5271786,103.1822002,129.2927138,118.4465195
17400,Emerald_Wet,545.8044654,538.4162076,535.7077926,508.8121608
17401,Dalby_Dry,199.6778994,223.3171103,197.6846606,210.5393562
17401,Dalby_Wet,537.6502451,517.5388357,461.1529209,533.250963
17401,Emerald_Dry,118.1147057,111.0249861,168.7712405,141.3016864
17401,Emerald_Wet,563.6907318,550.2734799,563.0042309,546.7614175
17402,Dalby_Dry,182.6266529,179.3277879,179.2370415,137.2134719
17402,Dalby_Wet,527.4360148,541.7779388,554.6086152,524.9628409
17402,Emerald_Dry,116.1058779,119.0995485,101.7955283,87.74320538
17402,Emerald_Wet,533.1606268,534.4689597,569.4842337,566.6088899
17403,Dalby_Dry,166.6486248,148.055654,154.8354697,221.1847622
17403,Dalby_Wet,531.2254911,541.3764235,569.0655159,530.8959296
17403,Emerald_Dry,105.7220696,135.6629721,93.03248453,133.7625838
17403,Emerald_Wet,539.1964487,525.2229403,510.7650347,498.8417724
17404,Dalby_Dry,171.8091469,177.3711658,190.323233,162.8266415
17404,Dalby_Wet,524.3043217,531.3214374,512.8527317,463.5138069
17404,Emerald_Dry,105.3925022,128.1102891,83.87207897,93.14486492
17404,Emerald_Wet,535.654252,534.5817362,540.3740241,549.5555784
17405,Dalby_Dry,172.0867935,181.0509869,186.7720079,151.5826061
17405,Dalby_Wet,530.4561522,535.476852,565.820151,511.9152294
17405,Emerald_Dry,105.9043505,99.57050595,116.8063105,92.62780551
17405,Emerald_Wet,543.0502238,537.0619086,586.0565349,492.2219602
17406,Dalby_Dry,181.1428225,146.5712128,219.2284191,126.4046862
17406,Dalby_Wet,534.8084006,547.8217329,511.536668,476.8313662
17406,Emerald_Dry,111.2115087,119.4848386,133.153095,57.02524991
17406,Emerald_Wet,548.8486975,563.4461463,536.335774,554.9288761
17407,Dalby_Dry,182.5528581,206.1727238,170.4798379,214.4618055
17407,Dalby_Wet,525.1291773,540.6307021,519.6438502,485.4662474
17407,Emerald_Dry,119.1575714,145.5292685,125.5886669,183.8004018
17407,Emerald_Wet,531.0614169,501.1562471,538.5556683,521.6478768
17408,Dalby_Dry,200.0539089,193.8517588,276.8831715,281.4758412
17408,Dalby_Wet,537.1309629,549.5518724,518.7448556,598.6681562
17408,Emerald_Dry,125.2366564,134.3813371,140.2273321,104.0710064
17408,Emerald_Wet,538.2435787,556.6951058,532.3390934,562.7843166
17409,Dalby_Dry,154.9810891,166.7935434,145.725466,0.725334239
17409,Dalby_Wet,524.297257,515.8157577,542.3168279,484.3285603
17409,Emerald_Dry,101.9091379,108.6122976,90.14507226,89.70568409
17409,Emerald_Wet,534.2114366,527.4735049,580.0790997,525.80189
17410,Dalby_Dry,206.0287999,181.7473057,174.5625639,185.458769
17410,Dalby_Wet,532.1137798,537.3064972,492.5270488,540.482144
17410,Emerald_Dry,126.3990582,150.5279831,137.1705333,88.98947502
17410,Emerald_Wet,560.3273356,573.7378085,576.0159778,560.7245203
17411,Dalby_Dry,154.7704074,137.5656719,119.6484797,148.7904769
17411,Dalby_Wet,523.2255979,536.8125767,540.1397202,513.5869651
17411,Emerald_Dry,100.5823456,93.85291301,75.84298664,131.8016472
17411,Emerald_Wet,528.3674312,532.4421436,518.2068492,495.147797
17412,Dalby_Dry,171.6456314,180.6590162,217.7355434,134.8477659
17412,Dalby_Wet,524.4948098,533.4549262,566.4552136,535.9549859
17412,Emerald_Dry,102.731248,96.05903655,129.2782762,107.2094764
17412,Emerald_Wet,563.3008078,549.6121993,548.8091468,515.7274354
17413,Dalby_Dry,133.1276077,106.1305015,173.9984149,95.04087193
17413,Dalby_Wet,493.1824104,480.7401202,475.2297177,492.3274014
17413,Emerald_Dry,107.0734078,103.2427545,131.3845306,121.5718253
17413,Emerald_Wet,501.1287755,512.5731732,551.2502795,586.0807068
17414,Dalby_Dry,224.3865622,211.765257,194.6524124,260.8626681
17414,Dalby_Wet,532.4870302,551.8519518,546.078572,509.9949678
17414,Emerald_Dry,145.8810817,129.1546834,130.1151435,83.78375983
17414,Emerald_Wet,535.8195498,523.4652843,546.8831121,501.0837094
17415,Dalby_Dry,245.0791702,257.1231739,254.6001927,147.9553952
17415,Dalby_Wet,523.5910468,522.2315466,564.2412638,536.701079
17415,Emerald_Dry,182.2805312,206.7968293,157.7942439,179.1509129
17415,Emerald_Wet,499.3695548,484.3706747,516.0161333,490.4584401
17416,Dalby_Dry,269.6910088,278.0200773,242.4947589,255.2896534
17416,Dalby_Wet,496.5310527,503.6930059,443.118719,501.4340808
17416,Emerald_Dry,213.9023658,204.659962,225.5274582,158.4657399
17416,Emerald_Wet,469.459852,486.6132329,441.5734001,448.1666483
17417,Dalby_Dry,166.2351894,145.7854032,200.3002917,185.4798929
17417,Dalby_Wet,528.7474268,534.7894001,574.340595,521.455191
17417,Emerald_Dry,103.1766992,94.51498255,61.8588984,207.6094951
17417,Emerald_Wet,540.2936049,546.9787215,481.960271,522.0326434
17418,Dalby_Dry,252.7115906,254.0338968,252.0574047,264.9582957
17418,Dalby_Wet,527.4679186,544.7703145,570.8520376,574.082918
17418,Emerald_Dry,174.162443,190.8210495,162.6728331,118.2052499
17418,Emerald_Wet,508.0365275,493.2189157,472.291123,513.0773563
17419,Dalby_Dry,180.6920466,201.5663352,170.0528699,199.520504
17419,Dalby_Wet,535.1944975,538.06539,576.1868445,545.6492728
17419,Emerald_Dry,108.7780943,101.5898546,92.47080488,105.8272676
17419,Emerald_Wet,555.0756424,555.4006866,573.1313631,538.5203685
17420,Dalby_Dry,212.4204824,196.4516026,190.0791545,221.1876341
17420,Dalby_Wet,543.2517721,566.5230626,550.682594,542.7009625
17420,Emerald_Dry,134.943333,112.0065845,136.1621192,87.75845372
17420,Emerald_Wet,554.5307418,565.835657,554.0766652,593.5519363
17421,Dalby_Dry,205.7813178,207.0322032,233.4404494,183.5406385
17421,Dalby_Wet,542.5150755,535.1198154,527.3802569,535.6321208
17421,Emerald_Dry,130.2435117,137.1706179,127.162823,135.1099053
17421,Emerald_Wet,556.6036439,566.319338,493.0589234,577.585252
17422,Dalby_Dry,232.5501129,239.6582122,266.1326227,193.3359491
17422,Dalby_Wet,532.3032881,521.2508523,528.2565073,465.8192192
17422,Emerald_Dry,159.7415559,147.9707533,150.4504494,217.9076389
17422,Emerald_Wet,524.5126661,525.8422605,543.3839429,595.1267452
17423,Dalby_Dry,206.5547573,210.8473728,172.2737857,167.3710977
17423,Dalby_Wet,534.8702523,532.5725697,571.7195295,576.8761185
17423,Emerald_Dry,129.1177923,133.404691,183.7328129,140.4517319
17423,Emerald_Wet,550.4696401,554.4951716,559.0490566,536.8739351
17424,Dalby_Dry,269.5618262,273.4987533,242.4618665,295.4841913
17424,Dalby_Wet,490.6168595,506.4823892,489.5234343,446.416407
17424,Emerald_Dry,212.3929819,180.1322163,199.7789948,148.9169083
17424,Emerald_Wet,467.0749136,451.4888217,490.4550662,551.5982487
17425,Dalby_Dry,236.0792231,228.4921685,264.2151966,309.427109
17425,Dalby_Wet,530.4750647,522.5386872,543.4352339,518.790914
17425,Emerald_Dry,162.580233,165.6571962,159.3829651,135.6882741
17425,Emerald_Wet,516.5351844,515.244287,521.6104532,488.2363848
17426,Dalby_Dry,129.3003218,133.9396082,137.2767107,57.5273405
17426,Dalby_Wet,484.0124882,471.8878975,479.7765718,502.70672
17426,Emerald_Dry,104.6273821,95.81447453,51.87375088,47.46973601
17426,Emerald_Wet,508.5053436,528.68963,507.4394566,547.6428303
17427,Dalby_Dry,242.4292067,239.4932964,198.5280423,203.4863037
17427,Dalby_Wet,537.1302046,526.6241088,540.3457963,516.4406129
17427,Emerald_Dry,165.1075151,161.8062822,180.0688331,182.7370087
17427,Emerald_Wet,521.978829,501.8385269,528.701059,557.0330047
17428,Dalby_Dry,192.897419,195.8937449,230.4451053,170.1550302
17428,Dalby_Wet,526.0350943,533.008997,537.8078637,608.9426202
17428,Emerald_Dry,115.3960462,112.2255134,116.6940645,53.68040315
17428,Emerald_Wet,542.9568761,541.3198703,547.8353169,621.4744958
17429,Dalby_Dry,128.9487246,122.413419,83.59616127,145.4507695
17429,Dalby_Wet,483.6001809,495.8695408,462.3512732,447.9986516
17429,Emerald_Dry,104.2893957,91.82014608,114.9829279,99.92587575
17429,Emerald_Wet,498.931638,497.850734,495.8366211,544.7746982
17430,Dalby_Dry,155.6275538,170.8824556,160.1105088,168.2160923
17430,Dalby_Wet,504.3330611,501.3991836,537.9154077,467.8459115
17430,Emerald_Dry,100.67941,120.3892925,111.8289355,126.3751063
17430,Emerald_Wet,515.7784389,495.2991997,510.458381,503.40948
17431,Dalby_Dry,224.3518041,215.2569609,228.1153161,257.0814192
17431,Dalby_Wet,539.4987341,523.7757204,520.4259364,562.3839291
17431,Emerald_Dry,151.2981544,145.3473578,134.1453548,75.347088
17431,Emerald_Wet,529.5151805,544.9716235,564.5274868,553.6826965
17432,Dalby_Dry,193.4720246,211.6200904,199.6746229,193.0550371
17432,Dalby_Wet,527.5550232,538.0555148,536.8651448,563.1802236
17432,Emerald_Dry,116.882686,123.477364,149.3201214,76.04280212
17432,Emerald_Wet,551.4556975,555.7132744,570.3541428,525.7316303
17433,Dalby_Dry,179.2083368,166.629007,181.039955,134.3438155
17433,Dalby_Wet,531.8402809,528.4968807,551.6528952,449.3180403
17433,Emerald_Dry,104.1613458,110.3732934,50.06429035,120.029065
17433,Emerald_Wet,555.5725334,538.5711703,574.6852435,489.6934256
17434,Dalby_Dry,205.8123733,216.4910425,193.8722286,173.2816273
17434,Dalby_Wet,532.2037066,542.0797498,545.7622707,598.9517216
17434,Emerald_Dry,133.7015236,144.9279667,114.1201862,138.5466567
17434,Emerald_Wet,545.6636159,545.9683641,516.8736106,495.6399875
17435,Dalby_Dry,221.5711659,231.6451037,274.6841305,120.2091521
17435,Dalby_Wet,540.5062886,509.5520855,571.959389,543.0144032
17435,Emerald_Dry,147.9496374,154.1639771,181.4170542,110.2979908
17435,Emerald_Wet,547.804916,543.0099828,535.3695167,512.4871251
17436,Dalby_Dry,171.954598,172.2489498,156.6700599,100.4784854
17436,Dalby_Wet,530.4713161,531.7711643,543.2427098,572.2428207
17436,Emerald_Dry,105.9976622,104.847149,133.3397659,101.101966
17436,Emerald_Wet,543.5105665,551.3893782,494.211195,505.5099548
17437,Dalby_Dry,160.9609719,180.536945,155.1443685,124.5357258
17437,Dalby_Wet,523.7349515,549.2396422,523.0562975,498.8192895
17437,Emerald_Dry,100.1279285,98.8155832,83.31444867,124.1851075
17437,Emerald_Wet,530.1505621,560.9640492,469.621292,592.7104245
17438,Dalby_Dry,215.6899573,214.575231,197.8760348,172.1730355
17438,Dalby_Wet,539.2379249,549.6306555,557.3062019,569.5537296
17438,Emerald_Dry,142.4125062,148.1465633,137.4789031,179.8310804
17438,Emerald_Wet,555.0636737,544.2968751,529.5135887,474.0671563
17439,Dalby_Dry,215.2026216,222.9141712,209.0226022,267.1004159
17439,Dalby_Wet,535.5491309,512.9446652,558.5049303,570.0484931
17439,Emerald_Dry,140.8751404,142.3654563,120.1258914,101.951781
17439,Emerald_Wet,539.2459196,552.3809042,487.7345327,538.963589
17440,Dalby_Dry,155.0232401,152.3628472,133.7510853,130.7223753
17440,Dalby_Wet,523.3148414,529.4362984,523.3621175,513.9005352
17440,Emerald_Dry,102.1666971,135.2274781,92.88288276,187.2502068
17440,Emerald_Wet,533.2936417,518.2622844,574.6790573,493.1013028
17441,Dalby_Dry,236.4105759,242.8823521,198.6008852,269.3223378
17441,Dalby_Wet,526.0298924,538.0206771,560.2802009,605.2301722
17441,Emerald_Dry,173.8814383,190.9648789,148.2734898,177.6537637
17441,Emerald_Wet,500.9461096,508.8054164,503.8958632,513.1848407
17442,Dalby_Dry,199.3574128,192.7841853,191.3120719,207.6692601
17442,Dalby_Wet,532.3123801,527.061604,545.7377884,488.575089
17442,Emerald_Dry,125.2898438,122.376563,101.7479637,59.24854375
17442,Emerald_Wet,559.0097743,560.0896204,557.9386096,590.7775182
17443,Dalby_Dry,181.7279464,177.1689557,170.9568021,188.8419182
17443,Dalby_Wet,517.5960504,528.5270782,544.6770226,643.6281629
17443,Emerald_Dry,112.9689483,118.9918124,109.8935284,102.1770631
17443,Emerald_Wet,542.7666749,538.3874947,544.5815593,535.7578831
17444,Dalby_Dry,166.4820014,161.5269648,167.7834404,176.3342306
17444,Dalby_Wet,531.2760043,519.6132474,567.0806677,524.4695604
17444,Emerald_Dry,105.5359973,110.9839393,149.9309311,160.6469726
17444,Emerald_Wet,544.9938815,548.357181,548.448667,498.6198596
17445,Dalby_Dry,231.2475277,216.9881197,172.9589432,255.397117
17445,Dalby_Wet,542.1824842,551.3316487,541.5307717,471.2796411
17445,Emerald_Dry,152.3785464,160.2292827,183.2162257,141.9222059
17445,Emerald_Wet,537.7472638,558.4566932,517.4943447,530.5000618
17446,Dalby_Dry,195.7213983,191.611174,188.5055995,220.4541588
17446,Dalby_Wet,529.0120816,547.06,536.0865025,570.2589756
17446,Emerald_Dry,124.4141315,123.749588,98.11094311,140.9406162
17446,Emerald_Wet,517.7427006,515.4795682,468.3696838,493.9041215
17447,Dalby_Dry,190.9815475,186.7307433,202.402866,193.4986319
17447,Dalby_Wet,528.922801,538.0700947,500.8532012,534.6060384
17447,Emerald_Dry,110.5030789,131.1364565,99.44974213,58.32639041
17447,Emerald_Wet,549.9277463,543.654835,545.5684528,588.8403671
17448,Dalby_Dry,160.6983979,146.437154,157.8279193,171.1243104
17448,Dalby_Wet,521.7766818,535.6866392,513.8582742,455.2764907
17448,Emerald_Dry,102.218176,111.3118406,110.1265379,124.2788613
17448,Emerald_Wet,530.2948143,543.0547823,571.1947213,496.7079933
17449,Dalby_Dry,211.6217833,207.2535931,201.6015976,215.7913604
17449,Dalby_Wet,544.2058413,535.4755964,541.6644179,484.680063
17449,Emerald_Dry,138.7670619,161.36424,125.1871461,169.3872212
17449,Emerald_Wet,564.9928153,577.8045284,593.488387,505.1349126
17450,Dalby_Dry,199.5101907,190.3249695,188.7033194,242.953699
17450,Dalby_Wet,523.8906332,527.2720059,555.6481899,529.3297701
17450,Emerald_Dry,119.824163,115.6778946,111.0639675,132.713548
17450,Emerald_Wet,542.8903782,538.3968792,547.7948266,543.2907033
17451,Dalby_Dry,206.2127677,207.6626037,229.021902,261.7236241
17451,Dalby_Wet,547.6623402,561.9599737,549.3670572,490.167364
17451,Emerald_Dry,128.2758183,111.3298353,91.85282155,97.62712951
17451,Emerald_Wet,563.9825849,580.3315308,567.5022966,579.5599534
17452,Dalby_Dry,274.779628,245.512906,254.6163059,315.9968268
17452,Dalby_Wet,509.2190203,496.6747856,545.4095962,515.7518222
17452,Emerald_Dry,218.8381441,223.1380766,267.0718367,176.4134077
17452,Emerald_Wet,478.1578805,466.1716504,432.4886817,500.8776778
17453,Dalby_Dry,180.5787954,197.6935266,165.986823,230.8946662
17453,Dalby_Wet,520.2829015,517.3341831,554.7728376,461.8438065
17453,Emerald_Dry,107.7364818,118.1990791,51.52667805,37.27480222
17453,Emerald_Wet,536.069189,546.8511429,537.0818497,584.8841751
17454,Dalby_Dry,154.7912717,190.0146072,191.290138,141.7642684
17454,Dalby_Wet,521.8332888,514.9435631,558.505965,511.608183
17454,Emerald_Dry,98.09596464,112.2948495,76.53296078,46.32109892
17454,Emerald_Wet,529.8112046,508.8252589,550.3687614,495.7592624
17455,Dalby_Dry,253.0668107,232.2889889,308.3881149,198.6932106
17455,Dalby_Wet,529.424104,545.5097236,537.4638646,459.5335638
17455,Emerald_Dry,186.7613881,180.4942473,152.6542389,160.6223541
17455,Emerald_Wet,500.5317825,491.4500413,538.1919283,507.7475535
17456,Dalby_Dry,198.1726479,194.5035001,186.9366876,211.1767179
17456,Dalby_Wet,538.0391614,525.8895935,558.922833,535.309203
17456,Emerald_Dry,113.6836859,124.4522567,101.8174009,110.3994543
17456,Emerald_Wet,563.2230553,566.0138342,527.4078635,552.218828
17457,Dalby_Dry,154.3520051,165.4207264,175.1275819,166.1564109
17457,Dalby_Wet,506.8488834,500.1396838,472.434384,489.8669412
17457,Emerald_Dry,101.2914312,106.7789688,105.3565884,114.0645465
17457,Emerald_Wet,528.7143068,562.1519237,501.0368922,516.8098369
17458,Dalby_Dry,244.7239165,244.9083687,251.1010755,242.1948857
17458,Dalby_Wet,529.0384104,523.5793764,576.9401277,475.8515723
17458,Emerald_Dry,180.8099392,191.0291187,247.8243449,179.9525332
17458,Emerald_Wet,498.3320715,480.2787448,524.5429144,521.5955662
17459,Dalby_Dry,199.2198012,213.238837,168.9615245,115.4187991
17459,Dalby_Wet,537.075439,550.2597833,556.3107967,540.6864217
17459,Emerald_Dry,122.2414858,115.7013913,147.1631917,149.5719264
17459,Emerald_Wet,559.2538301,573.3929209,567.9531548,557.1090443
17460,Dalby_Dry,242.1746161,257.2398785,245.6053024,270.5861659
17460,Dalby_Wet,542.9356153,528.5443465,520.3759494,540.2128107
17460,Emerald_Dry,173.5471217,169.680185,201.9262546,147.8286433
17460,Emerald_Wet,527.6809755,540.4205686,550.1964698,503.5012826
17461,Dalby_Dry,200.0006282,204.013127,214.2485948,130.2457254
17461,Dalby_Wet,523.1102552,531.597401,528.976618,573.9317057
17461,Emerald_Dry,123.9539189,95.57433878,119.8073256,87.9216063
17461,Emerald_Wet,538.3884921,539.5495783,513.2070789,469.8416457
17462,Dalby_Dry,184.8972889,198.515915,185.5833136,146.9089458
17462,Dalby_Wet,533.6199447,554.7064458,561.6637635,524.3472085
17462,Emerald_Dry,106.470184,133.1088124,119.6394459,0
17462,Emerald_Wet,559.3981948,557.0809139,636.3439967,610.6560189
17463,Dalby_Dry,162.934326,146.3616356,125.6623127,139.0850905
17463,Dalby_Wet,521.5818552,514.5337689,497.2705159,479.3612872
17463,Emerald_Dry,104.8550223,86.24082651,148.8786727,164.6646439
17463,Emerald_Wet,524.4092282,541.7877506,555.2865267,541.7319797
17464,Dalby_Dry,185.0778554,169.0106155,165.2655966,180.2989815
17464,Dalby_Wet,532.397046,533.5464617,460.4868499,509.3229903
17464,Emerald_Dry,110.6982117,111.3703385,206.3183239,82.96776365
17464,Emerald_Wet,553.5515577,530.8327808,562.2722275,552.5102668
17465,Dalby_Dry,144.7417147,150.8858525,134.8348035,125.0638984
17465,Dalby_Wet,504.6372965,509.4819626,521.149212,502.5239355
17465,Emerald_Dry,104.7207489,117.4916811,95.17282944,125.6627431
17465,Emerald_Wet,519.506503,523.0812965,542.2455851,511.3641238
17466,Dalby_Dry,199.9347674,190.0432242,215.3605608,208.0304567
17466,Dalby_Wet,536.105646,526.5458939,537.2182796,574.981641
17466,Emerald_Dry,118.9322767,103.2373483,139.3904588,112.3462226
17466,Emerald_Wet,554.6769731,544.1025852,526.541606,557.0797022
17467,Dalby_Dry,154.2845872,151.6066119,144.6432389,233.0546576
17467,Dalby_Wet,506.7569138,507.5185864,540.2025137,485.8321114
17467,Emerald_Dry,99.77772918,101.7144231,126.1588301,88.72700265
17467,Emerald_Wet,517.4971699,482.2419915,503.4835032,475.7093349
17468,Dalby_Dry,205.5513214,189.0603186,162.9354119,169.4184898
17468,Dalby_Wet,542.2374254,539.187493,540.7495267,488.1666545
17468,Emerald_Dry,131.1980085,128.1330409,125.161701,65.81323656
17468,Emerald_Wet,552.1985438,545.7330055,587.9787249,559.8149226
17469,Dalby_Dry,138.8762433,123.3227386,148.4364656,126.2613616
17469,Dalby_Wet,490.6226602,497.4615024,431.9475041,498.1428102
17469,Emerald_Dry,103.0161078,120.2437303,176.6093966,140.117107
17469,Emerald_Wet,519.174211,543.7783593,508.7248645,527.4632143
17470,Dalby_Dry,221.7553054,226.3057298,186.4814555,243.1355502
17470,Dalby_Wet,544.3464551,545.4017558,520.7081495,518.026525
17470,Emerald_Dry,145.8316394,173.3197697,178.2899833,56.50705829
17470,Emerald_Wet,548.0175799,539.2516326,537.8184051,592.3199859
17471,Dalby_Dry,199.9527037,204.8254162,184.6198102,129.7664086
17471,Dalby_Wet,534.6702522,529.3041106,499.3306142,558.9656255
17471,Emerald_Dry,122.9511171,116.3692722,88.86171318,121.1534416
17471,Emerald_Wet,554.3218233,563.5774649,583.0470114,563.3074088
17472,Dalby_Dry,132.8788621,127.1282359,116.745062,10.74532252
17472,Dalby_Wet,484.3825119,455.8176598,466.3704203,542.6421902
17472,Emerald_Dry,105.1479254,95.75135504,83.87217193,141.8823897
17472,Emerald_Wet,503.5887162,485.2154012,540.8580006,394.5642333
17473,Dalby_Dry,215.1213978,244.0930388,197.0336765,177.7095384
17473,Dalby_Wet,532.7764044,538.2764348,576.1480791,494.1915618
17473,Emerald_Dry,143.8360094,159.7682422,102.0113922,107.1465512
17473,Emerald_Wet,539.6053046,556.8452199,555.8456205,529.6288753
17474,Dalby_Dry,243.6157158,260.7963437,288.4874092,265.8696089
17474,Dalby_Wet,537.3240669,514.4689576,549.7445923,505.3278815
17474,Emerald_Dry,166.1216956,175.2919363,137.2961527,123.5450119
17474,Emerald_Wet,521.2347287,487.05206,528.4832449,516.3120591
17475,Dalby_Dry,215.4904542,203.8448326,190.0393991,212.4354086
17475,Dalby_Wet,538.0281632,519.1116428,568.588054,549.9721599
17475,Emerald_Dry,142.9604747,158.776483,162.7078193,136.8390066
17475,Emerald_Wet,542.9497371,572.5356816,504.1388745,569.386097
17476,Dalby_Dry,205.1099369,203.0314412,228.1338889,178.334927
17476,Dalby_Wet,545.9688717,548.9595988,552.1947967,543.7732268
17476,Emerald_Dry,126.0586574,122.6888104,120.967527,100.4537914
17476,Emerald_Wet,553.2000548,569.5010325,514.8432535,582.7581976
17477,Dalby_Dry,143.5024413,132.4034129,130.4312738,114.5214397
17477,Dalby_Wet,508.9813079,516.6796361,494.4127134,441.6044424
17477,Emerald_Dry,104.0304895,103.4969121,133.3837083,117.8149202
17477,Emerald_Wet,523.1737926,499.4777824,554.6376883,527.7901335
17478,Dalby_Dry,185.8749244,185.2437861,162.9427633,157.7486798
17478,Dalby_Wet,530.7163169,498.7433582,523.498887,507.8948942
17478,Emerald_Dry,111.4075153,115.1983645,167.6876883,31.21880706
17478,Emerald_Wet,555.0660042,579.3373643,538.3294422,552.7420533
17479,Dalby_Dry,155.2326273,152.4223943,174.6097802,140.9081913
17479,Dalby_Wet,522.2949621,499.1430541,519.9516156,466.9480733
17479,Emerald_Dry,102.3072347,100.4420766,103.6890912,139.8145981
17479,Emerald_Wet,530.0520938,518.896461,580.8983397,531.1876403
17480,Dalby_Dry,171.2644624,137.1984924,180.4198524,166.8469903
17480,Dalby_Wet,529.1737536,519.9286445,533.2430564,491.915674
17480,Emerald_Dry,107.1659833,103.4970242,81.57915573,113.1885784
17480,Emerald_Wet,537.456366,531.1819485,540.5257886,546.4455523
17481,Dalby_Dry,206.1729433,224.7962907,217.6944615,176.640632
17481,Dalby_Wet,544.6051388,566.9349471,524.7708475,560.002342
17481,Emerald_Dry,125.6625818,151.9042502,117.9495265,53.07395534
17481,Emerald_Wet,556.1780963,550.8866822,575.8336069,503.9461289
17482,Dalby_Dry,231.8687555,245.9332558,233.1848504,186.3602228
17482,Dalby_Wet,535.3051067,536.6883165,528.5409541,512.0470596
17482,Emerald_Dry,157.4405519,154.235028,105.4368133,90.11672203
17482,Emerald_Wet,528.2160735,531.9178266,565.3207875,547.5633504
17483,Dalby_Dry,205.5904919,200.7757114,189.7762151,183.976183
17483,Dalby_Wet,528.9970657,517.1027173,508.7964254,504.8284735
17483,Emerald_Dry,133.1730188,120.5328683,114.8603276,89.54345287
17483,Emerald_Wet,550.7663892,545.2185363,496.2595219,623.3628571
17484,Dalby_Dry,190.7358004,203.4404289,229.0302072,192.4583561
17484,Dalby_Wet,525.0887679,536.4952074,508.9948827,487.3198923
17484,Emerald_Dry,109.4413669,97.32122019,109.5530948,125.9080862
17484,Emerald_Wet,569.8501619,574.96474,613.9119042,622.9762649
17485,Dalby_Dry,178.8884405,187.0619149,138.3658638,248.0467976
17485,Dalby_Wet,531.6229013,532.6307686,520.7065461,597.7806704
17485,Emerald_Dry,104.2322844,94.68591296,86.68006834,28.10667225
17485,Emerald_Wet,555.2781528,560.9776804,571.5223347,564.7456012
17486,Dalby_Dry,213.1053092,224.7395136,228.9330684,257.8912313
17486,Dalby_Wet,544.8565981,548.8444762,536.689349,562.2004253
17486,Emerald_Dry,130.0316023,151.6608633,110.8307126,120.8911451
17486,Emerald_Wet,564.6767203,535.1806745,590.7151953,575.4188883
17487,Dalby_Dry,198.7275634,186.0388415,190.8147824,206.2789051
17487,Dalby_Wet,525.3951391,560.5930064,528.7841276,554.0509531
17487,Emerald_Dry,118.3965677,105.1429841,136.5625085,149.7301553
17487,Emerald_Wet,556.6307974,557.9888532,587.25435,567.1360684
17488,Dalby_Dry,190.941199,184.2465844,167.2084558,205.5193033
17488,Dalby_Wet,528.6746,525.8987944,514.7878263,532.6939248
17488,Emerald_Dry,109.519951,101.2727583,105.4142021,120.4221355
17488,Emerald_Wet,550.5168514,549.3229342,560.0741721,494.3577363
17489,Dalby_Dry,199.1152327,188.4148267,184.5117956,199.7397426
17489,Dalby_Wet,535.6514867,538.2211739,540.1911943,558.6854955
17489,Emerald_Dry,121.7800236,128.4566204,198.4963266,108.4465358
17489,Emerald_Wet,559.474388,566.1216365,529.5251149,503.3003365
17490,Dalby_Dry,224.3200899,219.1894783,227.4526887,230.2029371
17490,Dalby_Wet,540.6357484,548.5324244,562.6609197,589.1894195
17490,Emerald_Dry,151.1754433,165.6962188,140.3995738,239.2927773
17490,Emerald_Wet,530.4238376,522.6217184,530.6559539,584.4576409
17491,Dalby_Dry,179.3870207,200.6886843,182.891766,139.1776915
17491,Dalby_Wet,531.9463452,535.4421637,567.0433641,479.1693314
17491,Emerald_Dry,106.5384908,111.0835243,155.1735115,123.7668316
17491,Emerald_Wet,557.9824164,542.6345791,584.2451083,532.2191156
17492,Dalby_Dry,161.7713233,150.6189168,188.107499,227.4523926
17492,Dalby_Wet,521.0001378,522.4859489,542.3434086,479.6364753
17492,Emerald_Dry,102.428766,95.989961,97.49307108,121.2682234
17492,Emerald_Wet,524.2350103,514.2636552,522.6404462,494.4733107
17493,Dalby_Dry,166.0490268,181.6430465,221.3294482,202.7414202
17493,Dalby_Wet,514.7498109,502.9344636,513.6668226,463.3630289
17493,Emerald_Dry,103.9418156,114.4171024,140.724368,168.9319588
17493,Emerald_Wet,544.6665403,544.1336603,548.226431,649.868105
17494,Dalby_Dry,132.5477677,154.3101842,191.1926457,124.6452785
17494,Dalby_Wet,495.8100054,504.340073,532.1971732,454.9675509
17494,Emerald_Dry,105.6972102,114.8630499,161.440352,73.61637703
17494,Emerald_Wet,525.6937281,549.9841168,540.4822493,608.5414496
17495,Dalby_Dry,154.5920749,146.533184,208.9425143,173.7261965
17495,Dalby_Wet,525.6572342,533.2961353,579.5766742,520.0423204
17495,Emerald_Dry,101.0205846,100.0374692,149.1143446,30.31067638
17495,Emerald_Wet,536.0411812,546.6664995,548.6618308,552.1402648
17496,Dalby_Dry,191.6949593,197.2574226,210.3640561,163.7243892
17496,Dalby_Wet,529.6779104,534.3161367,503.1103465,647.7158303
17496,Emerald_Dry,110.0693905,108.1473577,127.4208215,40.33202291
17496,Emerald_Wet,550.4361116,557.8101405,502.5088688,633.879991
17497,Dalby_Dry,245.4877846,242.427792,240.5840948,221.1618341
17497,Dalby_Wet,519.0121601,518.852517,457.3914711,524.9439937
17497,Emerald_Dry,181.8982774,193.0744608,179.2677325,121.2149138
17497,Emerald_Wet,504.6145931,507.6113726,539.3853913,452.3953694
17498,Dalby_Dry,231.9172835,228.4200042,233.9404494,261.8015003
17498,Dalby_Wet,535.8498083,521.6764143,487.8487023,509.5793466
17498,Emerald_Dry,157.5785081,162.3914648,149.8966321,122.2733286
17498,Emerald_Wet,532.9585367,509.595716,570.1647938,544.9861139
17499,Dalby_Dry,223.6985847,220.2456585,222.3866631,156.1368955
17499,Dalby_Wet,538.9398971,525.4097257,532.406943,518.5315475
17499,Emerald_Dry,150.3878978,139.7755209,147.1165616,200.258836
17499,Emerald_Wet,523.3035134,508.4985501,583.1877916,550.8754259
17500,Dalby_Dry,181.5070377,179.8833399,155.1702874,148.0517102
17500,Dalby_Wet,519.0596116,528.6027875,509.2417932,650.5166048
17500,Emerald_Dry,109.860298,113.479012,112.8542567,91.68536393
17500,Emerald_Wet,553.0806366,548.360265,552.1122105,574.4770168
17501,Dalby_Dry,191.3753292,202.1662001,233.1472195,205.1465124
17501,Dalby_Wet,541.2596305,556.1440285,587.4890669,506.5141925
17501,Emerald_Dry,110.0475155,117.164427,78.33231618,125.2942884
17501,Emerald_Wet,571.44391,575.0563898,554.6612955,689.8780864
17502,Dalby_Dry,184.6016689,157.6600756,177.4703192,162.650603
17502,Dalby_Wet,525.4777487,538.1499482,512.8156654,522.8776027
17502,Emerald_Dry,107.4908187,113.1456602,65.95037076,126.4117737
17502,Emerald_Wet,573.1000847,596.4683559,603.0765904,600.8192921
17503,Dalby_Dry,165.7804267,182.5601861,178.2386115,114.7789298
17503,Dalby_Wet,532.2969968,507.9420402,547.1810051,556.8873665
17503,Emerald_Dry,104.5815829,111.7320109,71.40854761,121.2684838
17503,Emerald_Wet,545.603123,550.2766534,593.7507874,563.1981284
17504,Dalby_Dry,143.2392319,137.1127932,164.764886,158.9495819
17504,Dalby_Wet,505.1136104,503.0386447,489.5845963,540.4788386
17504,Emerald_Dry,103.3620069,109.2692248,92.03557584,191.0469255
17504,Emerald_Wet,520.3678385,543.4995825,469.002141,503.4645902
17505,Dalby_Dry,132.2692169,123.2836833,130.0355596,153.0356695
17505,Dalby_Wet,495.1283697,488.642923,527.8931732,463.0422997
17505,Emerald_Dry,104.5116883,103.3490135,136.2306865,120.7171803
17505,Emerald_Wet,504.8421988,499.1619302,482.3412196,549.293965
17506,Dalby_Dry,197.8345385,209.0635381,251.3628888,106.4299716
17506,Dalby_Wet,540.1211813,549.8602736,493.571123,633.1809005
17506,Emerald_Dry,113.8491176,105.4796571,88.73710139,130.3641669
17506,Emerald_Wet,565.7072728,582.1292303,540.8264884,533.9500301
17507,Dalby_Dry,223.8987857,195.3803724,210.5017031,228.6333316
17507,Dalby_Wet,535.5417088,565.5765961,554.6560938,507.6395
17507,Emerald_Dry,143.8441446,131.4624941,139.9264273,158.5483781
17507,Emerald_Wet,535.2349277,538.6625627,578.4913964,467.3733988
17508,Dalby_Dry,144.6330153,156.2596232,146.9532425,216.7681438
17508,Dalby_Wet,507.2381446,517.1209646,521.8718547,442.9983433
17508,Emerald_Dry,104.1348623,119.1729484,83.27635625,104.2998664
17508,Emerald_Wet,521.0230718,520.7004205,527.7084383,551.5076902
17509,Dalby_Dry,180.3737092,173.3604388,128.4867205,121.1913695
17509,Dalby_Wet,533.2865259,545.3304304,560.4250114,528.3218488
17509,Emerald_Dry,106.1417942,93.93536951,89.25976132,122.1527697
17509,Emerald_Wet,558.621743,585.362972,566.4631148,634.62997
17510,Dalby_Dry,240.4387688,218.6635902,272.6653623,280.8204823
17510,Dalby_Wet,542.6529187,562.686436,541.8681284,445.4298593
17510,Emerald_Dry,162.3766074,157.4616283,150.3301181,118.4463808
17510,Emerald_Wet,531.9166032,536.4587135,542.3678619,598.1034562
17511,Dalby_Dry,180.7551111,183.3804926,144.8723533,236.235702
17511,Dalby_Wet,522.5052746,507.5187226,492.0622348,554.3712766
17511,Emerald_Dry,109.1040618,123.3548609,137.5782523,111.1804359
17511,Emerald_Wet,555.7401661,562.0065777,547.5035396,560.7537282
17512,Dalby_Dry,166.3102704,174.8901539,184.4623119,96.82868699
17512,Dalby_Wet,512.8457346,510.3558527,512.4007403,497.2376194
17512,Emerald_Dry,104.0864886,84.41997542,136.6016047,149.6920564
17512,Emerald_Wet,538.425626,527.2110989,555.0843096,503.6982298
17513,Dalby_Dry,206.1859163,208.9585303,229.5672471,198.0926877
17513,Dalby_Wet,545.4787465,532.9583423,556.4638032,470.9893306
17513,Emerald_Dry,128.3941116,115.9222105,90.52748423,171.9534315
17513,Emerald_Wet,563.5974644,545.6840796,545.8260774,585.511727
17514,Dalby_Dry,185.3616314,191.2365459,200.0649821,170.9123606
17514,Dalby_Wet,529.4758279,531.9775991,543.134051,510.4626304
17514,Emerald_Dry,111.1494929,134.3228578,79.89429761,208.9855115
17514,Emerald_Wet,548.3966771,556.5617153,505.6898458,492.9175266
17515,Dalby_Dry,215.2838101,203.2360372,189.2540094,223.240181
17515,Dalby_Wet,537.4342701,537.3645423,560.8008575,553.0241564
17515,Emerald_Dry,138.0989855,121.997567,124.7091199,65.40327603
17515,Emerald_Wet,550.7049459,541.5175307,547.5623562,495.1779985
17516,Dalby_Dry,201.2517737,223.9968464,213.7316722,291.0351307
17516,Dalby_Wet,530.5809722,537.4601701,537.5286636,538.2102479
17516,Emerald_Dry,121.9922047,125.8115719,138.9833936,118.0651622
17516,Emerald_Wet,541.4148791,538.8277641,536.8331858,507.0443548
17517,Dalby_Dry,252.5242826,244.4151674,271.8877719,238.671197
17517,Dalby_Wet,516.0076384,522.4951147,515.1549788,549.5487453
17517,Emerald_Dry,191.2590268,197.1045796,232.1105237,220.8861802
17517,Emerald_Wet,494.5176607,480.9714564,501.4937653,454.7092534
17518,Dalby_Dry,261.0774125,274.7450328,235.5837421,243.9099774
17518,Dalby_Wet,516.9432653,524.2028217,495.3362589,481.4707925
17518,Emerald_Dry,197.7839075,217.1483585,195.4053861,159.4871887
17518,Emerald_Wet,483.9150345,487.8119605,469.8149524,505.315582
17519,Dalby_Dry,161.2894273,141.1765281,201.0565686,81.33676529
17519,Dalby_Wet,517.7420516,538.961324,522.9841148,450.5053514
17519,Emerald_Dry,103.5707827,94.54584503,52.54314825,77.02495559
17519,Emerald_Wet,545.9904387,549.7486517,564.3843233,502.0267347
17520,Dalby_Dry,173.0083169,168.5553065,148.1627092,168.0239517
17520,Dalby_Wet,529.3685982,531.4402805,474.2660042,576.9866114
17520,Emerald_Dry,107.4381162,106.2065682,110.0308844,51.86123469
17520,Emerald_Wet,540.1785135,546.9415497,548.9194019,443.7747326
17521,Dalby_Dry,181.2160632,182.3212913,162.3990779,140.5826494
17521,Dalby_Wet,521.018956,537.9501982,565.8338156,542.3406717
17521,Emerald_Dry,112.2000539,120.4376418,110.1254658,100.1569478
17521,Emerald_Wet,546.4865448,547.0464457,563.062443,561.2608185
17522,Dalby_Dry,171.0446331,156.6645587,169.5837344,158.5241923
17522,Dalby_Wet,525.9373186,509.8077071,532.3175348,545.6618126
17522,Emerald_Dry,103.4759928,104.70817,138.4834455,65.27718669
17522,Emerald_Wet,544.0561124,547.2848524,558.5900889,566.4533525
17523,Dalby_Dry,181.8175396,179.1776713,198.5427626,194.872789
17523,Dalby_Wet,518.5994253,503.1588896,522.1426354,530.4269681
17523,Emerald_Dry,113.6329795,128.3041659,135.1981466,130.4251415
17523,Emerald_Wet,530.311354,527.3225195,517.3983035,530.7931993
17524,Dalby_Dry,190.6308694,181.7107176,185.7772238,167.2028179
17524,Dalby_Wet,531.7328998,538.3790051,523.2718163,540.3483984
17524,Emerald_Dry,114.1657749,114.4272584,153.0654755,129.2644067
17524,Emerald_Wet,542.7880324,534.7615546,514.2416562,572.8744574
17525,Dalby_Dry,255.5915786,254.2982484,246.5522978,231.1359372
17525,Dalby_Wet,509.0425594,508.7901097,491.1080101,484.7986574
17525,Emerald_Dry,188.2097323,195.7138325,164.4316885,167.897008
17525,Emerald_Wet,483.65277,483.0076365,488.8398769,466.5060828
17526,Dalby_Dry,234.6318488,235.387836,210.7890649,217.1228434
17526,Dalby_Wet,539.4512379,552.2045013,546.921397,472.7757689
17526,Emerald_Dry,157.3004325,147.6694939,124.1822065,136.033707
17526,Emerald_Wet,532.6170193,523.4692114,558.9546636,553.4993274
17527,Dalby_Dry,154.7838173,121.0825529,166.6679609,189.1531985
17527,Dalby_Wet,523.0665199,536.0058357,509.6562673,563.8082287
17527,Emerald_Dry,99.4971658,78.38742288,118.822236,135.4758498
17527,Emerald_Wet,530.1259123,525.1314029,525.8802962,507.8426629
17528,Dalby_Dry,154.5913807,141.460824,131.1158102,106.9370464
17528,Dalby_Wet,506.8102759,489.2070652,480.6947035,451.0955735
17528,Emerald_Dry,102.6435499,114.8026045,74.50982276,198.6278484
17528,Emerald_Wet,517.3736233,525.8781478,503.9334417,531.5757162
17529,Dalby_Dry,171.2003791,177.8091058,173.4508159,67.51514185
17529,Dalby_Wet,525.7007561,501.3156908,467.8825142,547.6954992
17529,Emerald_Dry,103.1354963,104.6259154,67.48732264,141.9057389
17529,Emerald_Wet,542.4609603,559.9913285,512.8665675,567.9261205
17530,Dalby_Dry,199.5200307,218.2619783,196.166582,230.2365759
17530,Dalby_Wet,523.1629681,522.6253933,507.0353265,552.387014
17530,Emerald_Dry,119.7590314,130.3168142,102.8225261,190.0948989
17530,Emerald_Wet,539.6723147,537.024429,500.8466788,542.8806071
17531,Dalby_Dry,132.9026376,132.8367794,111.8014334,187.1473227
17531,Dalby_Wet,484.5757044,469.1788568,503.9759345,395.2141139
17531,Emerald_Dry,103.3528612,89.93072233,98.12873887,119.5929632
17531,Emerald_Wet,504.6980268,479.2714745,495.4545646,441.1149893
17532,Dalby_Dry,161.507024,158.7797271,159.8761314,197.1184007
17532,Dalby_Wet,520.8669565,513.52251,468.3106482,591.6269871
17532,Emerald_Dry,104.6133912,95.15123426,67.68876169,111.101074
17532,Emerald_Wet,529.605896,485.3841956,436.3522672,527.3261527
17533,Dalby_Dry,156.7457592,172.1096296,165.2908973,126.3570941
17533,Dalby_Wet,503.8790125,498.3295877,558.0168498,518.1422837
17533,Emerald_Dry,106.7855561,75.18319394,109.5843994,87.04193754
17533,Emerald_Wet,513.5497106,524.280711,567.2426912,434.8673871
17534,Dalby_Dry,234.4145931,206.3064434,238.2081458,264.4256012
17534,Dalby_Wet,540.2964461,530.0333753,584.5816789,494.4267739
17534,Emerald_Dry,155.9321194,159.2552678,219.9477646,220.2208819
17534,Emerald_Wet,526.5269796,539.292739,533.6336055,519.8870875
17535,Dalby_Dry,252.7573911,232.6705861,244.1555437,250.4198921
17535,Dalby_Wet,522.3647988,510.2859145,541.0352584,495.6920908
17535,Emerald_Dry,187.0642353,205.5065702,180.8262624,248.7326649
17535,Emerald_Wet,492.1303663,484.1200663,493.8424786,402.1451048
17536,Dalby_Dry,213.0002287,203.3333637,191.0566086,162.6298682
17536,Dalby_Wet,535.1764541,545.4204064,551.6986559,502.7574812
17536,Emerald_Dry,135.7543778,131.7852723,120.2545563,137.2298611
17536,Emerald_Wet,560.4564919,545.6536968,531.1842493,492.8559845
17537,Dalby_Dry,184.9993344,174.8218762,195.5161598,222.6098577
17537,Dalby_Wet,532.126705,544.8339932,505.6863962,543.8516485
17537,Emerald_Dry,109.9813573,98.35706998,103.5859377,84.79212582
17537,Emerald_Wet,552.0601752,568.1244822,541.4726038,550.8909052
17538,Dalby_Dry,224.1144864,227.000738,266.6227979,254.001193
17538,Dalby_Wet,541.1616069,555.4638392,532.5346328,468.5756771
17538,Emerald_Dry,141.8665522,150.2652097,118.2564365,107.8843005
17538,Emerald_Wet,549.9181045,525.9796637,649.6667717,552.0553831
17539,Dalby_Dry,132.2064107,126.1286967,140.2665633,120.4423186
17539,Dalby_Wet,494.6300872,486.8689798,532.4578777,436.1516984
17539,Emerald_Dry,105.5575532,128.2294642,144.0385361,101.1458566
17539,Emerald_Wet,522.6605479,499.0380703,516.2824851,503.6850714
17540,Dalby_Dry,236.8303443,225.8439966,234.7703605,269.017586
17540,Dalby_Wet,522.3627434,509.5308136,495.5009397,513.093976
17540,Emerald_Dry,166.1489478,159.2147471,197.1023084,147.0924462
17540,Emerald_Wet,502.089988,528.8684285,493.4166654,511.4825078
17541,Dalby_Dry,221.6222493,229.3723035,209.1804262,249.8304552
17541,Dalby_Wet,542.0443211,546.3610406,514.6424483,595.9610235
17541,Emerald_Dry,141.7713223,108.8159329,82.31450079,243.4280752
17541,Emerald_Wet,556.9929584,544.400121,600.9039767,568.3031877
17542,Dalby_Dry,154.5230013,170.7064903,173.9404214,159.4768123
17542,Dalby_Wet,508.1625449,506.1694774,535.7519045,526.0879784
17542,Emerald_Dry,102.1484997,105.33951,119.9897108,132.3265875
17542,Emerald_Wet,521.9753111,532.3832747,532.0628984,494.2541489
17543,Dalby_Dry,195.0942593,205.7688653,222.1997714,166.1342988
17543,Dalby_Wet,531.4358526,549.7787183,503.9907186,477.132266
17543,Emerald_Dry,127.0794544,112.9470257,51.75202215,111.8250028
17543,Emerald_Wet,537.0615227,510.8426543,540.3434377,506.6938956
17544,Dalby_Dry,234.410287,226.6129784,268.3762969,257.5138003
17544,Dalby_Wet,540.6539008,524.7683769,575.1150342,539.4500995
17544,Emerald_Dry,156.6525435,165.5999936,165.624632,224.9116947
17544,Emerald_Wet,534.0469144,510.5434029,502.4849902,490.7674297
17545,Dalby_Dry,191.5393864,202.3840965,212.0145524,185.7048648
17545,Dalby_Wet,529.2320625,512.3698983,537.5984409,440.2292811
17545,Emerald_Dry,115.6891319,115.6560063,95.17203243,114.7672399
17545,Emerald_Wet,544.9443055,551.0540938,555.9854367,566.0933076
17546,Dalby_Dry,231.6705689,246.9684271,237.2854946,173.3557684
17546,Dalby_Wet,538.9058701,543.2235107,539.8917616,552.0014122
17546,Emerald_Dry,159.1537789,166.7119881,209.8930706,182.0268099
17546,Emerald_Wet,524.862827,539.3246615,512.6813079,501.4098659
17547,Dalby_Dry,165.4527323,152.5620156,124.4299209,115.0276989
17547,Dalby_Wet,524.2261881,524.2670388,502.0047269,526.0104039
17547,Emerald_Dry,104.0480437,117.3762695,74.00801935,77.73246986
17547,Emerald_Wet,540.7745326,540.0782799,480.0580296,525.8690762
17548,Dalby_Dry,221.3068944,238.8606971,213.4662452,294.6044481
17548,Dalby_Wet,543.1709598,544.4355377,528.1990298,548.3298971
17548,Emerald_Dry,141.099949,121.3162085,118.5051326,151.7581602
17548,Emerald_Wet,560.7239831,562.222013,546.3275244,574.2172159
17549,Dalby_Dry,215.3926802,198.6814053,190.4816058,167.9479399
17549,Dalby_Wet,539.0827802,552.786883,530.641707,534.574795
17549,Emerald_Dry,139.1843053,137.9870299,131.8341904,161.0467461
17549,Emerald_Wet,545.3085205,541.462453,520.816551,541.4574362
17550,Dalby_Dry,138.1577943,125.4973557,104.8563177,164.7278615
17550,Dalby_Wet,509.5039107,495.7998416,514.1705068,565.0787792
17550,Emerald_Dry,104.1916967,122.9236453,129.617929,52.20418364
17550,Emerald_Wet,521.8519273,493.4797401,475.6793563,493.8980234
17551,Dalby_Dry,185.6241812,175.389363,142.5523756,167.6368242
17551,Dalby_Wet,532.5748332,528.1020027,598.5737774,463.3531785
17551,Emerald_Dry,112.4776867,111.213557,126.061523,71.72043793
17551,Emerald_Wet,545.6584409,557.4418885,539.6392053,565.8830371
17552,Dalby_Dry,198.0658477,175.9203217,166.7415332,192.1958671
17552,Dalby_Wet,543.2883846,540.5767675,517.4017,513.8412922
17552,Emerald_Dry,116.3865932,105.3614839,152.1679753,104.4096384
17552,Emerald_Wet,570.3843836,586.0771917,576.7396461,580.5743828
17553,Dalby_Dry,208.8348805,195.1392855,239.184273,181.0088144
17553,Dalby_Wet,537.1885315,559.2195178,546.3000367,565.3381483
17553,Emerald_Dry,136.3800364,150.9050239,102.6705159,77.07903481
17553,Emerald_Wet,534.2112883,553.7156602,532.8440692,537.0788436
17554,Dalby_Dry,155.2412647,144.7272487,121.7361265,115.1888276
17554,Dalby_Wet,521.8772559,528.1900197,507.9743535,525.5422264
17554,Emerald_Dry,102.1391794,91.69811008,141.3365591,121.3367215
17554,Emerald_Wet,531.7654404,530.6000199,523.6715109,505.6997741
17555,Dalby_Dry,180.8232869,180.2472043,215.2042494,155.142461
17555,Dalby_Wet,520.4659643,516.6172486,548.3907355,537.8604138
17555,Emerald_Dry,107.7238707,100.7561086,102.6637757,186.8011904
17555,Emerald_Wet,538.1876451,519.2912022,545.2703383,565.080021
17556,Dalby_Dry,156.0447312,182.146314,206.1802777,87.22517456
17556,Dalby_Wet,503.4675943,517.1587119,499.7421786,461.0520501
17556,Emerald_Dry,102.5088007,106.1364227,85.94086937,152.5033342
17556,Emerald_Wet,517.0945472,518.0475196,501.7588856,478.33003
17557,Dalby_Dry,161.0874656,125.5957774,166.8406412,136.5833894
17557,Dalby_Wet,515.850913,510.6726714,505.1908469,509.2567159
17557,Emerald_Dry,102.957946,118.8012958,105.6060587,216.0462178
17557,Emerald_Wet,543.1384761,558.2134209,540.4098113,615.9953809
17558,Dalby_Dry,204.9538,191.366019,252.4559081,184.154335
17558,Dalby_Wet,544.0947363,562.6802155,581.9966771,535.8514964
17558,Emerald_Dry,120.2553998,113.5288017,127.7539603,115.7077231
17558,Emerald_Wet,553.9311333,523.0051082,533.1066908,594.5865386
17559,Dalby_Dry,205.3818447,219.262839,232.6881574,175.8978597
17559,Dalby_Wet,542.2870495,520.8258383,495.3552742,540.1873311
17559,Emerald_Dry,131.0535145,106.8301066,165.5674919,167.8917615
17559,Emerald_Wet,546.0269845,547.1533767,565.3703686,533.083521
17560,Dalby_Dry,172.9365253,167.1843105,150.6135747,164.7367941
17560,Dalby_Wet,529.191517,522.6772622,540.0707542,466.9631624
17560,Emerald_Dry,107.3458044,82.84055449,128.3450409,50.81950155
17560,Emerald_Wet,541.7195166,552.3449424,528.7789539,596.8812117
17561,Dalby_Dry,154.5081573,154.3801983,166.6155476,205.7040695
17561,Dalby_Wet,507.5292501,509.5016234,474.6302697,544.8915537
17561,Emerald_Dry,101.4319236,100.2633226,135.3085587,103.5587559
17561,Emerald_Wet,531.7088643,530.6085005,526.1546231,470.6261118
17562,Dalby_Dry,199.8835017,234.7608544,184.6103249,239.5281239
17562,Dalby_Wet,537.8155313,531.7638321,566.1987503,592.4738853
17562,Emerald_Dry,118.2233679,127.3387377,81.73276285,87.7871208
17562,Emerald_Wet,562.9823436,547.7574369,552.4498867,625.92512
17563,Dalby_Dry,230.1099659,231.7628229,265.9211687,214.7913362
17563,Dalby_Wet,541.7639748,557.7427711,576.7611467,508.9879324
17563,Emerald_Dry,156.11191,160.2008989,180.0633571,108.4092958
17563,Emerald_Wet,539.4565102,552.4473128,518.798166,547.249366
17564,Dalby_Dry,232.5170873,218.0235973,209.107718,221.9635033
17564,Dalby_Wet,544.3847252,573.1877,595.1219588,541.2862368
17564,Emerald_Dry,159.854733,163.8524984,144.5489694,203.2068214
17564,Emerald_Wet,543.7000882,553.3502436,549.8503678,589.6236914
17565,Dalby_Dry,252.5167151,258.2543133,284.3999348,299.3582416
17565,Dalby_Wet,538.3169734,538.9691507,489.126175,580.9833965
17565,Emerald_Dry,182.5646869,190.2850941,188.8453495,190.4427015
17565,Emerald_Wet,520.3462216,518.6797043,560.5095179,505.8942339
17566,Dalby_Dry,180.9947583,163.169118,215.4339425,233.7168776
17566,Dalby_Wet,515.7610835,504.600459,518.9205012,492.3643667
17566,Emerald_Dry,109.6504792,91.40135479,67.31231516,6.313773291
17566,Emerald_Wet,533.5120289,551.4249019,534.1882657,561.9091344
17567,Dalby_Dry,215.1418922,197.8890254,212.4119144,236.5466633
17567,Dalby_Wet,535.5598094,520.3368046,534.816882,612.5297434
17567,Emerald_Dry,145.6789707,152.2178492,151.6915285,197.5007261
17567,Emerald_Wet,541.809166,561.8835468,596.9101975,535.3466505
17568,Dalby_Dry,165.1964794,175.7230678,128.3486581,98.95715536
17568,Dalby_Wet,516.9420693,520.2031814,520.765464,494.2079984
17568,Emerald_Dry,101.8038593,111.4709849,96.89067565,153.1646173
17568,Emerald_Wet,546.8964834,541.9899065,548.238888,527.7789357
17569,Dalby_Dry,207.9514994,227.4117722,238.2405454,196.1795797
17569,Dalby_Wet,537.8690395,522.7196811,560.9378961,505.7987129
17569,Emerald_Dry,129.6686018,110.6733676,95.44327645,149.104713
17569,Emerald_Wet,533.2443383,551.1890803,489.8704533,560.9060675
17570,Dalby_Dry,200.7657406,219.6520072,190.2828473,244.2327792
17570,Dalby_Wet,524.0441384,523.0457889,483.4928846,529.9106744
17570,Emerald_Dry,125.6795635,122.0748585,157.0118297,54.2715472
17570,Emerald_Wet,544.1434496,533.0636692,588.698729,514.5801014
17571,Dalby_Dry,155.1669849,177.2641565,99.54338678,156.0682955
17571,Dalby_Wet,524.3730516,539.8913911,516.1367132,531.9111183
17571,Emerald_Dry,101.2126799,133.3745331,55.72818097,109.8020942
17571,Emerald_Wet,531.6564594,543.0340854,552.3853039,517.6678636
17572,Dalby_Dry,213.192933,219.1493901,216.617812,290.3650582
17572,Dalby_Wet,534.2961306,525.8601734,547.8915032,520.634553
17572,Emerald_Dry,135.6987346,140.4279706,105.2162625,156.6551258
17572,Emerald_Wet,558.8278014,581.1880202,541.9834424,522.8470618
17573,Dalby_Dry,143.501707,169.2112956,164.8335006,106.9485227
17573,Dalby_Wet,508.4537805,505.8614064,544.3281288,516.5783477
17573,Emerald_Dry,104.1746153,114.8080761,100.1027768,106.7834655
17573,Emerald_Wet,535.7839147,536.6744127,530.5389224,557.6707118
17574,Dalby_Dry,215.4518547,218.7342414,209.5712282,188.7972816
17574,Dalby_Wet,527.93778,540.0307411,551.8877036,518.4897211
17574,Emerald_Dry,140.4673744,158.5738779,86.49626408,111.5337895
17574,Emerald_Wet,544.3532276,552.9514559,531.2909137,602.3295109
17575,Dalby_Dry,160.6942303,134.8701186,169.8539905,102.5902013
17575,Dalby_Wet,523.3893166,512.1014918,564.2271767,553.0135361
17575,Emerald_Dry,101.8826169,108.1112998,128.2278518,123.9948483
17575,Emerald_Wet,528.6886168,531.2783591,511.6432199,506.1020684
17576,Dalby_Dry,180.8201038,199.0059652,160.5832954,214.464768
17576,Dalby_Wet,528.5585393,528.4137506,498.343847,534.2026206
17576,Emerald_Dry,109.2960406,83.98170483,107.5074935,132.7952853
17576,Emerald_Wet,537.0737052,541.4094459,523.9183334,574.1735145
17577,Dalby_Dry,161.2556592,188.1131109,166.3110303,177.7785831
17577,Dalby_Wet,516.7239711,511.3028001,490.6633969,594.7225924
17577,Emerald_Dry,104.8930327,103.2360813,114.3371607,73.86246672
17577,Emerald_Wet,546.5020617,545.5994181,556.1736662,544.8093852
17578,Dalby_Dry,242.1398346,262.6637239,239.8845313,201.9141815
17578,Dalby_Wet,537.581044,532.1265528,499.6979644,544.6838908
17578,Emerald_Dry,165.0930453,162.0698338,151.0719715,119.9803605
17578,Emerald_Wet,517.6523813,537.8389963,525.4786501,451.8828406
17579,Dalby_Dry,171.7517467,167.6513991,147.5767552,56.99725099
17579,Dalby_Wet,525.994501,557.2186295,504.2236039,508.5421662
17579,Emerald_Dry,102.7971792,115.7661565,85.53345771,67.31042327
17579,Emerald_Wet,564.8928982,565.2276844,580.0586714,582.0045728
17580,Dalby_Dry,166.0310766,173.5775572,180.2585247,197.0815819
17580,Dalby_Wet,526.7602926,532.8002812,465.2813222,551.6197547
17580,Emerald_Dry,104.2553603,113.1462409,120.3333965,108.9523886
17580,Emerald_Wet,542.0333092,536.3014213,567.4676331,553.5780168
17581,Dalby_Dry,214.714642,201.541096,207.5488935,268.4463832
17581,Dalby_Wet,539.3545681,518.470233,523.0613425,520.0468139
17581,Emerald_Dry,144.7603541,133.9090524,113.8528764,203.6360302
17581,Emerald_Wet,539.4005383,524.069401,502.7403622,535.3296647
17582,Dalby_Dry,192.3277602,214.118026,223.095018,164.3037905
17582,Dalby_Wet,526.5581385,508.0118741,547.7170888,577.9882596
17582,Emerald_Dry,113.9815198,108.0602947,107.7811806,124.7699711
17582,Emerald_Wet,560.4944059,537.0163007,558.6480907,620.3920908
17583,Dalby_Dry,215.2220312,206.6632618,194.5692241,272.7211274
17583,Dalby_Wet,536.0055709,537.9739725,547.3771211,549.2585391
17583,Emerald_Dry,139.9141715,145.8504208,138.1656886,95.05204519
17583,Emerald_Wet,539.4397862,524.0472446,532.0017236,594.7989087
17584,Dalby_Dry,170.5447798,178.49816,167.771948,118.7392815
17584,Dalby_Wet,525.4708955,531.408114,550.9634196,542.9402855
17584,Emerald_Dry,104.9048,106.0433394,68.49027637,87.18714082
17584,Emerald_Wet,544.2240384,526.9274769,505.13322,630.6623659
17585,Dalby_Dry,212.7920456,226.0460313,212.0894099,223.7257973
17585,Dalby_Wet,541.4759686,535.8236931,484.340752,539.1557625
17585,Emerald_Dry,133.0779919,119.5846036,141.3547167,159.5510426
17585,Emerald_Wet,553.9791774,555.4830451,573.3564478,521.364438
17586,Dalby_Dry,183.4194573,164.5113261,154.8168042,270.3351936
17586,Dalby_Wet,525.4742799,521.5803164,484.2698994,601.2903682
17586,Emerald_Dry,119.8376461,115.3469385,89.89844988,132.6713776
17586,Emerald_Wet,531.7527403,514.4444531,551.5513755,498.0947084
17587,Dalby_Dry,205.5432755,190.2366848,182.2603906,221.2638325
17587,Dalby_Wet,545.7606213,559.9163205,524.2979576,517.1319881
17587,Emerald_Dry,130.9612481,130.7367894,181.6785199,115.6821985
17587,Emerald_Wet,546.0562487,536.4154108,571.2412867,559.6812765
17588,Dalby_Dry,171.2007617,167.6743265,164.3638245,184.0184681
17588,Dalby_Wet,528.9551179,529.4001085,524.1404608,559.9318297
17588,Emerald_Dry,105.9361959,117.4070399,107.1944633,117.9746036
17588,Emerald_Wet,538.7449112,563.5226103,497.1040657,544.310225
17589,Dalby_Dry,224.8463095,232.7130902,215.628764,223.0447289
17589,Dalby_Wet,533.649363,537.8630992,537.7101697,554.7018111
17589,Emerald_Dry,153.9469077,146.7737158,153.0308475,151.8244097
17589,Emerald_Wet,531.0371292,543.8097787,549.798186,554.3573766
17590,Dalby_Dry,160.6213053,122.7124589,118.3604584,203.9235157
17590,Dalby_Wet,520.4646449,517.2730222,602.7832635,484.7415537
17590,Emerald_Dry,104.0973045,110.5074448,129.2440703,114.1932838
17590,Emerald_Wet,527.0877114,507.9923326,532.669042,531.6647465
17591,Dalby_Dry,254.6835173,258.186421,247.4349978,250.6216452
17591,Dalby_Wet,538.2030863,542.6500537,496.9411957,503.4257204
17591,Emerald_Dry,176.618756,168.2102965,176.0117862,217.8555477
17591,Emerald_Wet,516.900273,527.7576562,505.6255374,518.420976
17592,Dalby_Dry,224.2302488,224.2302514,216.4966269,183.3961391
17592,Dalby_Wet,539.2060702,538.4464323,539.5891309,540.744629
17592,Emerald_Dry,151.4883609,184.5894397,140.3039392,199.5574182
17592,Emerald_Wet,518.196623,538.6180228,514.6831707,574.8955132
17593,Dalby_Dry,155.0264296,166.2507263,193.8808754,175.7576881
17593,Dalby_Wet,526.4363881,551.1848174,549.5335539,474.6696671
17593,Emerald_Dry,101.579148,85.30940983,89.57558383,195.5345356
17593,Emerald_Wet,531.5915899,539.1746387,530.8241672,504.0237297
17594,Dalby_Dry,132.5147943,121.2466607,117.1086661,137.8207201
17594,Dalby_Wet,494.9923853,504.7179126,438.1548387,409.7632749
17594,Emerald_Dry,105.3512664,104.624438,129.3267964,127.8664303
17594,Emerald_Wet,527.2466098,541.8495368,515.1868758,505.3960629
17595,Dalby_Dry,243.0910445,217.755606,261.3503771,242.4994648
17595,Dalby_Wet,534.9939802,518.4705015,522.7059719,512.4464063
17595,Emerald_Dry,166.3907014,156.5282663,168.198733,150.928103
17595,Emerald_Wet,511.0229593,502.4117751,544.9291742,445.0926928
17596,Dalby_Dry,167.340238,159.3047234,166.0323396,167.4544285
17596,Dalby_Wet,516.0984118,517.9775383,507.7381551,510.8744787
17596,Emerald_Dry,107.9423074,115.2997675,116.2596247,89.56531207
17596,Emerald_Wet,522.323156,518.9845485,510.6768645,562.5022293
17597,Dalby_Dry,208.9668568,218.4247249,199.2003218,191.3379127
17597,Dalby_Wet,534.8635814,538.2458229,526.716428,515.9824057
17597,Emerald_Dry,137.1242886,140.4443923,141.5524675,118.8835243
17597,Emerald_Wet,526.133459,514.1967937,523.0609033,543.4814029
17598,Dalby_Dry,267.0591587,274.7891958,227.9812902,293.2039892
17598,Dalby_Wet,519.4401328,518.8443555,514.6966419,625.4369149
17598,Emerald_Dry,198.1218554,215.5920172,230.9305318,215.209804
17598,Emerald_Wet,500.5887708,471.6468553,498.8069468,468.1192405
17599,Dalby_Dry,217.725691,208.6845997,175.2140074,202.150975
17599,Dalby_Wet,527.2311403,534.2717917,520.7805411,541.309703
17599,Emerald_Dry,147.0979889,165.6266469,170.2059928,162.5032616
17599,Emerald_Wet,526.7492144,542.3233271,569.8586559,516.1979984
17600,Dalby_Dry,259.9704995,265.6130608,226.7518359,339.0326878
17600,Dalby_Wet,514.8678221,531.2673193,498.2151001,508.5209821
17600,Emerald_Dry,192.3566492,190.5570845,121.2095497,181.1199417
17600,Emerald_Wet,496.9456315,493.9241427,497.8950798,504.8565875
17601,Dalby_Dry,161.8606511,177.7649089,166.5128622,205.4378498
17601,Dalby_Wet,517.4973855,519.6501879,492.9745461,565.7651484
17601,Emerald_Dry,101.8366799,102.2812468,91.28287745,108.9708946
17601,Emerald_Wet,546.7981152,563.5480935,568.5625543,570.0067542
17602,Dalby_Dry,242.1634911,203.2729452,363.2464908,255.2897227
17602,Dalby_Wet,530.1235823,556.313769,522.5599463,513.1208423
17602,Emerald_Dry,169.9112121,158.7149717,168.9685691,147.8193964
17602,Emerald_Wet,515.0255191,493.8436828,470.6413942,480.0478506
17603,Dalby_Dry,212.7378932,203.8059148,207.8927343,200.4525152
17603,Dalby_Wet,543.5123155,552.1375226,519.5205479,466.9283978
17603,Emerald_Dry,131.1675516,124.8096937,140.750668,184.8625813
17603,Emerald_Wet,559.7805372,550.2676267,562.9156332,569.1113152
17604,Dalby_Dry,171.6887828,177.5813944,152.2197617,193.1055496
17604,Dalby_Wet,530.0554606,514.6993883,548.6506678,550.3731292
17604,Emerald_Dry,105.8544625,118.0901569,95.58820953,56.60474105
17604,Emerald_Wet,543.3651333,572.9215864,572.6406837,555.379263
17605,Dalby_Dry,253.2394711,260.4361191,296.0836241,284.7924017
17605,Dalby_Wet,532.6097878,530.9562148,533.6998774,499.1260706
17605,Emerald_Dry,187.2054167,186.0115413,184.6165856,251.9862843
17605,Emerald_Wet,501.1641081,491.8151659,515.4747585,512.1125488
17606,Dalby_Dry,194.7242682,163.3923187,190.9484765,249.6062258
17606,Dalby_Wet,530.4672832,529.4127195,534.1189657,578.8130926
17606,Emerald_Dry,122.6917532,98.93960069,136.872026,210.7343706
17606,Emerald_Wet,527.3006626,517.2867092,530.1390098,519.2702848
17607,Dalby_Dry,234.4114001,241.5230845,200.3896846,297.6222005
17607,Dalby_Wet,540.4140894,523.7738547,516.0710048,522.0331803
17607,Emerald_Dry,155.8869605,170.9802471,89.94467979,121.867113
17607,Emerald_Wet,526.5296355,513.3133366,535.6185701,552.6526534
17608,Dalby_Dry,155.3546465,142.6897621,121.5133632,131.4709332
17608,Dalby_Wet,524.8199309,549.736515,490.7684577,501.3476083
17608,Emerald_Dry,98.14000602,86.44407559,119.6128328,118.3262798
17608,Emerald_Wet,534.3683227,514.5049282,600.490186,606.181869
17609,Dalby_Dry,215.5548495,235.1585798,158.1103422,249.7067951
17609,Dalby_Wet,540.3908443,521.3788948,565.3041343,478.4222792
17609,Emerald_Dry,139.2545612,152.8448698,176.9355069,178.1302963
17609,Emerald_Wet,535.9610512,516.1594514,512.900508,539.2357512
17610,Dalby_Dry,173.2514607,186.1058181,186.8655285,126.1300166
17610,Dalby_Wet,528.6448455,526.5215095,535.4513575,560.2160828
17610,Emerald_Dry,109.9794139,113.9655182,116.2529731,65.95143305
17610,Emerald_Wet,540.5018564,537.4224541,562.1802212,465.0588699
17611,Dalby_Dry,161.869075,164.1778764,163.4271413,142.34089
17611,Dalby_Wet,516.299672,522.1190171,530.5958882,458.1576181
17611,Emerald_Dry,101.5201009,103.0334064,111.3346231,78.12330407
17611,Emerald_Wet,541.2297243,554.6290768,547.6321778,496.6462431
17612,Dalby_Dry,190.7412773,190.4438671,176.8314068,164.2416579
17612,Dalby_Wet,532.0342666,515.8286869,506.5421287,558.8395439
17612,Emerald_Dry,111.3896592,124.9796849,95.73937857,74.46085646
17612,Emerald_Wet,553.3686559,556.26434,528.94704,553.2465643
17613,Dalby_Dry,165.2946522,176.516107,149.8854627,211.2723513
17613,Dalby_Wet,514.1831792,496.0070327,508.5158258,504.4917635
17613,Emerald_Dry,105.615916,77.34790258,112.3215734,112.3091623
17613,Emerald_Wet,538.6860745,527.9149668,518.4982556,481.0341823
17614,Dalby_Dry,185.2868957,187.5912565,153.3252641,284.0699204
17614,Dalby_Wet,529.975854,515.0027747,537.1964673,515.0943899
17614,Emerald_Dry,111.1333203,98.87596961,122.4033621,130.7507787
17614,Emerald_Wet,554.2705048,535.6094443,572.3512816,478.1460268
17615,Dalby_Dry,198.1217164,212.8339939,235.0252745,178.8471238
17615,Dalby_Wet,537.9641162,543.228956,503.7185302,503.6215407
17615,Emerald_Dry,114.5766988,116.8829959,108.7254108,39.34158773
17615,Emerald_Wet,565.6950059,560.7822086,607.2699547,558.7987759
17616,Dalby_Dry,278.4646944,293.173197,266.6280619,279.5903413
17616,Dalby_Wet,481.1920599,471.5042147,496.3848587,503.8471483
17616,Emerald_Dry,229.004818,222.5074198,244.8607433,236.1635524
17616,Emerald_Wet,442.6055959,463.9903013,494.9225256,432.2497618
17617,Dalby_Dry,224.3833007,203.4406198,247.7471113,238.0422417
17617,Dalby_Wet,539.6413959,532.3825683,553.0961804,556.2409877
17617,Emerald_Dry,152.1505281,150.0542292,148.4958847,185.5113141
17617,Emerald_Wet,528.9145267,537.878005,543.6436928,554.7406108
17618,Dalby_Dry,179.2413325,162.9021502,190.5874042,167.8183999
17618,Dalby_Wet,521.3716604,532.2812573,508.3150335,536.8991395
17618,Emerald_Dry,106.3663622,122.4519333,84.56709058,107.0611465
17618,Emerald_Wet,555.7204015,555.7019063,578.8913441,562.6554559
17619,Dalby_Dry,244.903379,229.9346686,272.0457693,158.6048386
17619,Dalby_Wet,528.2101596,479.240663,548.6123681,524.9105721
17619,Emerald_Dry,181.7574458,183.5880477,127.0746704,221.5659521
17619,Emerald_Wet,506.7827123,522.3585446,528.0592173,540.4624013
17620,Dalby_Dry,165.3025199,154.7431343,135.9370266,178.1915719
17620,Dalby_Wet,527.9076189,568.4843003,507.7419025,491.4882067
17620,Emerald_Dry,103.3773441,100.2655493,104.925135,72.15460802
17620,Emerald_Wet,547.4503145,537.9762486,502.7738941,548.2098951
17621,Dalby_Dry,224.4006946,239.7116785,242.0337524,210.6797016
17621,Dalby_Wet,533.858147,548.5710268,461.0950251,556.3565309
17621,Emerald_Dry,153.109586,141.8234546,143.0625568,162.2475308
17621,Emerald_Wet,532.6757381,542.9839639,550.8871568,486.9726581
17622,Dalby_Dry,205.3534001,205.1721095,230.5209647,227.3927768
17622,Dalby_Wet,529.80091,523.6244682,546.8740109,476.4871995
17622,Emerald_Dry,132.4133595,119.3373529,106.2585983,171.2826238
17622,Emerald_Wet,550.0654101,527.7162672,577.4152814,569.6738704
17623,Dalby_Dry,253.2084062,240.1280494,284.999878,271.2666391
17623,Dalby_Wet,529.2337863,532.0366773,489.2972965,496.9244376
17623,Emerald_Dry,187.2649288,194.5751499,233.6086337,114.667091
17623,Emerald_Wet,498.8916368,512.6539312,489.1358083,373.6523111
17624,Dalby_Dry,244.7351775,262.9366068,263.3410716,243.0519966
17624,Dalby_Wet,525.070348,556.4382261,501.8512758,531.8994948
17624,Emerald_Dry,182.1955314,194.7314053,189.2092386,213.5408122
17624,Emerald_Wet,495.6487261,504.149555,541.2841624,539.4250378
17625,Dalby_Dry,212.8308032,212.3387584,196.9340672,164.4072014
17625,Dalby_Wet,544.3773461,573.1234812,553.9124518,651.052562
17625,Emerald_Dry,134.4826643,131.2697694,118.9385154,122.2889412
17625,Emerald_Wet,565.3889154,568.8389082,571.8333081,617.3127437
17626,Dalby_Dry,245.2852698,253.1602525,223.4595522,287.2294873
17626,Dalby_Wet,540.6919911,534.655732,525.1818447,547.9651692
17626,Emerald_Dry,174.9787649,166.8206637,228.9131876,180.6781098
17626,Emerald_Wet,525.4051384,530.7248739,500.4545605,534.8203515
17627,Dalby_Dry,199.3323193,204.5185385,186.6877667,213.5929461
17627,Dalby_Wet,522.5320238,533.128236,514.7477774,537.3150451
17627,Emerald_Dry,119.7897315,98.10244243,99.86680151,71.17418959
17627,Emerald_Wet,532.8094011,522.3988249,530.2292603,542.7545363
17628,Dalby_Dry,235.0298185,212.1619753,222.5238139,266.5494101
17628,Dalby_Wet,534.884515,557.7509798,552.5648883,473.3359188
17628,Emerald_Dry,152.5031743,162.630222,134.5029213,229.6097375
17628,Emerald_Wet,519.222391,508.226183,475.7203873,582.4206936
17629,Dalby_Dry,217.5461674,198.2414658,262.8915296,201.9993255
17629,Dalby_Wet,536.2053603,544.866098,530.2388586,572.2870937
17629,Emerald_Dry,150.2144487,166.6209338,119.2307983,139.5220135
17629,Emerald_Wet,517.8510542,501.5857718,470.4482266,493.6575863
17630,Dalby_Dry,178.3802062,173.7900071,166.1431046,143.2230304
17630,Dalby_Wet,531.9075581,518.5461405,531.3691372,573.5637465
17630,Emerald_Dry,103.3624337,104.3308343,136.264911,139.0744967
17630,Emerald_Wet,557.4445718,581.8912739,583.3501541,530.0967661
17631,Dalby_Dry,179.3684123,189.8653304,130.9409307,189.7394458
17631,Dalby_Wet,525.647265,517.9638279,512.1513519,506.4794274
17631,Emerald_Dry,107.0178337,101.8128302,73.03215103,12.11341196
17631,Emerald_Wet,540.3312878,549.2980876,537.4375612,573.280724
17632,Dalby_Dry,212.7657284,193.6404429,162.8499312,291.4912869
17632,Dalby_Wet,542.3023341,553.6355681,508.7970916,569.2798906
17632,Emerald_Dry,136.0549537,133.7511837,127.9631535,100.4885208
17632,Emerald_Wet,558.6882079,559.0347046,631.2783694,520.7270598
17633,Dalby_Dry,163.3585081,136.8685113,155.6414891,119.6180734
17633,Dalby_Wet,515.9292609,507.5862971,532.4918806,562.9889785
17633,Emerald_Dry,106.1764596,132.1161019,164.0550026,22.03235844
17633,Emerald_Wet,525.8967251,525.9122756,540.2515386,488.5875339
17634,Dalby_Dry,269.8779267,275.9322756,239.1732809,294.7419084
17634,Dalby_Wet,492.3425646,497.185966,488.2982594,558.3047513
17634,Emerald_Dry,213.186916,195.8896755,197.7024539,207.0559053
17634,Emerald_Wet,466.1848661,472.4529586,475.5873951,475.9763412
17635,Dalby_Dry,212.9256969,218.5517626,276.8460006,205.50351
17635,Dalby_Wet,535.2959826,531.4311156,529.2270279,494.8763322
17635,Emerald_Dry,135.6273459,140.4328371,203.3843612,161.5572966
17635,Emerald_Wet,560.9532769,562.3357517,615.5577982,565.0447408
17636,Dalby_Dry,214.8111404,230.3814853,197.0374976,248.221055
17636,Dalby_Wet,540.2114117,536.2333383,512.4061442,553.3204613
17636,Emerald_Dry,137.2255258,138.8139404,143.6274941,119.1421676
17636,Emerald_Wet,546.9384887,549.6610762,589.8456778,511.5989935
17637,Dalby_Dry,193.7938581,183.5568432,164.0396393,183.2163015
17637,Dalby_Wet,530.2786564,531.6173329,534.0415523,493.8244219
17637,Emerald_Dry,121.6038556,103.6828017,117.0859806,153.2002841
17637,Emerald_Wet,541.5618763,558.5152848,497.443043,536.4250402
17638,Dalby_Dry,161.7600121,156.9124196,135.7288995,182.0813997
17638,Dalby_Wet,520.6435031,524.1643958,507.4138234,536.5729902
17638,Emerald_Dry,101.3588379,100.277414,127.3435825,132.5733063
17638,Emerald_Wet,528.6199327,507.2354806,505.8240258,542.9742524
17639,Dalby_Dry,228.3685029,214.9905525,250.3764962,270.3058855
17639,Dalby_Wet,527.4326513,533.601709,489.1161141,558.9333844
17639,Emerald_Dry,164.9821788,171.2035743,201.978936,123.161723
17639,Emerald_Wet,512.3200892,516.2510752,510.8077078,549.7070603
17640,Dalby_Dry,180.5855584,165.3729739,169.6432991,170.9717446
17640,Dalby_Wet,522.5220991,519.9557,492.6113658,528.153416
17640,Emerald_Dry,106.8011792,78.97863743,81.02000869,156.0996501
17640,Emerald_Wet,555.743369,559.2089057,562.6150058,542.7537211
17641,Dalby_Dry,191.4287875,198.0119941,171.2310835,161.4003333
17641,Dalby_Wet,541.8717366,527.7992451,500.994722,531.7798891
17641,Emerald_Dry,109.0940111,118.8930407,99.14539573,114.0759639
17641,Emerald_Wet,571.2850007,562.1951851,579.8259509,573.84633
17642,Dalby_Dry,154.282086,162.6019358,187.349472,69.12315044
17642,Dalby_Wet,524.4231187,530.3914741,500.412619,512.6900596
17642,Emerald_Dry,102.2938047,84.74983002,119.7269371,109.3368182
17642,Emerald_Wet,531.2115405,550.9135834,549.3604266,556.4169098
17643,Dalby_Dry,165.793508,175.550929,129.2063645,164.9029939
17643,Dalby_Wet,529.3392256,516.7702439,536.8628838,492.003065
17643,Emerald_Dry,102.2589692,97.82681873,120.0115255,85.28182318
17643,Emerald_Wet,561.1593593,553.4470037,537.1454071,574.7382861
17644,Dalby_Dry,184.5743096,180.9270186,180.5262119,180.5552379
17644,Dalby_Wet,533.1809295,558.9298365,566.8249812,536.9939081
17644,Emerald_Dry,107.8886519,109.545277,107.6352923,129.132452
17644,Emerald_Wet,557.7432681,552.1806314,544.8879734,586.9974091
17645,Dalby_Dry,192.2473566,191.7214115,188.721815,253.2713723
17645,Dalby_Wet,530.740673,520.8458081,540.1314631,479.0667742
17645,Emerald_Dry,115.3498127,117.7971922,147.1474125,111.4074892
17645,Emerald_Wet,552.8404479,563.9479069,599.3948883,520.3900131
17646,Dalby_Dry,212.5244821,207.3899855,197.2924819,198.9804391
17646,Dalby_Wet,537.0408418,538.1075588,544.320955,518.318423
17646,Emerald_Dry,133.8776266,143.3578105,105.2046834,162.0270736
17646,Emerald_Wet,560.0541022,561.7603855,584.5808719,534.1956083
17647,Dalby_Dry,180.4721228,174.5278742,207.248694,137.1955078
17647,Dalby_Wet,520.9807945,525.7586274,494.1762839,535.8375423
17647,Emerald_Dry,108.8948967,114.1309854,89.17340346,95.32780448
17647,Emerald_Wet,547.3828094,548.5289039,557.5187404,559.3173809
17648,Dalby_Dry,193.2277659,182.9577929,193.5894014,149.2073457
17648,Dalby_Wet,522.9514288,535.782312,537.2185194,533.5628343
17648,Emerald_Dry,119.3439712,108.4629428,121.1389974,107.8562278
17648,Emerald_Wet,542.5676294,558.8045247,543.8029802,527.6136879
17649,Dalby_Dry,224.2126742,227.1713195,204.2008137,201.0300116
17649,Dalby_Wet,539.1046147,539.4124801,601.2364608,555.3633204
17649,Emerald_Dry,151.300587,133.4210188,138.720618,122.2891916
17649,Emerald_Wet,530.1406465,532.1442019,563.7201184,554.9928814
17650,Dalby_Dry,134.4878425,131.0838047,131.5318249,93.36130207
17650,Dalby_Wet,480.4974372,496.3075114,492.5160006,503.5779618
17650,Emerald_Dry,107.5021205,101.7445119,139.0125474,50.96618974
17650,Emerald_Wet,502.5219995,503.0626289,493.0826466,547.0504535
17651,Dalby_Dry,199.3106556,191.206986,203.8715698,212.6720768
17651,Dalby_Wet,537.7945678,536.6538204,533.069556,579.5017451
17651,Emerald_Dry,122.0759247,131.2809283,141.2434763,153.984659
17651,Emerald_Wet,566.0137196,579.3830337,557.9255601,559.6643261
17652,Dalby_Dry,254.4048068,255.5584332,266.267716,204.7162088
17652,Dalby_Wet,533.8935569,555.0931647,536.1656161,536.6269511
17652,Emerald_Dry,178.2486452,185.3218415,194.0687383,184.4447652
17652,Emerald_Wet,506.9848626,499.1691424,499.0303443,533.8027863
17653,Dalby_Dry,179.218329,179.9875282,186.3011042,194.0402612
17653,Dalby_Wet,521.4987505,537.6648041,499.8868276,562.7097053
17653,Emerald_Dry,106.3499858,99.9779832,97.91717522,118.6775532
17653,Emerald_Wet,555.8037853,558.9240088,559.6845453,544.7205514
17654,Dalby_Dry,155.0018138,152.280366,133.8633677,147.2318458
17654,Dalby_Wet,523.4822304,522.9132362,522.9197078,544.6235193
17654,Emerald_Dry,101.1580865,87.0572147,107.7424508,123.3890152
17654,Emerald_Wet,531.5051397,541.2984125,507.5046759,514.738881
17655,Dalby_Dry,205.4659616,223.759765,195.5879358,195.6823387
17655,Dalby_Wet,543.0092945,549.9989237,521.5097772,553.2271245
17655,Emerald_Dry,125.0045963,139.6088308,112.4600873,149.8270161
17655,Emerald_Wet,552.0331846,575.3540458,536.022625,524.0737746
17656,Dalby_Dry,155.0080573,163.3527406,156.2835707,124.1571942
17656,Dalby_Wet,524.4081145,524.1423004,513.7993221,515.3451769
17656,Emerald_Dry,102.7193894,86.58225588,95.96317455,118.6793354
17656,Emerald_Wet,535.0400036,551.1195409,560.2922955,487.0483104
17657,Dalby_Dry,243.6650264,243.269041,269.0806204,268.5288621
17657,Dalby_Wet,527.9895365,517.4930548,533.8325846,560.33581
17657,Emerald_Dry,171.6542967,176.0574438,186.7643452,189.6356059
17657,Emerald_Wet,506.4043493,513.857194,504.4927563,496.5542607
17658,Dalby_Dry,235.3735,228.1000184,246.8917117,205.0013169
17658,Dalby_Wet,534.8932533,534.1823163,562.656037,553.5702994
17658,Emerald_Dry,153.2501737,159.4834656,139.0722392,134.2593897
17658,Emerald_Wet,523.4201286,502.1808833,533.5931429,500.1945105
17659,Dalby_Dry,215.2622309,238.7222807,183.8991572,213.8286694
17659,Dalby_Wet,538.046549,532.0759778,558.2654501,571.4862447
17659,Emerald_Dry,137.8485362,136.7796506,107.8489304,143.283527
17659,Emerald_Wet,552.0301722,559.7404682,523.6549049,518.100799
17660,Dalby_Dry,233.647504,218.4995033,252.3901418,269.8608399
17660,Dalby_Wet,531.3950991,522.4354465,482.751646,552.3265903
17660,Emerald_Dry,160.8346952,161.9727705,161.9946748,117.7874961
17660,Emerald_Wet,518.7541621,489.1204351,537.1884408,502.9608792
17661,Dalby_Dry,226.9622935,231.3805499,196.3158011,253.8036416
17661,Dalby_Wet,530.149306,528.2184224,515.8032405,530.3240734
17661,Emerald_Dry,155.4982533,171.6785333,147.7045114,167.6421482
17661,Emerald_Wet,519.1866292,526.6921048,501.510764,526.1132518
17662,Dalby_Dry,224.7172292,227.5000287,205.7846734,238.4392904
17662,Dalby_Wet,536.6351772,534.9544103,519.9234504,558.3165345
17662,Emerald_Dry,151.8825048,169.9765038,147.1008558,141.4600167
17662,Emerald_Wet,538.7376974,519.6651043,548.4317975,597.6521943
17663,Dalby_Dry,179.4477735,180.2358275,172.4011894,188.1063635
17663,Dalby_Wet,522.0043003,535.6485681,529.3144447,525.5834162
17663,Emerald_Dry,104.5037906,74.77739461,136.7187745,138.7887821
17663,Emerald_Wet,539.525136,544.0596678,550.9757199,561.044764
17664,Dalby_Dry,193.5530099,183.1233898,215.2665959,211.1581018
17664,Dalby_Wet,530.5585901,539.4469078,543.7474414,603.3950117
17664,Emerald_Dry,122.3563266,115.6615365,47.5045076,149.8004602
17664,Emerald_Wet,532.1347251,540.6327353,508.2282916,545.9884806
17665,Dalby_Dry,226.850042,230.3061536,220.5810074,209.4914297
17665,Dalby_Wet,527.399844,537.0833737,519.0535977,493.3131697
17665,Emerald_Dry,146.6638342,155.4634767,129.0472248,190.3562823
17665,Emerald_Wet,523.9455476,504.6559294,550.0189673,555.316154
17666,Dalby_Dry,224.5748647,222.1597518,241.905767,206.556189
17666,Dalby_Wet,532.4662064,531.2565023,501.0852152,502.6457024
17666,Emerald_Dry,152.46001,161.5661636,170.2725469,191.2170298
17666,Emerald_Wet,524.5148268,530.985179,551.6740698,559.9103849
17667,Dalby_Dry,223.9579416,232.4634654,214.0372263,213.6989942
17667,Dalby_Wet,535.475325,526.5307318,546.5312652,574.9721987
17667,Emerald_Dry,143.9526902,135.5275752,121.3914064,117.1794049
17667,Emerald_Wet,534.3976905,530.9169462,516.4753379,574.2986734
17668,Dalby_Dry,180.9248905,174.5933958,167.7592441,210.0326011
17668,Dalby_Wet,520.9248617,518.5353753,486.0277095,526.5860529
17668,Emerald_Dry,110.1545106,110.982218,94.90453188,101.9200997
17668,Emerald_Wet,545.9957379,544.5530276,491.621592,532.8920275
17669,Dalby_Dry,186.2817417,179.409563,175.8239953,209.3025076
17669,Dalby_Wet,533.9478876,541.0604932,534.3021991,503.2404817
17669,Emerald_Dry,112.4042123,126.1986749,99.57422069,135.523616
17669,Emerald_Wet,554.1024972,568.7510622,564.8727643,587.279601
17670,Dalby_Dry,191.7574549,180.7349647,192.5216846,137.234598
17670,Dalby_Wet,523.8091218,521.2171133,554.4882251,519.6618762
17670,Emerald_Dry,113.8387953,109.7801685,112.9132092,77.99059055
17670,Emerald_Wet,569.0881942,547.1886514,564.9845843,545.3231432
17671,Dalby_Dry,165.4172769,162.9528734,142.7425774,86.18002783
17671,Dalby_Wet,528.1597518,519.4417163,509.2798675,534.2853905
17671,Emerald_Dry,103.6329504,114.0365146,136.6211369,126.5554558
17671,Emerald_Wet,547.8854209,551.2229778,567.3616287,550.4839627
17672,Dalby_Dry,186.1511809,186.2696873,175.4547703,209.0620221
17672,Dalby_Wet,534.6505682,529.0328433,537.4843191,576.882494
17672,Emerald_Dry,112.2257125,118.4073976,133.4645129,77.79732006
17672,Emerald_Wet,554.7121332,547.3718047,567.8815201,547.9491908
17673,Dalby_Dry,165.6137098,182.737994,206.0570393,184.6994652
17673,Dalby_Wet,531.8673767,519.4356573,526.9816981,491.9164432
17673,Emerald_Dry,104.4595352,112.5129235,135.6277223,131.608207
17673,Emerald_Wet,545.3786728,544.8805337,552.8202915,585.0636251
17674,Dalby_Dry,180.069041,181.2880128,163.3529687,181.6868307
17674,Dalby_Wet,527.5368843,527.8553908,529.2586627,552.7603646
17674,Emerald_Dry,108.7849652,127.3788175,127.37258,44.45783169
17674,Emerald_Wet,533.3555339,529.0392864,560.685765,560.3061646
17675,Dalby_Dry,261.6706632,274.7287846,285.3456438,240.5432353
17675,Dalby_Wet,507.028627,516.6786681,499.7370848,513.6049411
17675,Emerald_Dry,195.8405477,195.3571195,199.9489628,166.0636888
17675,Emerald_Wet,473.3335448,479.643226,467.400138,438.0997345
17676,Dalby_Dry,167.2820329,173.8585774,163.4578009,132.0326711
17676,Dalby_Wet,514.091156,522.6306335,511.0528278,524.6550929
17676,Emerald_Dry,104.772213,90.22546611,125.5970104,71.58170586
17676,Emerald_Wet,541.5259242,539.9168931,505.7341783,556.9159773
17677,Dalby_Dry,162.870359,158.4769209,140.7738549,101.8817803
17677,Dalby_Wet,514.7767456,524.6502137,526.3676511,549.4871194
17677,Emerald_Dry,104.6555421,119.0849346,96.91440623,81.90472292
17677,Emerald_Wet,522.304665,512.650674,530.678974,520.4030832
17678,Dalby_Dry,199.7416767,195.3128127,199.2403299,229.8321627
17678,Dalby_Wet,532.8067966,523.7372443,532.2139004,554.8618182
17678,Emerald_Dry,128.3432852,136.4584661,131.2200241,124.670926
17678,Emerald_Wet,547.1082427,548.6996226,522.3653183,597.8743955
17679,Dalby_Dry,192.9679274,191.6317139,171.0008626,263.6012411
17679,Dalby_Wet,531.3950801,535.7117982,547.7718039,586.9180387
17679,Emerald_Dry,117.1388183,115.7602172,121.7791098,132.1842224
17679,Emerald_Wet,549.9471462,540.1461087,557.1865618,534.03135
17680,Dalby_Dry,224.182338,228.9205965,223.2901633,163.1569887
17680,Dalby_Wet,537.7204606,547.6680112,558.4889217,583.9345849
17680,Emerald_Dry,151.4877084,159.2620694,115.7762499,166.1939685
17680,Emerald_Wet,516.7956517,510.6415343,538.3626662,505.111785
17681,Dalby_Dry,180.7136402,183.7336084,175.765283,224.7153256
17681,Dalby_Wet,521.1428696,515.1254586,489.625037,513.9035094
17681,Emerald_Dry,109.906802,98.23834659,128.9672752,121.7418286
17681,Emerald_Wet,550.518354,541.712389,514.4642819,551.2353121
17682,Dalby_Dry,186.3281476,196.7790144,174.4778054,195.2477749
17682,Dalby_Wet,518.9550455,516.9337904,494.466903,536.6155861
17682,Emerald_Dry,113.3754954,104.4216061,112.6524916,91.36202088
17682,Emerald_Wet,551.9713483,565.8697528,560.4016993,591.6017326
17683,Dalby_Dry,191.3739998,185.565398,163.4604018,159.8610893
17683,Dalby_Wet,525.2817655,560.1754633,521.3628253,509.5429759
17683,Emerald_Dry,109.1573129,102.3892541,92.31125836,113.3485651
17683,Emerald_Wet,566.9063269,563.3403825,594.7398655,586.0483893
17684,Dalby_Dry,224.087595,212.413191,233.7147685,239.540454
17684,Dalby_Wet,534.4871522,539.9258326,558.4635895,595.5598642
17684,Emerald_Dry,144.430527,138.2647323,174.4854376,138.3517552
17684,Emerald_Wet,531.3261584,542.9148772,525.2564033,534.4984122
17685,Dalby_Dry,154.9965328,158.5786214,171.4201327,133.9401862
17685,Dalby_Wet,521.4820594,519.6826482,521.7517412,491.2817633
17685,Emerald_Dry,102.0477222,83.93155384,99.98029482,115.7458613
17685,Emerald_Wet,531.0007667,526.6462503,564.216308,536.3086374
17686,Dalby_Dry,181.6452805,178.4383627,203.4262632,173.3532257
17686,Dalby_Wet,518.9843835,517.8777648,511.3829062,569.2889819
17686,Emerald_Dry,109.9547509,124.6590869,140.6795521,113.3639334
17686,Emerald_Wet,552.672596,571.9790048,524.3698252,575.7070523
17687,Dalby_Dry,192.9021444,179.4219028,215.3778066,188.0623003
17687,Dalby_Wet,524.2856709,515.936647,524.721648,550.0689622
17687,Emerald_Dry,115.3118632,120.828622,119.9079413,85.62737942
17687,Emerald_Wet,543.3783835,544.6806442,513.7625804,529.9235307
17688,Dalby_Dry,181.019027,158.3375986,167.4528752,200.637421
17688,Dalby_Wet,521.0410871,523.543576,513.4195501,529.8537617
17688,Emerald_Dry,108.873427,99.15655808,131.1250998,82.61602772
17688,Emerald_Wet,546.7184226,542.7629185,539.0928925,548.4276763
17689,Dalby_Dry,223.7055026,236.5539467,214.5158041,207.5243615
17689,Dalby_Wet,537.9585878,544.3791028,559.634378,544.0349465
17689,Emerald_Dry,158.7819085,159.9909245,167.0486114,146.6129194
17689,Emerald_Wet,515.4155832,513.2596566,522.7314308,530.7800339
17690,Dalby_Dry,154.7783219,135.3249747,157.291329,174.0925726
17690,Dalby_Wet,522.1748448,512.1921942,476.7004265,492.6989617
17690,Emerald_Dry,102.5961487,100.5792178,122.7762178,153.6798417
17690,Emerald_Wet,530.9703777,534.346745,519.9965364,517.3329858
17691,Dalby_Dry,197.4923946,187.988966,180.0926013,124.4985741
17691,Dalby_Wet,542.9524135,531.0172691,526.5032954,508.5373468
17691,Emerald_Dry,112.3285348,109.3912747,85.68908045,184.0396195
17691,Emerald_Wet,564.2383691,554.1672081,596.0829528,573.4764799
17692,Dalby_Dry,154.8593447,157.820055,163.5814205,160.0100508
17692,Dalby_Wet,520.8435959,541.6609519,465.518714,463.9057302
17692,Emerald_Dry,101.8796269,89.07705553,109.2654674,108.2236144
17692,Emerald_Wet,526.9517067,539.8598989,531.9268882,512.6353711
17693,Dalby_Dry,215.5595646,208.0781003,245.4909066,194.4992788
17693,Dalby_Wet,538.7932717,525.6833803,568.3150389,513.4500439
17693,Emerald_Dry,142.8799817,141.3313067,184.3697916,163.7448701
17693,Emerald_Wet,544.4842417,553.4730935,539.2024997,518.4792246
17694,Dalby_Dry,192.7531749,184.0494945,213.8220109,173.2959297
17694,Dalby_Wet,536.6805082,546.6001311,534.9188183,544.8139201
17694,Emerald_Dry,113.6931137,108.5903541,135.149145,131.5082306
17694,Emerald_Wet,560.7042734,541.7708283,529.7946841,556.8353284
17695,Dalby_Dry,173.4538309,179.6644829,196.6209403,169.9375816
17695,Dalby_Wet,527.5508661,549.475755,510.6845114,518.52516
17695,Emerald_Dry,108.9552149,96.65124486,94.22658175,111.078564
17695,Emerald_Wet,539.707869,535.1182537,504.9421491,584.912119
17696,Dalby_Dry,179.6757643,174.7464036,158.7897116,176.377506
17696,Dalby_Wet,532.7528333,537.7930084,543.3766804,550.5665677
17696,Emerald_Dry,105.5503383,107.0684266,84.72098785,68.99329642
17696,Emerald_Wet,554.9246338,539.0327948,556.8485967,488.7785289
17697,Dalby_Dry,192.1697461,188.7528375,220.5654289,158.6008642
17697,Dalby_Wet,526.9344556,511.0401686,537.5814301,485.5617983
17697,Emerald_Dry,114.5644453,96.76416556,105.423001,132.0605288
17697,Emerald_Wet,545.9023556,553.335395,547.5986015,557.9082777
17698,Dalby_Dry,199.3172853,203.3361239,196.4732625,119.859697
17698,Dalby_Wet,536.8051205,544.4335551,579.9510325,533.2745288
17698,Emerald_Dry,118.1774362,126.4385696,125.520032,113.8297673
17698,Emerald_Wet,562.231088,557.8481059,571.057754,530.9708988
17699,Dalby_Dry,166.9029774,173.4025955,192.0033732,180.9212329
17699,Dalby_Wet,529.3402948,511.0186411,518.3508825,539.3405463
17699,Emerald_Dry,105.9191146,92.33777216,96.62120752,84.59429845
17699,Emerald_Wet,544.5078365,557.6739277,556.9475555,562.4772891
17700,Dalby_Dry,208.7412245,213.1033621,203.6855935,193.1934224
17700,Dalby_Wet,530.9688917,514.1490508,567.9191252,499.9048588
17700,Emerald_Dry,143.1063031,133.8929857,165.1757625,159.1098477
17700,Emerald_Wet,529.3031723,526.4504923,522.4068962,535.2066092
17701,Dalby_Dry,155.8908099,158.315613,167.1580886,115.745084
17701,Dalby_Wet,509.2926564,489.824584,544.7787096,481.6909062
17701,Emerald_Dry,102.5473059,109.3596188,130.8338675,79.65765538
17701,Emerald_Wet,515.3240478,506.6149212,471.3825327,504.7671754
17702,Dalby_Dry,129.6493856,136.0082631,145.3579004,147.4377001
17702,Dalby_Wet,497.8678547,471.124079,486.8043204,511.2036558
17702,Emerald_Dry,101.2758759,103.15238,96.3549413,96.38351879
17702,Emerald_Wet,528.0428464,515.6279771,548.9144519,587.6782863
17703,Dalby_Dry,173.4329891,193.6304121,192.8700497,189.5235753
17703,Dalby_Wet,521.0947419,526.9294056,530.5138069,520.6192976
17703,Emerald_Dry,108.5263174,114.0834613,92.72042086,74.65665085
17703,Emerald_Wet,535.0526846,542.734577,532.1507425,479.322658
17704,Dalby_Dry,170.7215768,160.6487536,164.0141908,162.2957946
17704,Dalby_Wet,524.4436947,530.9445389,521.7093006,491.2145193
17704,Emerald_Dry,104.6993641,106.6101715,118.0210111,117.5744391
17704,Emerald_Wet,537.6574194,534.785601,553.6772066,516.4394887
17705,Dalby_Dry,162.1247153,160.8672188,181.7759598,161.2352116
17705,Dalby_Wet,517.7890199,536.5428669,538.045891,568.7246828
17705,Emerald_Dry,105.228239,109.9981094,118.0317808,74.44389982
17705,Emerald_Wet,526.2575555,534.9745395,537.7052,505.0565666
17706,Dalby_Dry,161.917338,140.4725697,178.7216793,120.2021514
17706,Dalby_Wet,517.8908652,520.3475062,533.734849,457.8408328
17706,Emerald_Dry,103.4599908,99.42075404,88.29233724,90.42566448
17706,Emerald_Wet,547.1730953,535.1047675,501.7400827,523.0971653
17707,Dalby_Dry,244.9954339,234.6221461,229.7408033,217.678869
17707,Dalby_Wet,540.3240918,509.7281956,523.7047301,468.8452391
17707,Emerald_Dry,174.7297706,177.365289,140.1393102,198.8831998
17707,Emerald_Wet,520.3844836,521.6459906,488.0667063,553.472767
17708,Dalby_Dry,161.8574525,159.4075026,179.8162556,169.6047792
17708,Dalby_Wet,518.7074915,518.3785104,559.6398766,463.4807264
17708,Emerald_Dry,104.7577516,95.409344,104.3672767,111.5790338
17708,Emerald_Wet,528.952012,524.7011664,524.7259332,491.093694
17709,Dalby_Dry,193.4646113,203.2671961,188.6408152,262.9372209
17709,Dalby_Wet,526.1581199,548.9264054,551.6689466,537.8159287
17709,Emerald_Dry,120.2464596,143.0191317,116.9942932,182.6820983
17709,Emerald_Wet,539.2592133,544.7830777,565.9968054,526.7425555
17710,Dalby_Dry,221.6159081,223.4434198,183.7530108,205.6684532
17710,Dalby_Wet,539.008722,559.6571147,551.4129988,532.2337315
17710,Emerald_Dry,148.1810173,135.9714396,162.9721472,106.5577667
17710,Emerald_Wet,540.4770673,544.7668783,546.6991768,568.5288229
17711,Dalby_Dry,232.4814542,222.9819497,214.6923862,241.6302525
17711,Dalby_Wet,533.8520546,521.2455257,533.6090559,514.606044
17711,Emerald_Dry,159.8721112,146.26902,182.7042188,168.9666574
17711,Emerald_Wet,524.6428435,532.6059036,523.1564294,548.4287827
17712,Dalby_Dry,192.2401157,194.3206875,190.1542842,249.5423908
17712,Dalby_Wet,526.6084221,516.6690413,524.8444978,553.8678081
17712,Emerald_Dry,114.2607633,111.168923,116.0026212,134.6041163
17712,Emerald_Wet,547.5018217,543.5997915,559.5125371,532.0423946
17713,Dalby_Dry,232.1156741,219.2144198,212.3512097,169.3455731
17713,Dalby_Wet,533.7125248,534.1183503,548.2073798,558.7881065
17713,Emerald_Dry,158.7738016,142.7750515,137.6434766,128.0204957
17713,Emerald_Wet,516.1825116,508.8624712,502.3758441,589.2340498
17714,Dalby_Dry,135.1588236,129.3617518,109.779554,91.58949345
17714,Dalby_Wet,495.0826538,519.0208831,509.7337633,502.7461486
17714,Emerald_Dry,103.88596,97.80815073,105.6858518,116.536686
17714,Emerald_Wet,524.1210914,514.6434828,521.2618679,526.8519334
17715,Dalby_Dry,215.3113456,214.4822405,244.0257058,232.6228124
17715,Dalby_Wet,538.3027939,542.083287,536.1779176,574.6784707
17715,Emerald_Dry,145.7585016,140.341331,123.0516261,142.8944468
17715,Emerald_Wet,533.5511821,533.4225596,509.5795139,539.4200251
17716,Dalby_Dry,199.3772542,205.9034243,163.5842142,185.3251569
17716,Dalby_Wet,534.7671862,540.0801856,541.4687609,535.6307196
17716,Emerald_Dry,118.8946532,128.2826332,119.1733288,102.2689088
17716,Emerald_Wet,560.8043552,577.7461,563.2522947,547.4149898
17717,Dalby_Dry,165.7491462,182.8786048,139.2790781,183.2887042
17717,Dalby_Wet,526.9806108,537.26705,551.6299481,545.5649264
17717,Emerald_Dry,104.1312293,91.14673116,113.4389451,45.95910896
17717,Emerald_Wet,543.0110373,536.3920424,544.0377238,524.3620522
17718,Dalby_Dry,163.4933311,161.3277087,152.1053603,160.7869761
17718,Dalby_Wet,518.7289784,526.8934468,518.5031391,502.7097667
17718,Emerald_Dry,108.3284868,99.75779995,117.6720569,70.51931602
17718,Emerald_Wet,518.107963,523.1011894,538.4575684,468.1008816
17719,Dalby_Dry,192.6263454,184.8797167,197.1560272,212.1435976
17719,Dalby_Wet,527.7215277,548.4697405,555.6195433,494.1599904
17719,Emerald_Dry,114.9510325,125.9094238,115.4471644,137.0922154
17719,Emerald_Wet,546.9459946,539.4507684,573.4969327,545.1891257
17720,Dalby_Dry,206.2480059,188.8761885,182.0995049,188.0155797
17720,Dalby_Wet,528.3009739,528.1936977,550.8964159,539.2225291
17720,Emerald_Dry,132.8984921,152.6908812,140.1878808,166.5936596
17720,Emerald_Wet,548.3240172,539.2761995,550.2430292,518.8624315
17721,Dalby_Dry,192.251162,204.2331102,212.0488374,185.1527793
17721,Dalby_Wet,530.642984,528.9176706,498.6702879,490.4996255
17721,Emerald_Dry,115.3568913,118.6734185,119.7505892,107.0356377
17721,Emerald_Wet,552.8390179,543.6769966,508.9801976,545.0129961
17722,Dalby_Dry,212.468708,222.6996484,228.7390656,234.7646807
17722,Dalby_Wet,534.6886757,529.2900162,533.5552973,495.2343427
17722,Emerald_Dry,134.7191719,133.430757,74.04274717,183.7294709
17722,Emerald_Wet,556.8295729,543.6971614,552.8891887,561.0456641
17723,Dalby_Dry,161.5368515,155.1091066,156.7104536,192.559232
17723,Dalby_Wet,514.2227589,520.7676635,522.1687538,475.4291906
17723,Emerald_Dry,105.0073528,118.0416934,113.7781241,144.7187108
17723,Emerald_Wet,540.8206551,547.7190581,522.8863738,476.793347
17724,Dalby_Dry,199.9620021,182.3384001,211.2019434,164.930839
17724,Dalby_Wet,537.578003,514.2401706,563.4480621,517.7519334
17724,Emerald_Dry,118.3419751,128.167155,150.9681561,123.8615328
17724,Emerald_Wet,562.4632125,562.4553004,542.8410735,596.8722364
17725,Dalby_Dry,206.3438835,202.9681846,234.0866244,129.3563009
17725,Dalby_Wet,534.2959215,540.2433758,552.153152,559.6176414
17725,Emerald_Dry,133.3473764,142.9088,138.1717357,158.881289
17725,Emerald_Wet,549.7697619,550.6625787,531.8478366,530.5567077
17726,Dalby_Dry,198.3364125,190.9088609,217.353639,181.189679
17726,Dalby_Wet,535.0673168,528.9455183,530.4361934,535.286297
17726,Emerald_Dry,118.0675488,118.1767013,109.5173163,114.8128806
17726,Emerald_Wet,559.0233901,577.1166347,532.6805112,539.7801171
17727,Dalby_Dry,212.8043796,192.8714112,239.2638864,158.4617333
17727,Dalby_Wet,541.4023467,545.1370972,529.1051613,522.3776529
17727,Emerald_Dry,137.7483672,137.202277,170.3261354,97.70275522
17727,Emerald_Wet,556.1765064,538.7636096,568.8181631,497.4178462
17728,Dalby_Dry,161.1276309,173.7912398,127.392626,171.6426168
17728,Dalby_Wet,516.3289381,512.1737131,505.7537211,531.2595501
17728,Emerald_Dry,101.446464,102.9951922,80.54157156,18.19188978
17728,Emerald_Wet,541.5524082,524.2605055,541.9804921,509.0190665
17729,Dalby_Dry,215.0494386,225.0373358,225.9824423,219.50253
17729,Dalby_Wet,527.1997607,518.2103189,517.6798848,560.5932549
17729,Emerald_Dry,140.6601636,127.5361306,138.4708079,120.9894396
17729,Emerald_Wet,536.7434078,527.9026382,532.6193834,562.8937488
17730,Dalby_Dry,244.8642976,236.5993398,239.7032174,276.2619739
17730,Dalby_Wet,534.615378,540.4337984,572.4615456,549.8514264
17730,Emerald_Dry,177.9861112,199.5626481,167.9405026,210.4817694
17730,Emerald_Wet,508.5459006,510.3000498,521.3063084,508.3183295
17731,Dalby_Dry,212.9707501,219.6491923,224.5669668,203.9455379
17731,Dalby_Wet,543.0655122,541.1208921,537.4565443,617.5989414
17731,Emerald_Dry,135.0896432,114.714513,152.3670409,133.6887701
17731,Emerald_Wet,562.8041485,561.9364754,586.417411,561.3781705
17732,Dalby_Dry,224.1077182,231.4360711,191.6746313,241.7115085
17732,Dalby_Wet,536.1511153,548.9816787,506.30728,561.4175662
17732,Emerald_Dry,150.9449017,162.7168834,149.9539635,107.4185137
17732,Emerald_Wet,533.5931683,535.2603605,579.2401662,550.8318454
17733,Dalby_Dry,185.8911508,195.2132908,164.9549993,203.2897611
17733,Dalby_Wet,529.7732396,535.4987033,534.0476423,528.0911134
17733,Emerald_Dry,114.8275148,120.1076934,110.5316168,112.1133719
17733,Emerald_Wet,552.8698264,538.543914,575.4850072,610.7791796
17734,Dalby_Dry,155.995798,137.758507,128.6659201,174.6769257
17734,Dalby_Wet,504.8263228,488.5060599,462.5328114,452.4533513
17734,Emerald_Dry,103.5009376,108.6776569,105.4566503,80.17308416
17734,Emerald_Wet,517.6836644,534.318128,495.5340439,536.2621586
17735,Dalby_Dry,154.4850864,165.4632018,136.8609707,187.3648179
17735,Dalby_Wet,507.3863495,522.9631561,547.7219898,482.1969879
17735,Emerald_Dry,99.79838885,95.10793434,142.3432325,75.20978572
17735,Emerald_Wet,532.4313419,526.0166691,529.4118909,564.6945646
17736,Dalby_Dry,129.1084003,127.4733658,168.9051649,157.9712979
17736,Dalby_Wet,497.7130879,497.2926936,518.9948697,476.6349891
17736,Emerald_Dry,105.7245023,114.4125463,102.9315283,110.2358924
17736,Emerald_Wet,503.5345765,491.5578068,474.012749,462.4075745
17737,Dalby_Dry,162.1311832,169.7671273,187.9699348,144.3188237
17737,Dalby_Wet,516.9843031,524.8749551,501.3149556,463.4015475
17737,Emerald_Dry,103.8766194,125.1869098,101.3856336,132.2854359
17737,Emerald_Wet,521.6063415,510.9909072,501.8943788,513.6890669
17738,Dalby_Dry,199.7651779,198.1107646,199.5350024,247.5616177
17738,Dalby_Wet,537.2775446,530.3715752,520.9601475,552.818944
17738,Emerald_Dry,128.6782802,154.3423289,109.768094,78.47925767
17738,Emerald_Wet,533.9556721,548.3907252,538.6360122,530.2099335
17739,Dalby_Dry,180.7441361,183.8109357,194.4001349,165.9449181
17739,Dalby_Wet,522.1720011,507.9523057,546.3466647,557.7453121
17739,Emerald_Dry,108.6731831,111.1076489,90.91068695,82.15974376
17739,Emerald_Wet,541.9317997,536.4245489,533.0413811,481.1489858
17740,Dalby_Dry,212.4962287,219.4825124,195.0035912,192.0519068
17740,Dalby_Wet,538.8010383,535.064437,537.6747049,539.1605676
17740,Emerald_Dry,137.7859797,130.8845185,152.1696262,81.61780048
17740,Emerald_Wet,540.8031063,561.0554793,528.0384657,509.1313458
17741,Dalby_Dry,229.4485153,230.5143987,229.492213,254.849747
17741,Dalby_Wet,544.4176048,540.0377622,551.3405855,592.8360728
17741,Emerald_Dry,153.6551315,150.0651718,139.5583042,155.6655251
17741,Emerald_Wet,546.921922,554.7028652,534.1597194,524.4558884
17742,Dalby_Dry,261.0181585,259.2791488,253.8698174,308.5450475
17742,Dalby_Wet,517.9096959,525.0573336,541.5429954,518.7528767
17742,Emerald_Dry,193.0264403,185.0107516,173.0527723,233.984879
17742,Emerald_Wet,487.9324053,487.3170265,505.957233,510.5301186
17743,Dalby_Dry,180.2798972,175.3779069,191.7628286,156.1394719
17743,Dalby_Wet,521.0194,525.3283605,542.6030327,511.6557308
17743,Emerald_Dry,107.4588173,99.02605645,82.64690477,91.62885777
17743,Emerald_Wet,537.3457243,548.5423629,567.5471152,509.8123728
17744,Dalby_Dry,210.1471767,215.391971,204.953752,201.1115779
17744,Dalby_Wet,532.4973428,543.1318695,520.2078233,538.2145673
17744,Emerald_Dry,137.8853294,141.4781269,122.8097391,151.1168136
17744,Emerald_Wet,529.0178429,523.5340335,508.3077454,519.013929
17745,Dalby_Dry,274.7934119,285.9744118,297.1713121,298.0508288
17745,Dalby_Wet,508.2669949,512.3267913,522.7064252,468.7267081
17745,Emerald_Dry,218.4592441,224.4769464,204.3127882,196.8133509
17745,Emerald_Wet,476.7080417,490.5929201,501.653244,461.1872497
17746,Dalby_Dry,244.8410382,249.3827972,247.0504868,272.393974
17746,Dalby_Wet,535.2854648,528.8737323,559.5028514,503.771661
17746,Emerald_Dry,175.8138172,166.8485403,186.1524107,157.1729296
17746,Emerald_Wet,515.9131241,509.0257291,521.0267386,542.5321457
17747,Dalby_Dry,224.209637,222.861762,233.8387675,192.539415
17747,Dalby_Wet,530.2243226,526.9761637,497.4956845,560.4460421
17747,Emerald_Dry,145.9436931,139.7525326,139.0837551,142.1358545
17747,Emerald_Wet,538.5541659,542.4359796,544.2150613,516.4147255
17748,Dalby_Dry,253.1639671,269.7802564,258.0556365,235.9299365
17748,Dalby_Wet,537.4191257,530.3952131,529.4853469,565.6998522
17748,Emerald_Dry,190.9847002,175.5014433,170.5585026,204.0518155
17748,Emerald_Wet,500.3962857,503.4919531,512.5130504,543.4834508
17749,Dalby_Dry,221.3014352,220.7100019,221.1818221,297.3997936
17749,Dalby_Wet,543.062039,527.7255296,544.4838845,547.753298
17749,Emerald_Dry,141.122882,142.3087812,143.5448771,154.0395203
17749,Emerald_Wet,560.3649595,560.6553132,541.2821011,516.2862842
17750,Dalby_Dry,253.6014211,267.8413754,243.6081115,245.1878904
17750,Dalby_Wet,512.6023228,492.1474002,491.2219449,475.9700748
17750,Emerald_Dry,185.3384449,171.1481393,209.0654529,136.9444482
17750,Emerald_Wet,496.703457,504.0558655,472.3069486,524.2688447
17751,Dalby_Dry,223.8442162,223.9137494,240.6717948,291.1664815
17751,Dalby_Wet,542.1220495,538.7417659,534.3763339,511.1738583
17751,Emerald_Dry,150.5332337,161.2552897,167.319251,160.2451535
17751,Emerald_Wet,530.8729255,542.7544481,559.8576251,510.3774188
17752,Dalby_Dry,205.5101371,221.6756598,208.585609,197.7616796
17752,Dalby_Wet,532.5852746,534.3971927,531.0496205,566.7833127
17752,Emerald_Dry,133.3455479,135.9193029,138.1598372,158.5775297
17752,Emerald_Wet,546.8206339,564.608021,575.0815503,572.2789412
17753,Dalby_Dry,214.7994207,218.0222979,198.6835052,219.0472237
17753,Dalby_Wet,531.6404062,529.5820299,511.8734141,552.9054029
17753,Emerald_Dry,144.6138601,155.5050023,143.0479544,184.9359084
17753,Emerald_Wet,534.2161623,544.4483531,529.0996465,481.8013572
17754,Dalby_Dry,245.1107326,238.0582035,314.0769205,253.8973702
17754,Dalby_Wet,524.7553233,519.4941923,518.0477916,561.2338807
17754,Emerald_Dry,182.0543107,188.1546538,164.6805488,207.1572732
17754,Emerald_Wet,507.2072145,499.7972722,485.2503931,462.8252119
17755,Dalby_Dry,184.6654504,165.0937272,173.5837947,176.8409814
17755,Dalby_Wet,530.0482549,543.5319821,545.1942884,497.4638376
17755,Emerald_Dry,107.9481052,110.8003958,130.1408122,95.58679427
17755,Emerald_Wet,571.293236,568.6183963,568.8411663,556.2467963
17756,Dalby_Dry,214.625718,214.4024289,187.3375893,201.4608018
17756,Dalby_Wet,533.8987343,533.1774142,550.2990207,588.6093372
17756,Emerald_Dry,143.714048,131.4536403,131.5124129,118.987059
17756,Emerald_Wet,538.3758325,546.8964205,523.8455227,492.9276406
17757,Dalby_Dry,193.7581628,210.8769038,211.4741949,134.6156195
17757,Dalby_Wet,532.3023447,547.4421373,582.2198022,505.6323412
17757,Emerald_Dry,117.9301518,111.6820574,147.0980152,93.87756452
17757,Emerald_Wet,546.2362275,553.6477005,555.6216876,549.330353
17758,Dalby_Dry,167.709688,166.9726008,170.5154434,144.4738033
17758,Dalby_Wet,529.6384176,534.9106302,538.8021003,548.6984948
17758,Emerald_Dry,106.6459199,99.60313417,100.8384125,115.1555245
17758,Emerald_Wet,543.1364159,521.9467283,538.4964842,511.4966067
17759,Dalby_Dry,205.7986226,196.5310931,191.6347938,204.2644215
17759,Dalby_Wet,526.9540717,537.4456636,558.1556657,523.0223138
17759,Emerald_Dry,133.5251064,151.4711562,98.32359947,116.3096607
17759,Emerald_Wet,541.927776,544.9234888,544.5630053,530.3833348
17760,Dalby_Dry,171.9333191,188.4959956,178.2789248,138.6329056
17760,Dalby_Wet,523.6066586,526.4739183,525.5796539,525.4173134
17760,Emerald_Dry,103.9720975,80.32408467,109.6028522,123.0796257
17760,Emerald_Wet,561.2426782,562.1408501,544.0206082,487.0710527
17761,Dalby_Dry,130.2851499,127.5681908,184.9379714,141.7971523
17761,Dalby_Wet,502.624894,510.2609673,474.1332159,490.5430909
17761,Emerald_Dry,106.3585815,112.2053774,102.048857,112.5296532
17761,Emerald_Wet,503.8317554,500.0357742,504.8535282,542.6112593
17762,Dalby_Dry,244.7372104,254.0556932,233.3194579,211.993596
17762,Dalby_Wet,538.7519834,556.5176076,542.7835498,568.8357409
17762,Emerald_Dry,174.9530649,179.47536,196.5022796,224.2324261
17762,Emerald_Wet,513.0484806,508.514432,553.4731992,514.1882872
17763,Dalby_Dry,165.8848072,157.0127729,176.6430931,150.3546121
17763,Dalby_Wet,526.8100096,535.7080991,503.2560351,515.1745315
17763,Emerald_Dry,104.2146261,116.6765625,142.154068,123.3292191
17763,Emerald_Wet,542.705725,544.5230255,541.9052542,594.6252836
17764,Dalby_Dry,156.5956165,127.7331517,181.7981061,184.0023656
17764,Dalby_Wet,502.2598135,492.4588473,509.2499456,547.9549444
17764,Emerald_Dry,102.845782,112.4396763,115.1860672,172.1118394
17764,Emerald_Wet,515.5383132,510.0506999,534.4453483,518.211977
17765,Dalby_Dry,172.5470896,165.2089617,129.6544102,150.5515129
17765,Dalby_Wet,524.2204032,539.2497424,552.7982486,506.7939862
17765,Emerald_Dry,106.5769403,101.4636666,110.3322568,68.5454842
17765,Emerald_Wet,535.7933445,544.1340205,549.3615017,543.4405316
17766,Dalby_Dry,241.7582416,247.4146461,221.3606963,207.4319576
17766,Dalby_Wet,543.0947394,539.6820936,599.4281425,553.685238
17766,Emerald_Dry,173.0064846,162.1558318,207.6141961,160.996718
17766,Emerald_Wet,527.184193,522.9665629,487.7827178,480.4618456
17767,Dalby_Dry,154.8032922,160.3006593,171.7650041,206.4644812
17767,Dalby_Wet,505.0227159,513.7937471,480.4336373,535.8336785
17767,Emerald_Dry,101.6871992,111.8812056,117.1565307,110.0759003
17767,Emerald_Wet,531.4135868,534.3823254,533.4137094,529.0878269
17768,Dalby_Dry,214.8059407,218.1068308,216.0877915,157.0503817
17768,Dalby_Wet,530.3933131,516.7847736,533.521765,522.5583397
17768,Emerald_Dry,145.0685138,157.3994236,115.4521383,165.6911447
17768,Emerald_Wet,533.5791902,517.622497,498.0797139,542.1424373
17769,Dalby_Dry,223.7420795,223.5326213,232.1474594,195.9080767
17769,Dalby_Wet,540.122219,537.3588254,551.0233054,516.6885835
17769,Emerald_Dry,141.9745405,141.7573899,138.0942021,168.3010347
17769,Emerald_Wet,545.0517236,558.5458206,561.3182789,561.2479167
17770,Dalby_Dry,205.5385009,204.8123054,200.4101964,187.9452764
17770,Dalby_Wet,530.5922966,553.4745918,523.1205185,590.9734951
17770,Emerald_Dry,131.7643667,133.3635801,135.4100772,140.6152662
17770,Emerald_Wet,554.7895256,551.6829728,574.1860515,517.4046947
17771,Dalby_Dry,166.719365,173.840244,224.4287953,201.8699688
17771,Dalby_Wet,514.1804761,519.174314,481.498011,511.2338963
17771,Emerald_Dry,106.5652067,95.00028098,101.5871081,126.5515621
17771,Emerald_Wet,519.8656562,526.2140251,552.0605757,564.3610701
17772,Dalby_Dry,181.8175396,190.9466597,178.1253661,166.5876553
17772,Dalby_Wet,518.5994253,526.6694713,530.1898687,538.255587
17772,Emerald_Dry,113.6329795,104.8921835,99.79121383,132.7205399
17772,Emerald_Wet,530.311354,526.0797062,509.989433,548.0162754
17773,Dalby_Dry,227.2754303,229.7138238,201.7988947,197.5050524
17773,Dalby_Wet,529.0967057,558.624422,525.2057435,515.3772075
17773,Emerald_Dry,155.138939,162.3879327,178.248085,163.9089092
17773,Emerald_Wet,530.9115912,528.1153495,485.5056576,550.0656533
17774,Dalby_Dry,236.5875764,228.443587,210.9758529,297.5529958
17774,Dalby_Wet,529.3951333,529.7438238,550.3311531,554.0075711
17774,Emerald_Dry,165.1935392,178.3181422,147.6627506,133.3979449
17774,Emerald_Wet,509.7462737,507.2876003,469.9233274,505.3122117
17775,Dalby_Dry,235.255792,244.7025812,216.7942804,198.5155564
17775,Dalby_Wet,525.6540631,522.6698902,537.7361102,463.2695608
17775,Emerald_Dry,162.252999,157.1248484,124.8039721,210.4925921
17775,Emerald_Wet,499.6370358,503.0652878,500.6361795,524.4712675
17776,Dalby_Dry,198.2459636,198.4756094,190.6650512,183.7315948
17776,Dalby_Wet,538.5226505,527.3035886,553.8924715,551.4262611
17776,Emerald_Dry,116.4824353,118.0696275,115.8105588,109.3070026
17776,Emerald_Wet,563.655681,566.3263872,538.5936425,554.3098381
17777,Dalby_Dry,154.6183835,139.213651,154.6534703,179.87158
17777,Dalby_Wet,505.6584166,504.4712122,448.060227,492.356641
17777,Emerald_Dry,102.1196156,105.1092465,77.71225144,67.90257245
17777,Emerald_Wet,528.7087567,502.7294602,530.6676425,538.2650043
17778,Dalby_Dry,244.402431,250.1545511,249.3229974,227.1882783
17778,Dalby_Wet,537.4130801,534.5308929,508.5237423,545.1283221
17778,Emerald_Dry,173.9169451,174.6996788,178.5259041,92.92722104
17778,Emerald_Wet,513.4299089,526.287607,519.6253679,563.2421531
17779,Dalby_Dry,200.3900322,195.7543442,179.2360378,198.6060036
17779,Dalby_Wet,523.7488547,534.9775106,474.0432057,505.1279706
17779,Emerald_Dry,124.461383,135.3307158,133.3418328,106.2265317
17779,Emerald_Wet,539.06341,543.1335047,512.6435091,496.448754
17780,Dalby_Dry,181.0977169,179.7435806,176.8839036,222.6577838
17780,Dalby_Wet,533.2067887,544.1337231,533.3335597,512.788468
17780,Emerald_Dry,106.1692414,106.7731031,97.2799235,103.0559562
17780,Emerald_Wet,557.4766484,553.657079,532.4467672,614.5588117
17781,Dalby_Dry,231.8111716,238.2114015,192.5552183,233.0311113
17781,Dalby_Wet,532.6392267,537.6271088,521.9634846,531.5656754
17781,Emerald_Dry,158.9181563,150.7278603,181.3077089,163.5907587
17781,Emerald_Wet,523.1175391,517.3350791,504.7748004,522.7006384
17782,Dalby_Dry,161.7090968,168.4790903,165.8049659,188.0244882
17782,Dalby_Wet,517.8871767,523.960898,534.5021376,462.2745708
17782,Emerald_Dry,103.7232469,115.3023991,131.3349438,94.29429943
17782,Emerald_Wet,545.6528646,554.8779841,510.6855416,533.588134
17783,Dalby_Dry,227.6311371,241.4550758,192.7740656,194.6995754
17783,Dalby_Wet,532.9593026,531.2638492,527.6773559,528.2783339
17783,Emerald_Dry,154.742098,170.5442034,115.5601084,171.7129692
17783,Emerald_Wet,516.1189827,492.1215581,496.0802748,439.5217628
17784,Dalby_Dry,188.6920023,176.8764746,173.9412417,179.8640199
17784,Dalby_Wet,522.068097,535.6282689,536.7672259,549.6690713
17784,Emerald_Dry,120.7695539,124.5067984,151.462301,114.0473553
17784,Emerald_Wet,526.5403821,532.7542642,493.4006909,483.2745464
17785,Dalby_Dry,179.769722,179.8411486,182.2338873,185.8720967
17785,Dalby_Wet,533.2719044,521.7221225,499.471256,542.8462942
17785,Emerald_Dry,104.354988,95.66895775,127.1674287,108.1679946
17785,Emerald_Wet,559.7571718,565.4708547,525.0342324,580.0888425
17786,Dalby_Dry,185.2045311,191.9986654,154.8705336,179.0097957
17786,Dalby_Wet,532.9167607,531.9333293,517.205279,555.3660029
17786,Emerald_Dry,108.7991361,100.8960834,96.71919134,79.07544633
17786,Emerald_Wet,556.5230648,556.3007363,573.8276203,543.0265902
17787,Dalby_Dry,190.9162182,181.9213085,140.0357668,135.8964665
17787,Dalby_Wet,528.5522648,523.5046721,544.1655175,541.2788229
17787,Emerald_Dry,109.5294173,95.27036685,94.64638216,96.97943199
17787,Emerald_Wet,550.5319933,570.581333,519.5109692,546.6033611
17788,Dalby_Dry,161.7138992,158.226468,164.5618385,152.6158752
17788,Dalby_Wet,526.4625268,529.6068042,568.0011364,468.2493253
17788,Emerald_Dry,101.0437006,102.882606,71.26258903,77.13802681
17788,Emerald_Wet,543.8646486,541.9321493,519.4705239,508.6168116
17789,Dalby_Dry,160.5786815,147.832538,178.9060418,129.230898
17789,Dalby_Wet,522.1336313,520.2452666,514.921922,443.3051245
17789,Emerald_Dry,99.56518898,103.0431639,95.26377835,93.60223551
17789,Emerald_Wet,527.869418,529.6068272,544.1838596,558.2137306
17790,Dalby_Dry,137.8217322,143.2911709,122.3580583,171.7319122
17790,Dalby_Wet,492.0882418,490.5338555,480.210107,511.7749056
17790,Emerald_Dry,104.2898915,108.9536127,90.42273239,141.6415634
17790,Emerald_Wet,520.116249,520.8519236,514.7579647,500.2474025
17791,Dalby_Dry,267.8353605,233.5158255,256.6059123,277.8144669
17791,Dalby_Wet,519.247457,518.2625221,498.2281335,636.5020552
17791,Emerald_Dry,217.1894557,201.300403,212.3168111,234.8764758
17791,Emerald_Wet,491.024743,505.6207502,500.7093032,512.1628479
17792,Dalby_Dry,181.382919,200.5578594,153.0934444,164.6560436
17792,Dalby_Wet,535.5012041,527.7893996,493.6980056,522.4520728
17792,Emerald_Dry,111.5518098,95.41334002,96.39115196,127.2423596
17792,Emerald_Wet,547.4378101,539.9832051,525.3698631,519.1148174
17793,Dalby_Dry,162.0855334,174.728366,123.2276061,197.7574613
17793,Dalby_Wet,518.3367294,513.1415208,577.1810958,532.6095044
17793,Emerald_Dry,101.7563707,101.1111438,115.3651789,82.76812761
17793,Emerald_Wet,526.9924609,530.3252075,534.1830676,507.927155
17794,Dalby_Dry,224.1788617,236.8742644,187.7149894,210.2367387
17794,Dalby_Wet,537.7331876,524.9917092,516.1107348,513.4878589
17794,Emerald_Dry,151.4783198,155.995584,109.2378052,150.4835467
17794,Emerald_Wet,516.8595671,536.3535988,510.5201846,526.0500422
17795,Dalby_Dry,242.6308032,243.5488427,231.1556076,254.5383709
17795,Dalby_Wet,538.5121455,542.2115638,500.7837464,538.4748261
17795,Emerald_Dry,165.4472367,177.7843724,153.9486463,97.64150658
17795,Emerald_Wet,525.761384,515.2405385,544.354017,522.523469
17796,Dalby_Dry,197.5511002,197.5994252,165.9802752,224.5538601
17796,Dalby_Wet,541.9531289,557.3806628,564.1967268,493.1389759
17796,Emerald_Dry,113.6925379,108.6127909,123.405236,67.13847821
17796,Emerald_Wet,570.3446401,577.9451209,554.6760929,611.2551424
17797,Dalby_Dry,162.750954,152.8059592,164.5012115,188.2565616
17797,Dalby_Wet,518.3108162,510.4790648,494.1833719,495.5815011
17797,Emerald_Dry,103.7057531,93.7618413,130.1055574,86.41369129
17797,Emerald_Wet,528.1073413,535.3745028,543.7572951,499.77321
17798,Dalby_Dry,231.6961215,221.6732948,240.7662366,191.4926043
17798,Dalby_Wet,539.712996,548.7406817,559.5318562,551.2984294
17798,Emerald_Dry,163.6672422,165.2504032,156.1072664,175.5714101
17798,Emerald_Wet,534.6599583,515.8424236,569.7346844,531.1130761
17799,Dalby_Dry,223.9973756,226.4887827,185.7492903,174.1981239
17799,Dalby_Wet,534.1172035,523.9326088,533.0838035,511.7445629
17799,Emerald_Dry,151.343347,148.6518738,177.4104852,154.8617333
17799,Emerald_Wet,532.3136496,531.3721994,516.7908194,559.046733
17800,Dalby_Dry,192.0034034,185.2785774,206.6933913,211.7078694
17800,Dalby_Wet,530.9164917,505.7605441,544.1158342,448.8065863
17800,Emerald_Dry,111.9148941,90.95904689,93.90415622,117.763472
17800,Emerald_Wet,555.6547316,565.9644679,548.5980113,556.2683776
17801,Dalby_Dry,185.9806932,179.7490406,172.251454,175.88143
17801,Dalby_Wet,530.2354162,530.3125496,513.670741,529.323577
17801,Emerald_Dry,114.3668708,113.612609,93.66623528,106.7406636
17801,Emerald_Wet,551.8347645,551.1582075,580.9022808,577.2609574
17802,Dalby_Dry,180.986367,165.2642668,196.5851819,174.0008954
17802,Dalby_Wet,536.3695005,527.2471536,535.4692701,517.3215135
17802,Emerald_Dry,106.7579655,120.9222592,152.5172116,70.83114222
17802,Emerald_Wet,559.5064277,561.987325,540.7497649,519.7325991
17803,Dalby_Dry,129.229937,140.9483883,145.6035136,105.8209827
17803,Dalby_Wet,498.2789902,506.6437867,479.2414628,517.2484131
17803,Emerald_Dry,105.7958566,100.7202213,118.9720078,84.05691699
17803,Emerald_Wet,506.7613531,489.6772135,482.882452,509.4409297
17804,Dalby_Dry,200.4988987,193.2992785,225.6296752,183.2834997
17804,Dalby_Wet,523.4477017,523.0202326,493.1749734,576.7887701
17804,Emerald_Dry,124.7509757,121.6538277,141.7710906,62.26094136
17804,Emerald_Wet,537.880136,534.8225897,552.191354,563.0794663
17805,Dalby_Dry,162.6554815,179.3309507,172.5201506,131.0870751
17805,Dalby_Wet,517.4750559,501.5404239,548.8051385,478.4456882
17805,Emerald_Dry,105.0298892,108.2254504,142.9999192,93.52257807
17805,Emerald_Wet,519.6157196,497.0670566,510.346569,506.7249783
17806,Dalby_Dry,197.8218257,190.002829,211.7324326,253.8432714
17806,Dalby_Wet,533.2578867,531.1255233,576.2425105,575.1557121
17806,Emerald_Dry,116.004498,111.297701,118.3108019,97.598265
17806,Emerald_Wet,564.3903428,555.8001394,591.0274355,528.5720009
17807,Dalby_Dry,181.4129568,186.4038693,197.3692378,202.8757128
17807,Dalby_Wet,525.8146712,518.5572591,493.9409223,530.0882809
17807,Emerald_Dry,113.6575403,120.3876598,86.17302326,158.5410774
17807,Emerald_Wet,531.6479828,534.2651325,546.0426489,517.6015296
17808,Dalby_Dry,214.6951299,221.8856295,206.3488853,174.8436428
17808,Dalby_Wet,540.1686305,544.1972956,536.0890827,604.1405144
17808,Emerald_Dry,138.1037007,145.8322117,109.7656782,126.4822843
17808,Emerald_Wet,540.855394,541.5796129,552.0997172,500.8365976
17809,Dalby_Dry,132.3886311,126.4344194,92.44395955,125.334623
17809,Dalby_Wet,498.5403851,508.3897977,479.5899798,519.3467908
17809,Emerald_Dry,105.6537294,124.8695125,105.8292732,82.39991071
17809,Emerald_Wet,520.6158639,519.5293298,502.1081712,526.0035032
17810,Dalby_Dry,232.3123196,234.7660086,231.1056934,193.843888
17810,Dalby_Wet,539.3936255,529.5543593,543.8163112,518.0615298
17810,Emerald_Dry,163.4249583,172.5817041,169.9463728,152.7769148
17810,Emerald_Wet,528.1717406,501.8687042,475.8098504,522.5027065
17811,Dalby_Dry,217.5328844,206.7317819,216.9006156,225.6281066
17811,Dalby_Wet,530.3788923,531.0378573,535.216638,493.4954891
17811,Emerald_Dry,153.6946028,136.695459,134.4034639,144.8109107
17811,Emerald_Wet,518.9794248,523.2869224,499.0339738,504.0543321
17812,Dalby_Dry,200.3194896,210.1432573,209.1254918,180.8088732
17812,Dalby_Wet,535.6340088,535.8936747,559.9277882,481.3977988
17812,Emerald_Dry,123.648408,125.6730338,89.62257045,160.4368587
17812,Emerald_Wet,557.0975906,547.1183033,588.9574445,554.0701931
17813,Dalby_Dry,214.9662189,213.605161,196.5908875,241.3610877
17813,Dalby_Wet,539.7393034,540.0203224,554.1131315,527.1150422
17813,Emerald_Dry,137.333555,141.0953563,106.0089024,101.9755837
17813,Emerald_Wet,545.4825512,534.0568137,565.6137092,538.0281394
17814,Dalby_Dry,154.8736987,151.4204951,132.5494058,158.9296972
17814,Dalby_Wet,521.9426149,519.9437784,553.2775977,552.3315161
17814,Emerald_Dry,98.52287707,92.37359897,128.6454553,108.195749
17814,Emerald_Wet,529.7440657,554.1255671,531.061706,475.917661
17815,Dalby_Dry,244.6340529,244.2954161,204.3864276,231.1986232
17815,Dalby_Wet,523.3058593,521.6349447,518.287151,488.915159
17815,Emerald_Dry,177.1065662,169.4922728,163.3676487,184.9095914
17815,Emerald_Wet,492.3160029,483.7789788,533.8577155,420.5950953
17816,Dalby_Dry,200.251805,194.6524204,193.0891834,165.9156034
17816,Dalby_Wet,539.834901,536.6877797,573.1712991,596.2632571
17816,Emerald_Dry,120.0023187,120.7511186,145.3183737,97.08750036
17816,Emerald_Wet,558.3300568,561.5023484,573.3259364,590.0480691
17817,Dalby_Dry,180.7897678,187.0679964,191.6175167,198.6510735
17817,Dalby_Wet,522.0667639,510.142254,525.3951762,470.768931
17817,Emerald_Dry,107.6461567,105.6061373,104.2973109,82.9885276
17817,Emerald_Wet,558.621663,560.1825298,560.7061323,548.9997978
17818,Dalby_Dry,232.4314298,248.6334423,215.9922604,264.0031887
17818,Dalby_Wet,532.3330079,522.6345556,501.934321,538.0288061
17818,Emerald_Dry,159.4361906,155.3761784,163.6744042,148.3025129
17818,Emerald_Wet,512.7078091,508.1109283,489.2299584,494.7362654
17819,Dalby_Dry,182.3328272,173.8349477,146.6183725,165.6454343
17819,Dalby_Wet,525.3893911,513.9022764,496.1799325,527.5988578
17819,Emerald_Dry,116.9067058,110.3574575,97.02301096,127.3123778
17819,Emerald_Wet,509.2571998,503.6196044,539.2683702,483.1839444
17820,Dalby_Dry,171.5357058,185.063625,180.6674397,187.9622074
17820,Dalby_Wet,524.3686642,533.4471901,518.9961296,505.56988
17820,Emerald_Dry,107.4285596,87.74696896,85.50894872,103.7781221
17820,Emerald_Wet,537.8376697,528.7225095,556.4940633,497.6524126
17821,Dalby_Dry,160.8787123,156.0228376,156.2984112,182.3581162
17821,Dalby_Wet,522.0578876,513.0979854,531.7512324,543.6713179
17821,Emerald_Dry,100.3497911,93.77446542,74.89880065,109.5448919
17821,Emerald_Wet,530.1567129,538.1880637,519.4068981,506.0864444
17822,Dalby_Dry,154.7726313,158.0570094,166.7993727,216.2430181
17822,Dalby_Wet,503.2034556,495.9585605,525.5444259,466.1594155
17822,Emerald_Dry,100.5298357,108.5244958,135.680302,107.3996009
17822,Emerald_Wet,532.1046867,526.7318704,534.9567724,566.4460875
17823,Dalby_Dry,215.2792876,220.0219892,211.2534679,228.2745419
17823,Dalby_Wet,541.1291566,518.2915101,542.6030625,441.51332
17823,Emerald_Dry,137.3351762,142.3817432,105.0558622,148.7020129
17823,Emerald_Wet,553.2808773,561.261539,539.312401,542.3511462
17824,Dalby_Dry,205.6552955,230.6952182,168.456285,215.1270012
17824,Dalby_Wet,542.4611499,564.8512174,524.6727574,568.832185
17824,Emerald_Dry,130.1392418,121.195734,121.4663812,72.00343102
17824,Emerald_Wet,557.8466096,558.0613607,560.4152979,543.4589216
17825,Dalby_Dry,241.8074951,230.153511,289.904173,213.8085443
17825,Dalby_Wet,544.721497,536.3601832,532.4419311,530.9509961
17825,Emerald_Dry,172.4802029,170.1732356,183.463919,186.4685449
17825,Emerald_Wet,530.5552524,522.3821633,534.5834681,484.1672749
17826,Dalby_Dry,197.694677,185.9907642,187.0455532,157.5670288
17826,Dalby_Wet,535.1858415,529.2430562,517.1719201,548.3733737
17826,Emerald_Dry,116.1906663,125.3306576,86.06053729,124.7913909
17826,Emerald_Wet,579.6148324,587.4826534,600.8473837,571.9231739
17827,Dalby_Dry,245.0215049,247.489845,210.4734693,275.2589017
17827,Dalby_Wet,537.9407407,523.3885333,561.7705164,511.964454
17827,Emerald_Dry,174.3905059,181.5184737,168.8686251,110.1463208
17827,Emerald_Wet,519.0210122,522.9544565,473.6518427,534.5909276
17828,Dalby_Dry,206.3248733,202.6670335,187.1422742,192.2776774
17828,Dalby_Wet,533.5340844,543.0594035,534.7674404,556.7486411
17828,Emerald_Dry,134.0714168,140.6025131,124.8604463,92.7684383
17828,Emerald_Wet,550.684632,543.5756585,549.2159848,504.152275
17829,Dalby_Dry,235.9385098,230.6777924,233.5901501,204.2636047
17829,Dalby_Wet,524.0515479,547.7842294,553.8502368,588.9833263
17829,Emerald_Dry,165.3256208,166.2076397,166.3667515,162.7954965
17829,Emerald_Wet,506.2779004,492.2287672,496.3916761,455.7690427
17830,Dalby_Dry,245.1298567,242.1095446,279.1372063,262.0654465
17830,Dalby_Wet,540.7761465,561.7146668,546.6989469,608.1067774
17830,Emerald_Dry,174.7526161,182.7750384,178.4534168,178.5586203
17830,Emerald_Wet,522.3140042,532.5643913,506.2911395,501.7330967
17831,Dalby_Dry,208.5226069,200.1009302,218.5244361,174.6639965
17831,Dalby_Wet,536.6295727,542.2622256,502.1181298,527.2507397
17831,Emerald_Dry,130.2708773,127.1220836,108.7937704,146.5045078
17831,Emerald_Wet,534.5020331,542.5627215,514.7141992,501.385962
17832,Dalby_Dry,232.0138771,209.2796167,263.0320214,222.1872215
17832,Dalby_Wet,536.1736989,551.3730697,562.8850656,524.6293999
17832,Emerald_Dry,161.1132198,149.7667192,122.6697152,174.0870734
17832,Emerald_Wet,508.0089897,497.3115492,480.2868842,546.2854229
17833,Dalby_Dry,132.2483109,143.5781319,110.6478797,99.86668823
17833,Dalby_Wet,498.5654345,516.511208,497.2085339,479.7151555
17833,Emerald_Dry,103.7471683,116.0647733,82.69367638,59.52206651
17833,Emerald_Wet,521.2363669,526.192751,478.7680052,562.3563197
17834,Dalby_Dry,197.8027656,201.6159084,205.8570808,207.7700808
17834,Dalby_Wet,539.5869445,539.4270987,543.7621334,572.8738471
17834,Emerald_Dry,113.7206446,101.9380193,112.4428568,140.9362693
17834,Emerald_Wet,562.6698255,560.9612218,558.6175922,572.0658096
17835,Dalby_Dry,161.5828522,149.2089659,149.7028919,156.6912058
17835,Dalby_Wet,517.6698616,543.245552,532.4171349,499.2698401
17835,Emerald_Dry,102.9810146,111.8641335,85.55990066,104.7541433
17835,Emerald_Wet,549.3591247,570.6013811,538.3891716,499.9595164
17836,Dalby_Dry,244.5230357,262.1415128,255.1676324,224.0100332
17836,Dalby_Wet,528.0539658,512.293677,541.5841071,507.9671702
17836,Emerald_Dry,177.2303969,195.9779734,183.725881,155.6650741
17836,Emerald_Wet,502.4517419,502.4409645,527.8461054,547.5783116
17837,Dalby_Dry,217.6598585,216.2517189,191.3686258,193.0161842
17837,Dalby_Wet,533.2297922,530.6467161,544.7499262,519.9613018
17837,Emerald_Dry,150.2426689,154.8489798,133.1762312,163.5326639
17837,Emerald_Wet,533.4960928,535.3946902,555.0680568,516.650274
17838,Dalby_Dry,180.990384,179.868556,181.9429566,161.0952054
17838,Dalby_Wet,521.2488671,512.1143899,531.8165052,533.3629446
17838,Emerald_Dry,110.2311599,124.498797,91.00564316,90.46862111
17838,Emerald_Wet,551.5987092,560.8438685,548.9799216,550.1104931
17839,Dalby_Dry,162.116754,171.0882489,153.1321108,178.818542
17839,Dalby_Wet,518.6137448,519.6404325,496.7501837,518.7890963
17839,Emerald_Dry,104.9442418,100.4148816,109.1978861,114.3734059
17839,Emerald_Wet,525.5296256,531.6137296,552.5178188,590.8092456
17840,Dalby_Dry,192.6623865,181.5409562,175.4738224,165.0482649
17840,Dalby_Wet,527.6328462,537.1757914,511.9401891,504.0886196
17840,Emerald_Dry,115.1168563,102.9936521,139.2405615,118.6181188
17840,Emerald_Wet,546.5587545,541.8513949,523.9944387,549.6069061
17841,Dalby_Dry,181.9052424,169.7070982,190.7167426,167.8815657
17841,Dalby_Wet,515.4795998,526.5382018,507.6914597,538.0812336
17841,Emerald_Dry,113.7915066,125.1474442,135.2653206,100.0086316
17841,Emerald_Wet,536.123514,536.240489,531.2466144,535.0084267
17842,Dalby_Dry,162.867614,163.5007216,127.9006247,146.5015812
17842,Dalby_Wet,518.0190532,520.8970419,500.6064565,539.5262977
17842,Emerald_Dry,104.5331158,120.2515517,89.47106441,104.8242666
17842,Emerald_Wet,526.0810115,536.7791375,517.6856581,525.4816416
17843,Dalby_Dry,261.3855281,272.084372,261.0320018,234.1156847
17843,Dalby_Wet,510.668589,492.3068589,504.0438186,552.8339277
17843,Emerald_Dry,199.0392741,190.4532556,218.3249128,202.4633837
17843,Emerald_Wet,463.201747,464.1485531,488.3542585,424.4313665
17844,Dalby_Dry,200.1510633,211.3276651,173.2656348,195.4805655
17844,Dalby_Wet,522.1861034,501.2818893,585.7060041,493.6199263
17844,Emerald_Dry,124.5581506,128.7172732,160.517066,104.5133979
17844,Emerald_Wet,528.285961,543.4854899,536.4214284,572.655436
17845,Dalby_Dry,199.2635915,210.6930336,207.7612963,182.6677572
17845,Dalby_Wet,527.4559862,522.5023091,541.6562579,507.1706585
17845,Emerald_Dry,114.8525264,106.2940492,118.101016,90.13917422
17845,Emerald_Wet,544.7947561,534.7387144,514.7001676,581.7185587
17846,Dalby_Dry,193.6948394,182.8210764,177.4409408,198.9055616
17846,Dalby_Wet,532.1008026,516.3896548,534.6881263,522.8245232
17846,Emerald_Dry,117.7868169,121.4950833,121.1812251,86.16740435
17846,Emerald_Wet,546.9794929,544.6260252,552.4941797,584.5341114
17847,Dalby_Dry,245.3497403,249.4540832,259.8784474,251.3713525
17847,Dalby_Wet,535.7553577,525.4618019,559.5273278,517.3827694
17847,Emerald_Dry,176.8205784,171.1748373,166.7569077,206.9526207
17847,Emerald_Wet,510.8865245,528.2359578,501.6069658,471.1757535
17848,Dalby_Dry,161.7344735,138.7005918,143.8870562,188.5688365
17848,Dalby_Wet,518.589338,521.1173965,529.0362462,543.6035256
17848,Emerald_Dry,99.77204362,101.2864989,98.92843319,150.5762848
17848,Emerald_Wet,549.5888979,554.6664975,552.4558579,485.6729468
17849,Dalby_Dry,129.384793,130.5307383,139.1415213,117.2223834
17849,Dalby_Wet,497.8707138,483.600303,494.042761,544.0773427
17849,Emerald_Dry,104.9636539,105.356953,83.12584374,129.1662744
17849,Emerald_Wet,525.9551229,522.8528755,502.6441906,536.2460169
17850,Dalby_Dry,205.7365447,199.0070973,207.2154867,191.9151489
17850,Dalby_Wet,543.8136888,550.1184819,534.7827606,569.167731
17850,Emerald_Dry,132.3314361,137.0979588,140.0832974,116.7482039
17850,Emerald_Wet,549.368836,557.7172671,531.4905021,541.4418791
17851,Dalby_Dry,133.1764317,142.431176,155.6001154,113.0894766
17851,Dalby_Wet,480.9729411,472.0472173,503.115539,507.6190014
17851,Emerald_Dry,102.7444716,121.2106015,115.6844605,95.7717066
17851,Emerald_Wet,503.7530991,506.7598711,486.345025,413.0438726
17852,Dalby_Dry,165.0703306,155.3230326,124.2552981,143.6773926
17852,Dalby_Wet,526.5756397,520.4666788,522.8744826,505.2831729
17852,Emerald_Dry,101.426868,106.6341207,64.55119577,134.7517887
17852,Emerald_Wet,543.7985302,545.9826885,553.0613316,547.2245984
17853,Dalby_Dry,161.3583684,144.3085925,167.3242319,102.8044551
17853,Dalby_Wet,520.3055981,516.8022255,534.2102836,484.8598009
17853,Emerald_Dry,99.59169875,95.74360934,68.20762584,107.0996829
17853,Emerald_Wet,549.657202,546.198563,563.4179974,563.9121392
17854,Dalby_Dry,212.6484844,213.9833068,204.2134943,226.2485615
17854,Dalby_Wet,543.1762211,531.7950777,552.0679943,493.6545783
17854,Emerald_Dry,136.11402,141.6539082,106.3020421,76.27416536
17854,Emerald_Wet,560.2950079,551.2731659,595.3748589,586.3848992
17855,Dalby_Dry,213.2140482,216.7886232,200.0451584,250.5446694
17855,Dalby_Wet,536.9212392,541.2957832,535.9815439,502.0933949
17855,Emerald_Dry,136.220844,136.320021,128.6050304,167.2645541
17855,Emerald_Wet,554.7740445,565.6402542,545.6766948,594.5378721
17856,Dalby_Dry,132.5314187,137.2218576,157.0296886,167.3943051
17856,Dalby_Wet,499.45857,508.425773,475.8979571,526.4079417
17856,Emerald_Dry,105.8392235,124.7567822,126.1592044,62.52072453
17856,Emerald_Wet,524.1793842,526.9112098,563.686854,519.9885208
17857,Dalby_Dry,173.7077199,176.5827822,141.822961,173.3058038
17857,Dalby_Wet,515.0209664,502.9169577,563.222751,546.3913968
17857,Emerald_Dry,108.5195156,110.2124321,130.8077552,58.71081678
17857,Emerald_Wet,521.0383242,512.9323308,514.5521017,493.6171362
17858,Dalby_Dry,180.875308,191.3316526,188.8214743,232.0318246
17858,Dalby_Wet,532.5970256,529.4007087,535.4641052,514.5507983
17858,Emerald_Dry,107.8102348,115.1103069,98.13915047,115.9557677
17858,Emerald_Wet,556.8819378,536.5931725,574.5103438,555.6046885
17859,Dalby_Dry,166.6593832,162.6861488,163.4923475,141.9534984
17859,Dalby_Wet,529.900104,520.6903891,483.407195,569.9614525
17859,Emerald_Dry,105.3252629,103.3075445,119.693992,96.08984949
17859,Emerald_Wet,544.2223979,551.2855974,554.8530743,551.0514938
17860,Dalby_Dry,193.59467,175.2218302,171.1640503,228.9182021
17860,Dalby_Wet,523.583068,531.1600958,525.2950129,502.1950739
17860,Emerald_Dry,115.9652178,127.0559344,115.5583809,120.1589072
17860,Emerald_Wet,549.6698598,566.6021451,551.2325294,551.2645472
17861,Dalby_Dry,184.8323521,177.8440509,160.5844144,169.0223618
17861,Dalby_Wet,533.2093298,525.9112605,536.8291223,496.2882757
17861,Emerald_Dry,108.1969883,119.1699313,89.55351469,11.87075798
17861,Emerald_Wet,557.6546941,558.2831398,537.494424,549.8011482
17862,Dalby_Dry,231.7024221,227.2242194,223.2624282,270.9859321
17862,Dalby_Wet,535.5041608,543.6795416,537.9929145,562.8016948
17862,Emerald_Dry,160.5602509,168.3664289,171.3596811,142.0119959
17862,Emerald_Wet,516.0519888,526.1541421,544.6901203,533.0847358
17863,Dalby_Dry,213.4696973,208.7880229,236.0971413,159.9471813
17863,Dalby_Wet,545.6107685,539.5441319,534.2057272,583.1065595
17863,Emerald_Dry,140.8168127,131.8456764,139.7578302,183.176538
17863,Emerald_Wet,552.6648198,550.3915619,552.1724372,560.2644803
17864,Dalby_Dry,182.3071929,181.7424098,180.7416173,180.5873131
17864,Dalby_Wet,524.6492631,539.4847389,515.9796579,520.7165735
17864,Emerald_Dry,118.919234,101.4907573,116.9253383,137.282098
17864,Emerald_Wet,527.2796532,510.3854226,518.3222705,472.5856168
17865,Dalby_Dry,223.8826976,228.8765315,220.7910801,269.2720697
17865,Dalby_Wet,540.909576,553.5091496,527.0372413,561.1835506
17865,Emerald_Dry,141.4960387,145.0385536,128.2539286,108.0606661
17865,Emerald_Wet,547.1160906,536.4243801,516.6582221,577.9742309
17866,Dalby_Dry,243.4200509,246.4430332,259.4445432,256.0862881
17866,Dalby_Wet,537.6694963,527.9704917,515.2372162,548.0674331
17866,Emerald_Dry,166.1971177,173.1513736,161.3382653,134.2805309
17866,Emerald_Wet,522.3895656,523.5763315,541.2244689,480.8192616
17867,Dalby_Dry,242.0099551,239.8425515,281.9048246,226.9866469
17867,Dalby_Wet,533.22328,532.3781459,549.5960272,541.2893432
17867,Emerald_Dry,166.2413597,163.434646,160.7492358,152.4236202
17867,Emerald_Wet,516.7547738,517.2821229,531.1275658,529.684764
17868,Dalby_Dry,155.4624843,140.0532275,200.349842,184.8450969
17868,Dalby_Wet,498.4847678,503.9530341,486.059461,518.4184736
17868,Emerald_Dry,103.1545462,97.14662029,88.44952986,101.9401374
17868,Emerald_Wet,527.7380904,536.3535834,494.3706228,534.6804002
17869,Dalby_Dry,154.8263149,143.2192293,154.7888697,158.7629105
17869,Dalby_Wet,523.3349484,526.8348534,527.2613597,518.0947493
17869,Emerald_Dry,97.86275522,96.61362802,148.4069724,75.58973854
17869,Emerald_Wet,528.1129038,540.9128403,553.6042064,529.1798143
17870,Dalby_Dry,205.4466558,184.9823653,193.3077866,197.0282267
17870,Dalby_Wet,533.276471,525.4422695,507.8028318,491.8336376
17870,Emerald_Dry,121.4750594,114.1600159,136.4031584,158.9721101
17870,Emerald_Wet,563.4154763,569.0050044,531.6889026,608.6747168
17871,Dalby_Dry,185.1565473,184.3236519,188.2900221,207.9282818
17871,Dalby_Wet,534.9962201,540.3950376,550.6428325,514.4248926
17871,Emerald_Dry,111.324166,96.09407912,106.3424326,116.3987806
17871,Emerald_Wet,548.1390324,527.7973508,564.6539464,551.9849415
17872,Dalby_Dry,199.8259549,189.0420105,181.5123591,169.7821718
17872,Dalby_Wet,523.5141008,508.4745704,562.4737942,500.6115308
17872,Emerald_Dry,123.582712,110.2954699,124.9510639,173.9635371
17872,Emerald_Wet,539.8819536,539.2108054,564.1769484,563.0433774
17873,Dalby_Dry,212.8443662,215.979279,180.6298679,211.1287121
17873,Dalby_Wet,543.3341228,564.6760125,560.7814436,498.8297728
17873,Emerald_Dry,129.8815659,126.6584702,140.4721959,132.4880204
17873,Emerald_Wet,555.0483665,546.51543,537.4063514,551.8234244
17874,Dalby_Dry,227.1572734,231.5858112,211.7806795,230.9864684
17874,Dalby_Wet,526.9698476,543.8637824,552.9341364,521.1254827
17874,Emerald_Dry,158.6610993,164.3228947,197.0726827,151.3095315
17874,Emerald_Wet,512.6740879,496.8189705,506.0119533,527.469412
17875,Dalby_Dry,208.6740659,197.9224512,208.6422772,164.5514349
17875,Dalby_Wet,535.738725,537.9037765,534.6213398,465.1516561
17875,Emerald_Dry,137.0847621,111.9879921,142.8713973,177.8052255
17875,Emerald_Wet,520.0987406,526.581496,515.9515279,537.5070681
17876,Dalby_Dry,170.6002488,143.9484919,164.2091665,154.115222
17876,Dalby_Wet,524.5222713,520.4377898,509.6822306,590.8964123
17876,Emerald_Dry,102.6029888,101.9117704,117.3875353,123.4868155
17876,Emerald_Wet,538.1388511,557.4446561,507.0038823,550.8723748
17877,Dalby_Dry,143.4497717,150.2967647,158.287979,129.8244053
17877,Dalby_Wet,508.6695329,525.9033332,512.2493373,553.4567298
17877,Emerald_Dry,104.0208337,101.6647511,98.94487387,60.79991636
17877,Emerald_Wet,522.613013,530.7547952,491.5367169,526.7149004
17878,Dalby_Dry,143.6850096,124.3203434,180.4570228,139.2582563
17878,Dalby_Wet,505.3225663,511.9246752,548.8083215,503.8229778
17878,Emerald_Dry,101.252037,103.6636553,91.78739918,93.37778341
17878,Emerald_Wet,536.5432111,544.3796996,484.8240809,532.0170734
17879,Dalby_Dry,181.1259195,188.8240587,196.4844749,164.5007541
17879,Dalby_Wet,535.7409223,530.3679199,545.5919243,531.3486866
17879,Emerald_Dry,111.3596268,126.077261,92.01842838,120.6280076
17879,Emerald_Wet,548.5250253,561.8069359,565.6420325,523.8695403
17880,Dalby_Dry,234.5396938,245.7522904,286.8048615,213.8565385
17880,Dalby_Wet,534.7138185,543.0544227,539.9259607,485.2896814
17880,Emerald_Dry,161.3952909,172.6546751,142.9002836,181.614755
17880,Emerald_Wet,507.9781529,519.2940771,538.790057,513.0033147
17881,Dalby_Dry,245.5284019,249.7131974,233.5517744,256.0748222
17881,Dalby_Wet,534.8899115,527.1829362,538.577579,539.664086
17881,Emerald_Dry,177.2650912,157.4418561,161.1472943,149.4452689
17881,Emerald_Wet,509.2156466,500.3711031,493.0214988,423.3971981
17882,Dalby_Dry,200.1713857,195.9991755,202.9668674,136.5508406
17882,Dalby_Wet,534.7225317,547.1286761,535.9904433,552.1683964
17882,Emerald_Dry,123.857977,126.6733428,144.1797971,96.30465337
17882,Emerald_Wet,558.5186428,555.5913562,561.8284878,479.5188072
17883,Dalby_Dry,161.2939481,152.7584245,170.6221408,161.1065613
17883,Dalby_Wet,518.7011944,536.9413577,538.1593042,551.4409974
17883,Emerald_Dry,99.76251784,104.7858603,101.6644812,55.39017199
17883,Emerald_Wet,548.7269687,549.3408413,531.1213853,511.4253796
17884,Dalby_Dry,199.6115442,199.3607212,208.9956037,190.0105857
17884,Dalby_Wet,533.3302363,542.8258734,528.0565271,508.3265999
17884,Emerald_Dry,127.5647254,130.6861639,125.6032789,98.07493541
17884,Emerald_Wet,553.1770467,550.3591412,560.1457256,592.4028604
17885,Dalby_Dry,181.1944402,206.9189458,192.339453,209.6186773
17885,Dalby_Wet,518.98545,520.2184559,535.1845162,504.1375065
17885,Emerald_Dry,111.1646339,119.5719454,103.9520707,57.56301302
17885,Emerald_Wet,537.6519672,539.4144879,501.8348361,488.2911419
17886,Dalby_Dry,230.9643943,231.6932731,243.3752691,224.5788346
17886,Dalby_Wet,544.3149746,537.521002,574.8732731,566.1443188
17886,Emerald_Dry,159.7674421,173.3133112,164.6373645,181.9538482
17886,Emerald_Wet,542.949942,557.1021476,536.7517171,529.5032593
17887,Dalby_Dry,244.3752255,246.1274632,227.936859,198.8739253
17887,Dalby_Wet,536.3736088,537.2796631,522.4505979,453.0046297
17887,Emerald_Dry,175.2604559,173.2723153,196.1154464,148.2747532
17887,Emerald_Wet,519.3117682,526.806951,522.7862378,505.028791
17888,Dalby_Dry,206.0124691,195.4287549,164.9452692,263.0231363
17888,Dalby_Wet,542.3281161,535.5472299,546.4675043,463.763794
17888,Emerald_Dry,129.892864,141.7718699,159.0647481,103.4402579
17888,Emerald_Wet,559.7888966,552.7618601,549.3683601,554.7864117
17889,Dalby_Dry,199.6674611,187.4093916,181.7472377,213.8549445
17889,Dalby_Wet,530.8046924,531.0312003,532.5367856,552.9129678
17889,Emerald_Dry,120.8334466,137.7085775,128.4579468,70.13026342
17889,Emerald_Wet,544.970601,536.430326,523.6736795,552.0582922
17890,Dalby_Dry,197.7376115,184.2160346,191.4175511,168.4246382
17890,Dalby_Wet,540.7077786,538.5651596,545.3022389,515.0420672
17890,Emerald_Dry,116.8181803,132.7881997,137.2968872,122.2796695
17890,Emerald_Wet,567.8620608,576.6445918,582.577098,548.2918426
17891,Dalby_Dry,199.1110977,204.596309,223.1845155,145.2078888
17891,Dalby_Wet,538.0591996,548.1084159,560.5821121,568.0272347
17891,Emerald_Dry,117.5925813,99.44319619,117.6340118,104.0665083
17891,Emerald_Wet,562.2749837,570.7320538,563.3367088,608.5761733
17892,Dalby_Dry,231.8417495,239.8185768,201.3138819,224.8553222
17892,Dalby_Wet,537.5948477,554.6719117,561.2622455,562.3570511
17892,Emerald_Dry,155.2651162,183.3699019,130.2985458,177.2318537
17892,Emerald_Wet,526.5598848,535.9301122,538.8980877,504.9041719
17893,Dalby_Dry,213.0319847,222.0301721,214.7394672,240.5940588
17893,Dalby_Wet,543.8754051,547.3427922,548.9261271,558.4619222
17893,Emerald_Dry,134.2071735,124.3859528,77.72382668,95.32720524
17893,Emerald_Wet,560.0998918,562.8895961,555.8675265,525.1671978
17894,Dalby_Dry,212.7202858,209.0952517,224.6299839,216.8563933
17894,Dalby_Wet,535.1954358,526.6956359,535.6009884,483.388367
17894,Emerald_Dry,135.2347446,119.1782711,166.3520025,192.9613138
17894,Emerald_Wet,562.3903484,563.2843248,546.335686,569.6814413
17895,Dalby_Dry,266.82522,275.3167291,277.9512243,241.4460138
17895,Dalby_Wet,523.5901845,510.9011037,525.671648,477.8349263
17895,Emerald_Dry,208.3386733,207.5504101,202.1863601,238.1412875
17895,Emerald_Wet,504.5317687,498.5572191,506.1091476,437.4736121
17896,Dalby_Dry,199.1580538,179.3154801,209.8646022,232.9601941
17896,Dalby_Wet,536.7664604,555.2920393,559.3140607,519.3081411
17896,Emerald_Dry,121.1947725,118.8766546,98.37987231,143.1503269
17896,Emerald_Wet,564.9989889,577.0799087,553.4208541,614.3712855
17897,Dalby_Dry,214.840204,232.4088085,227.3021446,236.6371154
17897,Dalby_Wet,537.9884224,518.4274485,536.6274996,523.2765681
17897,Emerald_Dry,145.5348608,135.5631762,145.6848111,111.6342343
17897,Emerald_Wet,531.9393742,535.2739751,555.8414176,498.4281422
17898,Dalby_Dry,221.5711038,207.7542875,221.9129146,214.3612055
17898,Dalby_Wet,544.227827,558.6696652,531.064089,568.2091968
17898,Emerald_Dry,149.4788267,152.0101992,145.5140637,153.6602023
17898,Emerald_Wet,545.3826516,551.1833595,536.9820177,588.329386
17899,Dalby_Dry,219.5985547,224.0424117,267.675742,209.6909611
17899,Dalby_Wet,549.0193405,561.1281235,572.272686,574.9732169
17899,Emerald_Dry,144.8655357,149.5254148,137.7019496,160.037306
17899,Emerald_Wet,566.1643841,565.1162232,576.8457872,562.8949482
17900,Dalby_Dry,215.2460091,219.2089934,247.2169041,227.3463819
17900,Dalby_Wet,528.68363,514.9570128,535.7229889,491.2447449
17900,Emerald_Dry,133.7353898,118.3824274,155.226329,92.18483028
17900,Emerald_Wet,549.5677748,525.7970654,535.2145481,496.6455202
17901,Dalby_Dry,186.2490092,172.8657632,169.1854846,197.6875542
17901,Dalby_Wet,529.8281586,539.6065139,545.0229897,486.947537
17901,Emerald_Dry,116.3739859,116.6215293,125.9095668,154.0845083
17901,Emerald_Wet,541.9277576,561.3150026,533.0937775,582.5668318
17902,Dalby_Dry,154.828396,145.7814169,146.8186138,171.3829678
17902,Dalby_Wet,503.4565806,493.2729744,509.8048635,508.8529266
17902,Emerald_Dry,99.22040837,93.13266379,127.9942785,93.44490573
17902,Emerald_Wet,531.5163013,524.0793741,545.4069486,516.4633898
17903,Dalby_Dry,206.1151325,184.8675121,209.190649,202.6533136
17903,Dalby_Wet,542.9999929,539.9831919,545.7083082,516.2606683
17903,Emerald_Dry,130.7783675,143.2096948,130.6830654,196.2200022
17903,Emerald_Wet,563.5622688,582.8400666,571.67335,562.6516265
17904,Dalby_Dry,266.548443,281.2337098,242.8714671,250.2115651
17904,Dalby_Wet,517.0857337,514.1889868,500.6001572,509.8366052
17904,Emerald_Dry,206.3732291,201.3333571,198.7257259,231.7692773
17904,Emerald_Wet,486.2231479,473.8608392,511.4613984,539.8709831
17905,Dalby_Dry,208.1130044,213.4370638,225.4532484,212.9147095
17905,Dalby_Wet,533.9947843,522.4920955,535.0480823,502.6054031
17905,Emerald_Dry,128.998079,132.0233455,138.3802074,146.3626387
17905,Emerald_Wet,545.4577942,559.625345,546.0562079,506.4109601
17906,Dalby_Dry,179.5500296,194.8453641,170.2568128,146.5886809
17906,Dalby_Wet,521.0198457,514.3413204,541.1732321,483.7649507
17906,Emerald_Dry,105.0674949,110.673337,108.3162031,190.2751035
17906,Emerald_Wet,548.3169002,527.9538949,528.9189138,572.508376
17907,Dalby_Dry,155.0002751,157.8887226,174.3304861,128.302449
17907,Dalby_Wet,524.0668849,519.6946067,514.7233821,543.9003471
17907,Emerald_Dry,99.79898269,98.99105985,54.8657089,94.74420419
17907,Emerald_Wet,534.9012886,541.1331091,537.2133903,502.2660613
17908,Dalby_Dry,172.9564556,167.8490098,144.8342834,181.6050627
17908,Dalby_Wet,529.4657499,520.6604213,540.6743131,535.8882986
17908,Emerald_Dry,108.7005945,113.7584191,101.5358305,93.64542481
17908,Emerald_Wet,540.4887853,548.461449,530.0486912,557.7444347
17909,Dalby_Dry,191.5441173,187.2211327,189.2274426,232.4497036
17909,Dalby_Wet,531.5348773,532.0564906,537.3842882,535.8975426
17909,Emerald_Dry,115.9693181,121.9212813,108.1674044,108.9263751
17909,Emerald_Wet,543.6626687,542.1064908,492.9071883,511.3106096
17910,Dalby_Dry,200.0099713,209.2305624,192.4353217,252.8748198
17910,Dalby_Wet,534.1504482,539.7362386,520.6566028,541.5760743
17910,Emerald_Dry,122.8667048,126.3972826,137.851535,71.81515073
17910,Emerald_Wet,553.7146847,554.6506901,544.7800324,562.585095
17911,Dalby_Dry,224.5919433,229.6480889,196.6400341,270.6541982
17911,Dalby_Wet,538.2078157,526.8636472,552.8875749,498.4588517
17911,Emerald_Dry,149.0987164,158.9816309,179.2225787,134.7543995
17911,Emerald_Wet,542.2517748,542.7874489,571.520385,544.1381462
17912,Dalby_Dry,137.9827694,138.2136341,168.7736121,166.8934933
17912,Dalby_Wet,509.2621419,505.5409317,540.1454533,507.1427778
17912,Emerald_Dry,104.2602326,113.076687,147.4370897,106.6548797
17912,Emerald_Wet,524.3232441,525.2016065,527.0495729,530.3825746
17913,Dalby_Dry,180.6604152,197.6128029,186.9531623,197.1606539
17913,Dalby_Wet,520.8311442,511.6280847,503.2153333,515.1849964
17913,Emerald_Dry,110.5148768,116.6498044,120.027972,114.2894036
17913,Emerald_Wet,529.9528754,517.6008363,507.0377193,523.1522331
17914,Dalby_Dry,224.2313172,209.878368,257.4312349,219.6266847
17914,Dalby_Wet,530.983178,539.0609825,511.6359874,542.4425294
17914,Emerald_Dry,145.7634483,143.3752099,159.5169558,130.1195824
17914,Emerald_Wet,538.7310381,554.5586419,542.5793478,505.7265203
17915,Dalby_Dry,192.3144383,175.4073299,153.0614751,202.5941904
17915,Dalby_Wet,522.559244,519.3012493,518.9906342,468.1202849
17915,Emerald_Dry,114.0747281,116.6083725,111.4745946,127.5744411
17915,Emerald_Wet,562.1727966,573.5060593,528.8716865,529.6998811
17916,Dalby_Dry,217.6457071,226.0723124,213.9220193,249.4360045
17916,Dalby_Wet,537.100434,550.4215853,530.4453965,493.1422492
17916,Emerald_Dry,146.1377396,156.4717144,142.1963514,159.8855345
17916,Emerald_Wet,527.8282481,512.5834056,532.7132848,483.5162422
17917,Dalby_Dry,198.9007467,207.237815,208.1590961,190.3374498
17917,Dalby_Wet,539.9913097,532.6807644,538.3027244,524.9719311
17917,Emerald_Dry,117.4214946,129.3008948,136.8531992,119.8309111
17917,Emerald_Wet,566.9802782,561.4827521,567.4129831,575.621579
17918,Dalby_Dry,205.6706006,187.0244189,246.8348905,189.2443926
17918,Dalby_Wet,531.6008502,536.8680509,544.7036093,511.5950486
17918,Emerald_Dry,131.501837,139.5132607,136.1871873,158.1928663
17918,Emerald_Wet,555.7392988,563.1930654,555.7094259,579.3936774
17919,Dalby_Dry,197.5686041,206.6253059,188.041163,227.7843996
17919,Dalby_Wet,542.8676606,540.4429871,498.0690959,535.6409224
17919,Emerald_Dry,115.373298,101.568136,131.2267937,81.30513006
17919,Emerald_Wet,563.3291783,567.1861529,556.9083378,591.1051374
17920,Dalby_Dry,129.2168453,110.323169,132.870021,123.5681061
17920,Dalby_Wet,502.3244493,496.8350091,518.2556189,514.3608477
17920,Emerald_Dry,106.2301774,93.58672587,59.88188319,155.0552878
17920,Emerald_Wet,503.7675042,498.6818324,498.57644,477.8427782
17921,Dalby_Dry,205.3044551,215.5503472,178.6829911,216.1011933
17921,Dalby_Wet,540.3594938,521.3557595,558.754042,526.5359505
17921,Emerald_Dry,131.6303168,125.2947812,155.3808583,134.4211219
17921,Emerald_Wet,544.5014256,541.6726568,527.5878698,485.9364532
17922,Dalby_Dry,193.4692753,187.3308263,152.1029504,152.4073855
17922,Dalby_Wet,523.2886481,534.1762027,527.1200616,502.6537104
17922,Emerald_Dry,119.4974842,124.4581427,130.2516443,47.09445452
17922,Emerald_Wet,541.7445958,548.3552371,533.0326902,553.6827334
17923,Dalby_Dry,205.2820935,211.1335513,229.2144598,192.0714644
17923,Dalby_Wet,531.8944036,513.9868754,538.396654,550.6270395
17923,Emerald_Dry,125.7551207,149.6365753,109.1082872,146.6726819
17923,Emerald_Wet,556.9731111,552.4274499,575.3467814,590.2499533
17924,Dalby_Dry,167.882468,172.1724259,163.3326393,185.2832472
17924,Dalby_Wet,513.120299,515.5498737,509.4279677,487.9566897
17924,Emerald_Dry,108.6486078,118.8877537,133.8762873,105.0359394
17924,Emerald_Wet,515.2252804,522.5613846,555.8794754,556.8452856
17925,Dalby_Dry,190.8101692,197.7100346,208.8575276,179.7415653
17925,Dalby_Wet,543.3787122,536.975322,536.1061932,556.7616761
17925,Emerald_Dry,111.9714632,99.66424166,121.2610152,117.3838101
17925,Emerald_Wet,576.140774,580.2168483,573.6902514,584.1915408
17926,Dalby_Dry,134.5279039,119.7556798,132.2766005,138.1977372
17926,Dalby_Wet,480.6910965,465.4268266,489.1722096,500.0019879
17926,Emerald_Dry,109.3838074,105.0912492,103.9156046,117.224661
17926,Emerald_Wet,500.8255765,499.2918328,517.0923064,511.9097858
17927,Dalby_Dry,165.7955425,169.9511753,186.2213015,139.2415679
17927,Dalby_Wet,524.766132,513.1529537,524.1108366,516.4609155
17927,Emerald_Dry,104.4590311,109.2130962,80.26448711,117.6889459
17927,Emerald_Wet,545.8381173,544.1280047,591.5025337,504.0408552
17928,Dalby_Dry,197.6489197,207.5875885,199.3514528,224.0145164
17928,Dalby_Wet,535.7737206,545.9145373,527.1024674,522.6317379
17928,Emerald_Dry,120.3136922,118.4956102,97.05805418,93.95494856
17928,Emerald_Wet,556.5448512,554.9124566,580.8147121,550.1751502
17929,Dalby_Dry,206.5984036,213.307641,188.2077078,202.2062067
17929,Dalby_Wet,528.4030573,537.3894574,537.0741898,517.2227255
17929,Emerald_Dry,133.354091,139.5446551,121.0564083,164.4263081
17929,Emerald_Wet,557.2093248,563.0280902,542.839571,495.1536094
17930,Dalby_Dry,185.3611726,181.7608573,203.2212492,148.6432702
17930,Dalby_Wet,532.4732261,524.3516946,533.632613,562.5944707
17930,Emerald_Dry,110.5588481,116.715522,117.2951813,123.3723391
17930,Emerald_Wet,554.656817,539.6065365,576.654028,558.5678108
17931,Dalby_Dry,224.4727069,241.5467369,246.3529283,256.668301
17931,Dalby_Wet,532.1738696,555.3287263,488.2915632,549.1592154
17931,Emerald_Dry,146.1331148,154.700991,162.0136644,152.2805432
17931,Emerald_Wet,534.2503826,538.1740026,521.2224167,508.8338493
17932,Dalby_Dry,199.5824297,188.9774307,226.0713649,178.6792049
17932,Dalby_Wet,534.6808069,534.3835047,509.6835666,491.1427655
17932,Emerald_Dry,127.6001988,128.9087035,90.22883261,95.93451109
17932,Emerald_Wet,556.1774121,553.0517214,586.9883869,591.0523239
17933,Dalby_Dry,179.9471902,184.6460985,153.7609018,191.4744074
17933,Dalby_Wet,533.2324611,522.140536,511.0521645,535.8616353
17933,Emerald_Dry,106.7525064,103.7942,99.86160482,81.86571126
17933,Emerald_Wet,559.6512552,558.6605408,555.7487299,557.1544061
17934,Dalby_Dry,226.8742602,257.2812259,228.8755134,199.7338586
17934,Dalby_Wet,525.2061587,508.2556667,550.6576226,538.243941
17934,Emerald_Dry,159.2800696,151.1629384,144.3652693,155.1546659
17934,Emerald_Wet,506.5546922,504.0771433,524.3012862,460.5524214
17935,Dalby_Dry,199.1313916,189.5608522,239.5036416,125.0267234
17935,Dalby_Wet,524.5855646,530.08667,532.9035346,551.198844
17935,Emerald_Dry,119.4832557,113.424884,116.6612089,132.2294208
17935,Emerald_Wet,543.7667863,550.8832214,561.6461565,535.9500809
17936,Dalby_Dry,245.2279251,251.8728891,237.7525395,259.8949712
17936,Dalby_Wet,537.1775016,531.7928288,555.2384593,483.9945974
17936,Emerald_Dry,176.3298131,168.1515852,197.3564825,189.1224309
17936,Emerald_Wet,515.3533765,514.2213826,525.1808749,495.4281847
17937,Dalby_Dry,245.1288093,264.1023708,207.6316125,224.608434
17937,Dalby_Wet,541.1234463,560.3586936,577.9492285,573.1275094
17937,Emerald_Dry,174.5313474,142.6307448,175.7505627,171.434289
17937,Emerald_Wet,516.8631407,523.1505176,536.8257332,476.2313266
17938,Dalby_Dry,207.8849751,191.71821,213.0952522,162.6689291
17938,Dalby_Wet,528.9531841,526.142735,536.6582857,522.7263585
17938,Emerald_Dry,133.6030958,127.7731254,170.9967677,116.0062675
17938,Emerald_Wet,555.8856864,562.2287325,532.6901766,539.0100704
17939,Dalby_Dry,215.0379321,214.7718062,227.0097362,245.7153101
17939,Dalby_Wet,538.0700374,522.2541338,553.494297,537.6544945
17939,Emerald_Dry,145.7266444,136.0164515,160.6197372,138.3454664
17939,Emerald_Wet,542.5791273,538.1976539,552.1979271,549.4769759
17940,Dalby_Dry,181.0711587,167.9207715,198.9500151,224.1860578
17940,Dalby_Wet,519.7383328,506.7913219,550.3633259,491.5777206
17940,Emerald_Dry,111.4030742,88.45778734,103.528938,155.8596884
17940,Emerald_Wet,536.605865,543.9596478,503.5007418,545.6103022
17941,Dalby_Dry,207.9342002,212.5092998,199.8063966,228.1819557
17941,Dalby_Wet,528.015717,532.8938042,529.2494079,577.9315186
17941,Emerald_Dry,133.4568131,148.6671105,149.2875383,143.5128644
17941,Emerald_Wet,551.5063303,563.9857628,579.0946779,558.5218611
17942,Dalby_Dry,182.0143487,166.9540186,195.2342748,208.6722761
17942,Dalby_Wet,515.5349667,518.4224572,550.2601484,567.395304
17942,Emerald_Dry,113.7706535,111.5834432,107.5336398,155.5387224
17942,Emerald_Wet,536.1775751,543.1710929,530.7347728,504.6944291
17943,Dalby_Dry,185.5682182,159.1972519,174.2590267,208.3543547
17943,Dalby_Wet,536.2785112,529.3415544,570.9235183,490.5923601
17943,Emerald_Dry,109.4736169,99.58979994,100.2277218,130.8703519
17943,Emerald_Wet,556.5464785,561.5352439,566.7722129,578.2647997
17944,Dalby_Dry,215.3321568,223.6559596,217.0007163,265.92835
17944,Dalby_Wet,538.9024074,539.9960812,551.3777928,550.950894
17944,Emerald_Dry,138.3061147,137.8027362,150.5348571,150.1395652
17944,Emerald_Wet,550.5496833,544.38004,578.2178518,581.5213759
17945,Dalby_Dry,156.5417067,156.7927066,112.0098704,212.7299331
17945,Dalby_Wet,500.102175,496.2263185,504.2495062,503.6945
17945,Emerald_Dry,102.560359,95.34676272,75.14571479,68.87982309
17945,Emerald_Wet,527.4154186,533.8781388,535.3045344,501.3478168
17946,Dalby_Dry,198.5914572,179.6464731,184.0175792,153.8154873
17946,Dalby_Wet,539.5181543,525.4783959,543.8722534,581.0465881
17946,Emerald_Dry,113.6236118,123.8992577,139.5953209,123.7765708
17946,Emerald_Wet,564.5563388,551.8070133,566.5570513,546.238765
17947,Dalby_Dry,261.6627406,247.7784757,265.0836227,343.1816127
17947,Dalby_Wet,502.4652543,507.6514766,469.9430149,513.1560074
17947,Emerald_Dry,199.6646932,194.8991945,196.9237262,165.2502893
17947,Emerald_Wet,465.8447648,450.3765013,485.0746644,447.4601024
17948,Dalby_Dry,261.6911193,273.3136165,286.284621,279.7791006
17948,Dalby_Wet,510.5139222,513.6693005,525.4048285,489.9384888
17948,Emerald_Dry,195.860212,175.3883645,161.0263675,202.9957707
17948,Emerald_Wet,483.8474459,485.6152451,492.9871981,474.5624474
17949,Dalby_Dry,205.2118479,212.746837,216.5919204,152.6472735
17949,Dalby_Wet,541.9464232,564.2732436,543.6619544,495.0272634
17949,Emerald_Dry,125.9533368,126.9502031,123.9966082,124.2336992
17949,Emerald_Wet,553.358033,559.0980142,558.8119851,563.9773617
17950,Dalby_Dry,221.4421309,213.7688636,202.5390165,201.8517231
17950,Dalby_Wet,542.915083,525.9268515,550.7119841,561.2829382
17950,Emerald_Dry,139.3690338,138.9390228,136.8199484,170.8365619
17950,Emerald_Wet,558.1995153,562.7304361,566.6272216,566.324986
17951,Dalby_Dry,231.89761,240.3753437,223.9336696,167.3432751
17951,Dalby_Wet,540.9632822,553.4817578,545.7927131,523.7032642
17951,Emerald_Dry,153.7672094,147.8655144,117.5756122,189.9739838
17951,Emerald_Wet,538.333953,529.7827418,566.7161406,576.2951167
17952,Dalby_Dry,269.1495212,263.1609394,251.9087047,278.2041434
17952,Dalby_Wet,493.7684891,486.9826939,538.7795573,478.154755
17952,Emerald_Dry,213.2424321,213.9069496,189.2908602,142.2859813
17952,Emerald_Wet,462.7230277,472.0478777,501.5232283,495.8481942
17953,Dalby_Dry,245.0686719,258.3143844,214.9393706,211.9970143
17953,Dalby_Wet,538.8848021,542.5767073,523.6945835,551.4398968
17953,Emerald_Dry,175.7383883,172.1743346,134.0259294,215.2338267
17953,Emerald_Wet,514.1329579,526.9861436,510.0375039,516.1677756
17954,Dalby_Dry,180.6824069,167.8982495,187.9570313,194.8506416
17954,Dalby_Wet,528.5217942,525.0277269,550.8224168,525.8621646
17954,Emerald_Dry,109.0604651,115.2127415,111.7173085,168.983731
17954,Emerald_Wet,536.6973566,537.8236613,565.5107698,536.9090816
17955,Dalby_Dry,267.2482735,280.9762745,250.4014309,220.3829673
17955,Dalby_Wet,512.852155,523.5285877,517.8124949,537.1575951
17955,Emerald_Dry,218.1540228,206.2847009,217.6498293,220.9351712
17955,Emerald_Wet,485.1639607,481.062105,470.2462968,420.101874
17956,Dalby_Dry,206.1431342,201.9236604,197.8539111,234.7735788
17956,Dalby_Wet,534.4277734,530.4372731,530.493109,542.8082486
17956,Emerald_Dry,132.9512372,136.2835365,127.7650648,105.7665656
17956,Emerald_Wet,551.978928,547.3332317,537.5193355,493.8113514
17957,Dalby_Dry,261.6925885,280.2689745,256.041729,262.7378496
17957,Dalby_Wet,512.1820578,503.3298119,520.4709035,555.6469401
17957,Emerald_Dry,205.6587596,212.2534794,181.0015138,209.1052685
17957,Emerald_Wet,475.2769541,484.1019104,497.204633,428.9837416
17958,Dalby_Dry,143.3328333,144.1494453,154.7540335,147.74792
17958,Dalby_Wet,507.5095879,517.4398281,488.7358067,561.3608215
17958,Emerald_Dry,103.7811064,113.1899764,81.10003495,124.0832031
17958,Emerald_Wet,531.5843445,516.0774311,500.2154567,536.5803765
17959,Dalby_Dry,224.3607141,221.3774285,226.3810628,222.7335634
17959,Dalby_Wet,535.3618349,532.9354599,549.4415118,543.8316389
17959,Emerald_Dry,144.6097641,155.4233613,150.8717586,157.6879321
17959,Emerald_Wet,541.8788252,543.0600749,550.9120293,553.8899943
17960,Dalby_Dry,154.9531877,160.2940708,149.7035321,166.9378914
17960,Dalby_Wet,521.3174851,540.2160922,504.4865385,583.8092901
17960,Emerald_Dry,98.07670612,93.94371342,100.0291757,100.4241742
17960,Emerald_Wet,530.2495744,539.7654111,539.194554,539.4541279
17961,Dalby_Dry,161.9324075,156.0349988,171.6272298,227.2758145
17961,Dalby_Wet,518.7770898,507.695993,508.7868978,526.5861988
17961,Emerald_Dry,104.7306358,112.254003,136.1687501,124.0828876
17961,Emerald_Wet,529.4376007,524.5868469,509.4967922,563.6045562
17962,Dalby_Dry,161.5761988,143.4009294,102.626168,130.0247005
17962,Dalby_Wet,520.8282579,516.2482645,524.1806436,540.557012
17962,Emerald_Dry,104.4207874,113.3163393,94.93606228,122.0608351
17962,Emerald_Wet,523.4588686,522.3249858,524.1475349,508.4692139
17963,Dalby_Dry,197.9494067,206.3758287,170.9344543,217.6460894
17963,Dalby_Wet,542.4779895,537.4602058,535.9070508,541.3638161
17963,Emerald_Dry,116.3786019,117.0051588,78.8660809,140.1163922
17963,Emerald_Wet,565.5688364,565.2031706,568.0454275,554.899222
17964,Dalby_Dry,205.9965194,203.2581444,197.270996,160.6132529
17964,Dalby_Wet,533.7434728,545.8307749,518.0139144,528.0065513
17964,Emerald_Dry,133.6445109,139.695514,150.5432781,170.8904387
17964,Emerald_Wet,548.6767121,554.7351445,501.576038,486.7528801
17965,Dalby_Dry,224.8521458,228.3583035,217.514948,303.4813476
17965,Dalby_Wet,536.3840655,529.7979919,552.6683757,506.9714326
17965,Emerald_Dry,151.8943971,139.4088346,149.4384798,144.9587112
17965,Emerald_Wet,539.436701,521.0544051,537.6272115,579.596956
17966,Dalby_Dry,166.2065714,173.7265124,182.6912593,210.9688886
17966,Dalby_Wet,527.7890757,530.1069232,479.1572751,509.6081222
17966,Emerald_Dry,101.6357198,88.6912512,99.72096999,107.9934223
17966,Emerald_Wet,561.6458793,558.3882049,570.5294689,584.4489394
17967,Dalby_Dry,205.7932745,212.7793493,178.1404362,205.1800172
17967,Dalby_Wet,542.6554505,538.1978216,557.9216635,501.099237
17967,Emerald_Dry,130.2363376,139.0489071,104.4431751,112.9678654
17967,Emerald_Wet,556.6055935,572.3216369,542.5648419,501.003179
17968,Dalby_Dry,199.156488,206.904434,258.721593,225.4763466
17968,Dalby_Wet,535.9344938,527.0102741,557.3609591,528.2965868
17968,Emerald_Dry,121.7606765,128.9995148,144.398744,104.5137437
17968,Emerald_Wet,559.754865,555.1560502,574.9718828,555.9799648
17969,Dalby_Dry,166.6147819,177.49809,167.8143409,199.8740586
17969,Dalby_Wet,532.5617468,534.528485,531.5456615,566.3228604
17969,Emerald_Dry,103.1920628,103.5994342,107.0034229,70.80838578
17969,Emerald_Wet,544.4895992,534.9794199,523.6823622,562.48247
17970,Dalby_Dry,198.9056294,198.030524,190.169893,169.0515839
17970,Dalby_Wet,539.8489314,539.2771171,525.7553166,527.8355349
17970,Emerald_Dry,117.3661157,118.5820663,130.4217331,130.0245312
17970,Emerald_Wet,563.8173722,570.3430188,539.7554023,643.9418634
17971,Dalby_Dry,199.1478099,203.9253504,208.4416467,199.4285137
17971,Dalby_Wet,536.41618,521.6755044,504.0990031,498.8187253
17971,Emerald_Dry,121.9299743,111.9742642,88.35729213,141.1821221
17971,Emerald_Wet,560.0173404,546.2461367,558.0624597,558.7400933
17972,Dalby_Dry,274.6627164,282.5224909,278.8653636,309.4716557
17972,Dalby_Wet,511.5466177,490.8762243,515.280363,527.587745
17972,Emerald_Dry,219.9455288,205.9491159,241.1917758,223.8352634
17972,Emerald_Wet,483.2248842,499.8036008,477.0627066,510.9927473
17973,Dalby_Dry,161.9681982,149.7127903,169.7051457,208.9505092
17973,Dalby_Wet,516.8480155,510.8750003,516.7245997,555.7410708
17973,Emerald_Dry,105.0163873,97.56566314,142.4010939,61.72680702
17973,Emerald_Wet,525.3039021,536.9155371,499.1469782,515.2852423
17974,Dalby_Dry,166.0204329,153.9196242,178.7843724,162.2640525
17974,Dalby_Wet,527.615267,525.6390787,518.1811905,503.9276606
17974,Emerald_Dry,101.6720905,97.08230102,118.0821884,118.1203588
17974,Emerald_Wet,543.6049304,539.9413327,547.561685,555.5541588
17975,Dalby_Dry,172.7635054,169.0408551,182.9300298,194.6280514
17975,Dalby_Wet,528.2263919,540.5540641,507.3136848,591.2463268
17975,Emerald_Dry,108.7988599,99.78820504,99.54156631,75.88306692
17975,Emerald_Wet,540.0475359,538.5532388,536.8693035,489.4986903
17976,Dalby_Dry,212.5529588,221.2107614,230.2560075,236.5482756
17976,Dalby_Wet,543.5550721,543.7333625,586.8712642,500.4099783
17976,Emerald_Dry,135.1718069,143.0845273,142.9851242,131.6392999
17976,Emerald_Wet,563.7913337,560.2512025,554.0765572,530.212652
17977,Dalby_Dry,187.4816781,192.8179017,205.2166521,125.220954
17977,Dalby_Wet,529.8945987,528.9154451,510.4489264,554.8262632
17977,Emerald_Dry,117.7512318,109.0138051,124.3869705,111.8798987
17977,Emerald_Wet,523.7783183,515.5652899,516.7702051,535.4664429
17978,Dalby_Dry,185.6711241,202.0074007,179.1487285,161.6325248
17978,Dalby_Wet,535.7795003,517.9676945,516.375097,554.2760131
17978,Emerald_Dry,111.8205593,133.7831684,85.07829136,139.0756037
17978,Emerald_Wet,554.1857754,549.7786029,552.5710637,590.0789168
17979,Dalby_Dry,191.521198,177.9348118,168.8039526,129.9448759
17979,Dalby_Wet,526.3361363,517.6173016,498.2558016,534.117745
17979,Emerald_Dry,109.5622552,105.6786136,142.4842572,141.2853622
17979,Emerald_Wet,570.76178,571.57335,545.00829,546.3313751
17980,Dalby_Dry,165.5770044,172.5564075,128.3957454,180.4524244
17980,Dalby_Wet,531.9177079,518.7798847,525.8469982,521.0831555
17980,Emerald_Dry,101.613597,95.99690259,114.1465391,43.4928014
17980,Emerald_Wet,544.3484027,547.425099,550.92728,537.3341583
17981,Dalby_Dry,199.7300928,192.3919717,199.0116999,212.7189266
17981,Dalby_Wet,534.0694368,544.9561947,532.0295678,557.5455908
17981,Emerald_Dry,123.6395715,111.1072186,95.89300456,131.9854007
17981,Emerald_Wet,550.4652582,564.9767442,589.7000639,545.3945037
17982,Dalby_Dry,233.4352297,230.1424682,217.5278827,233.6963944
17982,Dalby_Wet,536.9736869,537.3088639,523.2849291,610.4830024
17982,Emerald_Dry,164.8179122,177.7492595,164.0927239,154.0476691
17982,Emerald_Wet,519.4489852,522.087348,507.3519719,499.7587268
17983,Dalby_Dry,199.1225731,201.615032,213.7865113,164.8091418
17983,Dalby_Wet,536.8852453,552.5824015,502.5314718,516.8554558
17983,Emerald_Dry,118.37846,124.7107789,97.50654175,136.5314052
17983,Emerald_Wet,559.8408827,553.9414075,589.4175574,626.938719
17984,Dalby_Dry,181.0013837,174.4656688,195.2922819,231.591607
17984,Dalby_Wet,517.4863076,526.6230301,495.561985,517.8579318
17984,Emerald_Dry,110.6508677,90.94071179,120.7897387,93.11777918
17984,Emerald_Wet,534.8616631,554.6991895,539.367054,501.4458069
17985,Dalby_Dry,233.647504,223.5012971,276.8722713,247.8822746
17985,Dalby_Wet,531.3950991,536.1122724,548.3221406,560.8319792
17985,Emerald_Dry,160.8346952,170.9122244,138.3088168,179.6386209
17985,Emerald_Wet,518.7541621,524.7970118,487.2300901,547.2380244
17986,Dalby_Dry,160.9893078,173.9715645,145.6800381,138.5574415
17986,Dalby_Wet,518.0507879,499.688277,553.8649077,547.646827
17986,Emerald_Dry,99.19974611,87.20755667,107.9808505,141.3880182
17986,Emerald_Wet,551.956318,531.9578971,568.6781159,543.0304332
17987,Dalby_Dry,154.2725638,157.7618631,152.199261,154.9682004
17987,Dalby_Wet,507.0200049,501.6256628,534.1346823,523.2764385
17987,Emerald_Dry,99.79330148,81.97755616,104.1936347,130.6489051
17987,Emerald_Wet,516.9934065,517.9220576,506.5856524,522.4650384
17988,Dalby_Dry,205.9641019,205.3853433,235.5809813,233.0874142
17988,Dalby_Wet,544.0996511,545.2743027,567.6040754,560.08414
17988,Emerald_Dry,129.6858835,145.3170708,185.5270755,86.52793071
17988,Emerald_Wet,557.1533634,574.3401962,568.9801394,554.2637783
17989,Dalby_Dry,208.8059734,217.3994109,247.1010872,255.6639357
17989,Dalby_Wet,534.2450474,536.5223541,545.7531892,555.5764514
17989,Emerald_Dry,134.3271555,132.6631593,115.6703241,176.3650029
17989,Emerald_Wet,539.1980741,540.32915,548.4665841,564.1918921
17990,Dalby_Dry,208.2937312,194.8533893,237.7328185,194.0204511
17990,Dalby_Wet,525.2294961,534.4526652,523.565959,501.7674891
17990,Emerald_Dry,141.6247784,145.5410921,156.7772364,100.9052126
17990,Emerald_Wet,536.5490472,531.7624083,586.7064964,533.0190999
17991,Dalby_Dry,243.9852825,255.6059403,231.381363,242.620341
17991,Dalby_Wet,537.8948871,526.6081816,539.6430455,539.2952047
17991,Emerald_Dry,166.1015617,152.2943361,151.8996834,170.7448344
17991,Emerald_Wet,520.8447231,528.7402229,524.3350758,476.8888192
17992,Dalby_Dry,185.6941522,183.580681,206.433777,170.9859986
17992,Dalby_Wet,534.8980476,537.7083702,525.5271504,471.5850895
17992,Emerald_Dry,112.3768859,103.7072202,134.039078,102.3498204
17992,Emerald_Wet,551.9438442,551.7143278,539.0554752,616.8408587
17993,Dalby_Dry,224.195447,231.2254986,216.2215138,218.4416173
17993,Dalby_Wet,539.8921775,528.0080725,536.1753623,588.7811336
17993,Emerald_Dry,151.122488,143.6299042,150.9086026,103.1338525
17993,Emerald_Wet,519.3275294,513.5503078,512.9842056,530.0948263
17994,Dalby_Dry,165.4575346,175.2091912,173.1857981,135.2502635
17994,Dalby_Wet,533.5649444,507.0330541,530.6367184,543.7619742
17994,Emerald_Dry,101.8083505,97.63057888,104.0330148,166.0187229
17994,Emerald_Wet,545.1909595,565.236129,541.8345269,586.8473669
17995,Dalby_Dry,161.5761988,152.548434,197.6464166,178.0541985
17995,Dalby_Wet,520.8282579,493.597126,499.4766563,552.3308025
17995,Emerald_Dry,104.4207874,101.3224442,100.1979789,146.4972326
17995,Emerald_Wet,523.4588686,494.4682591,488.563364,513.9018262
17996,Dalby_Dry,132.3651253,135.1230275,133.3219736,153.5204591
17996,Dalby_Wet,495.4791776,511.6867649,516.4576544,494.5771205
17996,Emerald_Dry,105.6540135,91.27489332,146.8552905,71.41631437
17996,Emerald_Wet,526.2344174,539.6480552,521.4067199,557.1511107
17997,Dalby_Dry,139.1660493,125.4326093,141.3903295,176.7657786
17997,Dalby_Wet,492.6338935,495.012287,482.2473042,498.5921244
17997,Emerald_Dry,106.75655,97.85936766,80.23523141,131.447791
17997,Emerald_Wet,518.9644647,524.1734345,534.908124,555.9698909
17998,Dalby_Dry,165.5109789,166.4585146,130.4663222,183.5500675
17998,Dalby_Wet,532.1632022,538.6666943,552.8006153,519.6887775
17998,Emerald_Dry,104.5882954,111.8177329,108.1695267,124.366053
17998,Emerald_Wet,545.8591732,547.785475,551.4466185,548.0579827
17999,Dalby_Dry,161.2562684,161.2637859,174.8517611,180.4795035
17999,Dalby_Wet,518.9493699,513.291768,527.7358821,552.6210511
17999,Emerald_Dry,99.97542076,96.58704725,79.79076039,142.3371273
17999,Emerald_Wet,548.1932831,559.246037,567.6531231,529.358797
18000,Dalby_Dry,205.3817369,214.1070539,236.8671002,279.0803755
18000,Dalby_Wet,533.3654579,535.9308068,569.1962008,518.396932
18000,Emerald_Dry,127.8981524,141.283634,91.41833309,55.54308262
18000,Emerald_Wet,550.7390571,548.1266156,519.1020725,571.141627
18001,Dalby_Dry,244.0117092,234.4718961,222.3166824,247.2814682
18001,Dalby_Wet,536.808962,542.7212979,564.6551202,505.0600007
18001,Emerald_Dry,166.509515,170.8750947,178.5643113,248.9588301
18001,Emerald_Wet,519.572249,520.9948743,491.8431573,507.8206171
18002,Dalby_Dry,227.0850697,235.3165553,222.4194378,244.923505
18002,Dalby_Wet,528.2236115,526.6512569,534.3034241,551.1467551
18002,Emerald_Dry,146.8209444,124.4832165,171.4720205,169.340211
18002,Emerald_Wet,534.9048123,549.2020409,521.083366,599.8717622
18003,Dalby_Dry,161.9472223,163.6856519,148.8629703,149.081127
18003,Dalby_Wet,517.6505107,512.3450897,530.3269316,497.8028572
18003,Emerald_Dry,103.6452292,108.7120827,81.98083548,126.8761009
18003,Emerald_Wet,547.8935219,544.3474405,557.6424341,573.1553646
18004,Dalby_Dry,180.2243317,174.8768719,167.1987961,205.848391
18004,Dalby_Wet,521.7073416,531.6142609,509.5517262,545.3607995
18004,Emerald_Dry,106.0932226,111.8701973,118.1524769,142.4651072
18004,Emerald_Wet,537.1286443,537.8924324,555.236237,522.2608585
18005,Dalby_Dry,197.9099021,214.4675956,213.6573801,176.9795634
18005,Dalby_Wet,531.9928943,534.4700308,571.6154297,518.660304
18005,Emerald_Dry,116.5066679,120.24471,144.5472052,152.2051533
18005,Emerald_Wet,562.3108914,570.7425537,571.4016851,558.3124268
18006,Dalby_Dry,213.4177738,217.2075538,196.5543762,201.206087
18006,Dalby_Wet,541.1569857,553.1799793,566.4814877,527.3556596
18006,Emerald_Dry,141.8359392,139.3749812,154.7667944,172.5405489
18006,Emerald_Wet,557.7477284,572.5460667,550.3801863,556.1265679
18007,Dalby_Dry,154.8201797,154.8747563,167.799992,153.4355338
18007,Dalby_Wet,521.6363802,527.9679293,504.5366803,498.67445
18007,Emerald_Dry,101.3534087,106.0508773,85.81579285,87.24461495
18007,Emerald_Wet,526.6152904,520.6640671,572.760728,467.0183269
18008,Dalby_Dry,162.6228699,158.9811013,165.7914828,122.7885845
18008,Dalby_Wet,517.0561934,505.8339959,492.4107124,469.5519224
18008,Emerald_Dry,104.9059704,100.0585263,100.2559955,124.170334
18008,Emerald_Wet,520.0516678,505.7763568,519.4104469,512.0338478
18009,Dalby_Dry,215.6863778,219.3551537,212.6613859,210.9683885
18009,Dalby_Wet,538.9775032,540.3646963,528.0115339,559.8529838
18009,Emerald_Dry,139.7597116,138.9999227,144.3154765,117.6548282
18009,Emerald_Wet,546.5910992,545.3997957,546.0801153,515.8228484
18010,Dalby_Dry,207.8849751,225.8173786,198.3022879,269.9931954
18010,Dalby_Wet,528.9531841,522.8426404,558.5460537,538.1726255
18010,Emerald_Dry,133.6030958,126.0888968,127.0634086,122.467289
18010,Emerald_Wet,555.8856864,550.0579438,546.2877132,549.2722502
